t,mass_g,v_wind,bat_pct,e_kalan,e_pnr,i_est,v_term,dist_m,pnr_flag,run,senaryo,gecikme_ms
0.0,2500.0,0.0,99.47,9.45,0.115,14.287,10.995,0.0,0,1,"Scenario A — Baseline
(Static mass, No wind)",
1.0,2500.0,0.0,98.95,9.4,0.115,14.287,10.994,5.0,0,1,"Scenario A — Baseline
(Static mass, No wind)",
2.0,2500.0,0.0,98.42,9.35,0.115,14.287,10.994,10.0,0,1,"Scenario A — Baseline
(Static mass, No wind)",
3.0,2500.0,0.0,97.89,9.3,0.1725,14.287,10.992,15.0,0,1,"Scenario A — Baseline
(Static mass, No wind)",
4.0,2500.0,0.0,97.37,9.25,0.23,14.287,10.989,20.0,0,1,"Scenario A — Baseline
(Static mass, No wind)",
5.0,2500.0,0.0,96.84,9.2,0.2875,14.287,10.986,25.0,0,1,"Scenario A — Baseline
(Static mass, No wind)",
6.0,2500.0,0.0,96.32,9.15,0.345,14.287,10.983,30.0,0,1,"Scenario A — Baseline
(Static mass, No wind)",
7.0,2500.0,0.0,95.79,9.1,0.4025,14.287,10.978,35.0,0,1,"Scenario A — Baseline
(Static mass, No wind)",
8.0,2500.0,0.0,95.26,9.05,0.46,14.287,10.973,40.0,0,1,"Scenario A — Baseline
(Static mass, No wind)",
9.0,2500.0,0.0,94.74,9.0,0.5175,14.287,10.968,45.0,0,1,"Scenario A — Baseline
(Static mass, No wind)",
10.0,2500.0,0.0,94.21,8.95,0.575,14.287,10.962,50.0,0,1,"Scenario A — Baseline
(Static mass, No wind)",
11.0,2500.0,0.0,93.68,8.8999,0.6326,14.287,10.955,55.0,0,1,"Scenario A — Baseline
(Static mass, No wind)",
12.0,2500.0,0.0,93.16,8.8499,0.6901,14.287,10.948,60.0,0,1,"Scenario A — Baseline
(Static mass, No wind)",
13.0,2500.0,0.0,92.63,8.7999,0.7476,14.287,10.94,65.0,0,1,"Scenario A — Baseline
(Static mass, No wind)",
14.0,2500.0,0.0,92.1,8.7499,0.8051,14.287,10.932,70.0,0,1,"Scenario A — Baseline
(Static mass, No wind)",
15.0,2500.0,0.0,91.58,8.6999,0.8626,14.287,10.924,75.0,0,1,"Scenario A — Baseline
(Static mass, No wind)",
16.0,2500.0,0.0,91.05,8.6499,0.9201,14.287,10.915,80.0,0,1,"Scenario A — Baseline
(Static mass, No wind)",
17.0,2500.0,0.0,90.53,8.5999,0.9776,14.287,10.905,85.0,0,1,"Scenario A — Baseline
(Static mass, No wind)",
18.0,2500.0,0.0,90.0,8.5499,1.0351,14.287,10.895,90.0,0,1,"Scenario A — Baseline
(Static mass, No wind)",
19.0,2500.0,0.0,89.47,8.4999,1.0926,14.287,10.885,95.0,0,1,"Scenario A — Baseline
(Static mass, No wind)",
20.0,2500.0,0.0,88.95,8.4499,1.1501,14.287,10.875,100.0,0,1,"Scenario A — Baseline
(Static mass, No wind)",
21.0,2500.0,0.0,88.42,8.3999,1.2076,14.287,10.864,105.0,0,1,"Scenario A — Baseline
(Static mass, No wind)",
22.0,2500.0,0.0,87.89,8.3499,1.2651,14.287,10.853,110.0,0,1,"Scenario A — Baseline
(Static mass, No wind)",
23.0,2500.0,0.0,87.37,8.2999,1.3226,14.287,10.841,115.0,0,1,"Scenario A — Baseline
(Static mass, No wind)",
24.0,2500.0,0.0,86.84,8.2499,1.3801,14.287,10.829,120.0,0,1,"Scenario A — Baseline
(Static mass, No wind)",
25.0,2500.0,0.0,86.31,8.1999,1.4376,14.287,10.817,125.0,0,1,"Scenario A — Baseline
(Static mass, No wind)",
26.0,2500.0,0.0,85.79,8.1499,1.4951,14.287,10.805,130.0,0,1,"Scenario A — Baseline
(Static mass, No wind)",
27.0,2500.0,0.0,85.26,8.0999,1.5526,14.287,10.793,135.0,0,1,"Scenario A — Baseline
(Static mass, No wind)",
28.0,2500.0,0.0,84.74,8.0499,1.6101,14.287,10.78,140.0,0,1,"Scenario A — Baseline
(Static mass, No wind)",
29.0,2500.0,0.0,84.21,7.9999,1.6676,14.287,10.767,145.0,0,1,"Scenario A — Baseline
(Static mass, No wind)",
30.0,2500.0,0.0,83.68,7.9499,1.7251,14.287,10.754,150.0,0,1,"Scenario A — Baseline
(Static mass, No wind)",
31.0,2500.0,0.0,83.16,7.8999,1.7827,14.287,10.741,155.0,0,1,"Scenario A — Baseline
(Static mass, No wind)",
32.0,2500.0,0.0,82.63,7.8499,1.8402,14.287,10.727,160.0,0,1,"Scenario A — Baseline
(Static mass, No wind)",
33.0,2500.0,0.0,82.1,7.7999,1.8977,14.287,10.714,165.0,0,1,"Scenario A — Baseline
(Static mass, No wind)",
34.0,2500.0,0.0,81.58,7.7499,1.9552,14.287,10.7,170.0,0,1,"Scenario A — Baseline
(Static mass, No wind)",
35.0,2500.0,0.0,81.05,7.6998,2.0127,14.287,10.687,175.0,0,1,"Scenario A — Baseline
(Static mass, No wind)",
36.0,2500.0,0.0,80.52,7.6498,2.0702,14.287,10.673,180.0,0,1,"Scenario A — Baseline
(Static mass, No wind)",
37.0,2500.0,0.0,80.0,7.5998,2.1277,14.287,10.659,185.0,0,1,"Scenario A — Baseline
(Static mass, No wind)",
38.0,2500.0,0.0,79.47,7.5498,2.1852,14.287,10.645,190.0,0,1,"Scenario A — Baseline
(Static mass, No wind)",
39.0,2500.0,0.0,78.95,7.4998,2.2427,14.287,10.631,195.0,0,1,"Scenario A — Baseline
(Static mass, No wind)",
40.0,2500.0,0.0,78.42,7.4498,2.3002,14.287,10.617,200.0,0,1,"Scenario A — Baseline
(Static mass, No wind)",
41.0,2500.0,0.0,77.89,7.3998,2.3577,14.287,10.603,205.0,0,1,"Scenario A — Baseline
(Static mass, No wind)",
42.0,2500.0,0.0,77.37,7.3498,2.4152,14.287,10.589,210.0,0,1,"Scenario A — Baseline
(Static mass, No wind)",
43.0,2500.0,0.0,76.84,7.2998,2.4727,14.287,10.575,215.0,0,1,"Scenario A — Baseline
(Static mass, No wind)",
44.0,2500.0,0.0,76.31,7.2498,2.5302,14.287,10.561,220.0,0,1,"Scenario A — Baseline
(Static mass, No wind)",
45.0,2500.0,0.0,75.79,7.1998,2.5877,14.287,10.547,225.0,0,1,"Scenario A — Baseline
(Static mass, No wind)",
46.0,2500.0,0.0,75.26,7.1498,2.6452,14.287,10.533,230.0,0,1,"Scenario A — Baseline
(Static mass, No wind)",
47.0,2500.0,0.0,74.73,7.0998,2.7027,14.287,10.519,235.0,0,1,"Scenario A — Baseline
(Static mass, No wind)",
48.0,2500.0,0.0,74.21,7.0498,2.7602,14.287,10.506,240.0,0,1,"Scenario A — Baseline
(Static mass, No wind)",
49.0,2500.0,0.0,73.68,6.9998,2.8177,14.287,10.492,245.0,0,1,"Scenario A — Baseline
(Static mass, No wind)",
50.0,2500.0,0.0,73.16,6.9498,2.8752,14.287,10.478,250.0,0,1,"Scenario A — Baseline
(Static mass, No wind)",
51.0,2500.0,0.0,72.63,6.8998,2.9328,14.287,10.464,255.0,0,1,"Scenario A — Baseline
(Static mass, No wind)",
52.0,2500.0,0.0,72.1,6.8498,2.9903,14.287,10.451,260.0,0,1,"Scenario A — Baseline
(Static mass, No wind)",
53.0,2500.0,0.0,71.58,6.7998,3.0478,14.287,10.437,265.0,0,1,"Scenario A — Baseline
(Static mass, No wind)",
54.0,2500.0,0.0,71.05,6.7498,3.1053,14.287,10.424,270.0,0,1,"Scenario A — Baseline
(Static mass, No wind)",
55.0,2500.0,0.0,70.52,6.6998,3.1628,14.287,10.411,275.0,0,1,"Scenario A — Baseline
(Static mass, No wind)",
56.0,2500.0,0.0,70.0,6.6498,3.2203,14.287,10.397,280.0,0,1,"Scenario A — Baseline
(Static mass, No wind)",
57.0,2500.0,0.0,69.47,6.5998,3.2778,14.287,10.384,285.0,0,1,"Scenario A — Baseline
(Static mass, No wind)",
58.0,2500.0,0.0,68.94,6.5497,3.3353,14.287,10.371,290.0,0,1,"Scenario A — Baseline
(Static mass, No wind)",
59.0,2500.0,0.0,68.42,6.4997,3.3928,14.287,10.359,295.0,0,1,"Scenario A — Baseline
(Static mass, No wind)",
60.0,2500.0,0.0,67.89,6.4497,3.4503,14.287,10.346,300.0,0,1,"Scenario A — Baseline
(Static mass, No wind)",
61.0,2500.0,0.0,67.37,6.3997,3.5078,14.287,10.333,305.0,0,1,"Scenario A — Baseline
(Static mass, No wind)",
62.0,2500.0,0.0,66.84,6.3497,3.5653,14.287,10.321,310.0,0,1,"Scenario A — Baseline
(Static mass, No wind)",
63.0,2500.0,0.0,66.31,6.2997,3.6228,14.287,10.309,315.0,0,1,"Scenario A — Baseline
(Static mass, No wind)",
64.0,2500.0,0.0,65.79,6.2497,3.6803,14.287,10.297,320.0,0,1,"Scenario A — Baseline
(Static mass, No wind)",
65.0,2500.0,0.0,65.26,6.1997,3.7378,14.287,10.285,325.0,0,1,"Scenario A — Baseline
(Static mass, No wind)",
66.0,2500.0,0.0,64.73,6.1497,3.7953,14.287,10.273,330.0,0,1,"Scenario A — Baseline
(Static mass, No wind)",
67.0,2500.0,0.0,64.21,6.0997,3.8528,14.287,10.261,335.0,0,1,"Scenario A — Baseline
(Static mass, No wind)",
68.0,2500.0,0.0,63.68,6.0497,3.9103,14.287,10.249,340.0,0,1,"Scenario A — Baseline
(Static mass, No wind)",
69.0,2500.0,0.0,63.15,5.9997,3.9678,14.287,10.238,345.0,0,1,"Scenario A — Baseline
(Static mass, No wind)",
70.0,2500.0,0.0,62.63,5.9497,4.0253,14.287,10.227,350.0,0,1,"Scenario A — Baseline
(Static mass, No wind)",
71.0,2500.0,0.0,62.1,5.8997,4.0828,14.287,10.216,355.0,0,1,"Scenario A — Baseline
(Static mass, No wind)",
72.0,2500.0,0.0,61.58,5.8497,4.1404,14.287,10.205,360.0,0,1,"Scenario A — Baseline
(Static mass, No wind)",
73.0,2500.0,0.0,61.05,5.7997,4.1979,14.287,10.194,365.0,0,1,"Scenario A — Baseline
(Static mass, No wind)",
74.0,2500.0,0.0,60.52,5.7497,4.2554,14.287,10.183,370.0,0,1,"Scenario A — Baseline
(Static mass, No wind)",
75.0,2500.0,0.0,60.0,5.6997,4.3129,14.287,10.173,375.0,0,1,"Scenario A — Baseline
(Static mass, No wind)",
76.0,2500.0,0.0,59.47,5.6497,4.3704,14.287,10.162,380.0,0,1,"Scenario A — Baseline
(Static mass, No wind)",
77.0,2500.0,0.0,58.94,5.5997,4.4279,14.287,10.152,385.0,0,1,"Scenario A — Baseline
(Static mass, No wind)",
78.0,2500.0,0.0,58.42,5.5497,4.4854,14.287,10.142,390.0,0,1,"Scenario A — Baseline
(Static mass, No wind)",
79.0,2500.0,0.0,57.89,5.4997,4.5429,14.287,10.132,395.0,0,1,"Scenario A — Baseline
(Static mass, No wind)",
80.0,2500.0,0.0,57.36,5.4497,4.6004,14.287,10.122,400.0,0,1,"Scenario A — Baseline
(Static mass, No wind)",
81.0,2500.0,0.0,56.84,5.3996,4.6579,14.287,10.113,405.0,0,1,"Scenario A — Baseline
(Static mass, No wind)",
82.0,2500.0,0.0,56.31,5.3496,4.7154,14.287,10.103,410.0,0,1,"Scenario A — Baseline
(Static mass, No wind)",
83.0,2500.0,0.0,55.79,5.2996,4.7729,14.287,10.093,415.0,0,1,"Scenario A — Baseline
(Static mass, No wind)",
84.0,2500.0,0.0,55.26,5.2496,4.8304,14.287,10.084,420.0,0,1,"Scenario A — Baseline
(Static mass, No wind)",
85.0,2500.0,0.0,54.73,5.1996,4.8879,14.287,10.075,425.0,0,1,"Scenario A — Baseline
(Static mass, No wind)",
86.0,2500.0,0.0,54.21,5.1496,4.9454,14.287,10.066,430.0,0,1,"Scenario A — Baseline
(Static mass, No wind)",
87.0,2500.0,0.0,53.68,5.0996,5.0029,14.287,10.057,435.0,0,1,"Scenario A — Baseline
(Static mass, No wind)",
88.0,2500.0,0.0,53.15,5.0496,5.0604,14.287,10.048,440.0,1,1,"Scenario A — Baseline
(Static mass, No wind)",1000.0
0.0,2500.0,0.0,99.47,9.45,0.115,14.287,10.995,0.0,0,2,"Scenario A — Baseline
(Static mass, No wind)",
1.0,2500.0,0.0,98.95,9.4,0.115,14.287,10.994,5.0,0,2,"Scenario A — Baseline
(Static mass, No wind)",
2.0,2500.0,0.0,98.42,9.35,0.115,14.287,10.994,10.0,0,2,"Scenario A — Baseline
(Static mass, No wind)",
3.0,2500.0,0.0,97.89,9.3,0.1725,14.287,10.992,15.0,0,2,"Scenario A — Baseline
(Static mass, No wind)",
4.0,2500.0,0.0,97.37,9.25,0.23,14.287,10.989,20.0,0,2,"Scenario A — Baseline
(Static mass, No wind)",
5.0,2500.0,0.0,96.84,9.2,0.2875,14.287,10.986,25.0,0,2,"Scenario A — Baseline
(Static mass, No wind)",
6.0,2500.0,0.0,96.32,9.15,0.345,14.287,10.983,30.0,0,2,"Scenario A — Baseline
(Static mass, No wind)",
7.0,2500.0,0.0,95.79,9.1,0.4025,14.287,10.978,35.0,0,2,"Scenario A — Baseline
(Static mass, No wind)",
8.0,2500.0,0.0,95.26,9.05,0.46,14.287,10.973,40.0,0,2,"Scenario A — Baseline
(Static mass, No wind)",
9.0,2500.0,0.0,94.74,9.0,0.5175,14.287,10.968,45.0,0,2,"Scenario A — Baseline
(Static mass, No wind)",
10.0,2500.0,0.0,94.21,8.95,0.575,14.287,10.962,50.0,0,2,"Scenario A — Baseline
(Static mass, No wind)",
11.0,2500.0,0.0,93.68,8.8999,0.6326,14.287,10.955,55.0,0,2,"Scenario A — Baseline
(Static mass, No wind)",
12.0,2500.0,0.0,93.16,8.8499,0.6901,14.287,10.948,60.0,0,2,"Scenario A — Baseline
(Static mass, No wind)",
13.0,2500.0,0.0,92.63,8.7999,0.7476,14.287,10.94,65.0,0,2,"Scenario A — Baseline
(Static mass, No wind)",
14.0,2500.0,0.0,92.1,8.7499,0.8051,14.287,10.932,70.0,0,2,"Scenario A — Baseline
(Static mass, No wind)",
15.0,2500.0,0.0,91.58,8.6999,0.8626,14.287,10.924,75.0,0,2,"Scenario A — Baseline
(Static mass, No wind)",
16.0,2500.0,0.0,91.05,8.6499,0.9201,14.287,10.915,80.0,0,2,"Scenario A — Baseline
(Static mass, No wind)",
17.0,2500.0,0.0,90.53,8.5999,0.9776,14.287,10.905,85.0,0,2,"Scenario A — Baseline
(Static mass, No wind)",
18.0,2500.0,0.0,90.0,8.5499,1.0351,14.287,10.895,90.0,0,2,"Scenario A — Baseline
(Static mass, No wind)",
19.0,2500.0,0.0,89.47,8.4999,1.0926,14.287,10.885,95.0,0,2,"Scenario A — Baseline
(Static mass, No wind)",
20.0,2500.0,0.0,88.95,8.4499,1.1501,14.287,10.875,100.0,0,2,"Scenario A — Baseline
(Static mass, No wind)",
21.0,2500.0,0.0,88.42,8.3999,1.2076,14.287,10.864,105.0,0,2,"Scenario A — Baseline
(Static mass, No wind)",
22.0,2500.0,0.0,87.89,8.3499,1.2651,14.287,10.853,110.0,0,2,"Scenario A — Baseline
(Static mass, No wind)",
23.0,2500.0,0.0,87.37,8.2999,1.3226,14.287,10.841,115.0,0,2,"Scenario A — Baseline
(Static mass, No wind)",
24.0,2500.0,0.0,86.84,8.2499,1.3801,14.287,10.829,120.0,0,2,"Scenario A — Baseline
(Static mass, No wind)",
25.0,2500.0,0.0,86.31,8.1999,1.4376,14.287,10.817,125.0,0,2,"Scenario A — Baseline
(Static mass, No wind)",
26.0,2500.0,0.0,85.79,8.1499,1.4951,14.287,10.805,130.0,0,2,"Scenario A — Baseline
(Static mass, No wind)",
27.0,2500.0,0.0,85.26,8.0999,1.5526,14.287,10.793,135.0,0,2,"Scenario A — Baseline
(Static mass, No wind)",
28.0,2500.0,0.0,84.74,8.0499,1.6101,14.287,10.78,140.0,0,2,"Scenario A — Baseline
(Static mass, No wind)",
29.0,2500.0,0.0,84.21,7.9999,1.6676,14.287,10.767,145.0,0,2,"Scenario A — Baseline
(Static mass, No wind)",
30.0,2500.0,0.0,83.68,7.9499,1.7251,14.287,10.754,150.0,0,2,"Scenario A — Baseline
(Static mass, No wind)",
31.0,2500.0,0.0,83.16,7.8999,1.7827,14.287,10.741,155.0,0,2,"Scenario A — Baseline
(Static mass, No wind)",
32.0,2500.0,0.0,82.63,7.8499,1.8402,14.287,10.727,160.0,0,2,"Scenario A — Baseline
(Static mass, No wind)",
33.0,2500.0,0.0,82.1,7.7999,1.8977,14.287,10.714,165.0,0,2,"Scenario A — Baseline
(Static mass, No wind)",
34.0,2500.0,0.0,81.58,7.7499,1.9552,14.287,10.7,170.0,0,2,"Scenario A — Baseline
(Static mass, No wind)",
35.0,2500.0,0.0,81.05,7.6998,2.0127,14.287,10.687,175.0,0,2,"Scenario A — Baseline
(Static mass, No wind)",
36.0,2500.0,0.0,80.52,7.6498,2.0702,14.287,10.673,180.0,0,2,"Scenario A — Baseline
(Static mass, No wind)",
37.0,2500.0,0.0,80.0,7.5998,2.1277,14.287,10.659,185.0,0,2,"Scenario A — Baseline
(Static mass, No wind)",
38.0,2500.0,0.0,79.47,7.5498,2.1852,14.287,10.645,190.0,0,2,"Scenario A — Baseline
(Static mass, No wind)",
39.0,2500.0,0.0,78.95,7.4998,2.2427,14.287,10.631,195.0,0,2,"Scenario A — Baseline
(Static mass, No wind)",
40.0,2500.0,0.0,78.42,7.4498,2.3002,14.287,10.617,200.0,0,2,"Scenario A — Baseline
(Static mass, No wind)",
41.0,2500.0,0.0,77.89,7.3998,2.3577,14.287,10.603,205.0,0,2,"Scenario A — Baseline
(Static mass, No wind)",
42.0,2500.0,0.0,77.37,7.3498,2.4152,14.287,10.589,210.0,0,2,"Scenario A — Baseline
(Static mass, No wind)",
43.0,2500.0,0.0,76.84,7.2998,2.4727,14.287,10.575,215.0,0,2,"Scenario A — Baseline
(Static mass, No wind)",
44.0,2500.0,0.0,76.31,7.2498,2.5302,14.287,10.561,220.0,0,2,"Scenario A — Baseline
(Static mass, No wind)",
45.0,2500.0,0.0,75.79,7.1998,2.5877,14.287,10.547,225.0,0,2,"Scenario A — Baseline
(Static mass, No wind)",
46.0,2500.0,0.0,75.26,7.1498,2.6452,14.287,10.533,230.0,0,2,"Scenario A — Baseline
(Static mass, No wind)",
47.0,2500.0,0.0,74.73,7.0998,2.7027,14.287,10.519,235.0,0,2,"Scenario A — Baseline
(Static mass, No wind)",
48.0,2500.0,0.0,74.21,7.0498,2.7602,14.287,10.506,240.0,0,2,"Scenario A — Baseline
(Static mass, No wind)",
49.0,2500.0,0.0,73.68,6.9998,2.8177,14.287,10.492,245.0,0,2,"Scenario A — Baseline
(Static mass, No wind)",
50.0,2500.0,0.0,73.16,6.9498,2.8752,14.287,10.478,250.0,0,2,"Scenario A — Baseline
(Static mass, No wind)",
51.0,2500.0,0.0,72.63,6.8998,2.9328,14.287,10.464,255.0,0,2,"Scenario A — Baseline
(Static mass, No wind)",
52.0,2500.0,0.0,72.1,6.8498,2.9903,14.287,10.451,260.0,0,2,"Scenario A — Baseline
(Static mass, No wind)",
53.0,2500.0,0.0,71.58,6.7998,3.0478,14.287,10.437,265.0,0,2,"Scenario A — Baseline
(Static mass, No wind)",
54.0,2500.0,0.0,71.05,6.7498,3.1053,14.287,10.424,270.0,0,2,"Scenario A — Baseline
(Static mass, No wind)",
55.0,2500.0,0.0,70.52,6.6998,3.1628,14.287,10.411,275.0,0,2,"Scenario A — Baseline
(Static mass, No wind)",
56.0,2500.0,0.0,70.0,6.6498,3.2203,14.287,10.397,280.0,0,2,"Scenario A — Baseline
(Static mass, No wind)",
57.0,2500.0,0.0,69.47,6.5998,3.2778,14.287,10.384,285.0,0,2,"Scenario A — Baseline
(Static mass, No wind)",
58.0,2500.0,0.0,68.94,6.5497,3.3353,14.287,10.371,290.0,0,2,"Scenario A — Baseline
(Static mass, No wind)",
59.0,2500.0,0.0,68.42,6.4997,3.3928,14.287,10.359,295.0,0,2,"Scenario A — Baseline
(Static mass, No wind)",
60.0,2500.0,0.0,67.89,6.4497,3.4503,14.287,10.346,300.0,0,2,"Scenario A — Baseline
(Static mass, No wind)",
61.0,2500.0,0.0,67.37,6.3997,3.5078,14.287,10.333,305.0,0,2,"Scenario A — Baseline
(Static mass, No wind)",
62.0,2500.0,0.0,66.84,6.3497,3.5653,14.287,10.321,310.0,0,2,"Scenario A — Baseline
(Static mass, No wind)",
63.0,2500.0,0.0,66.31,6.2997,3.6228,14.287,10.309,315.0,0,2,"Scenario A — Baseline
(Static mass, No wind)",
64.0,2500.0,0.0,65.79,6.2497,3.6803,14.287,10.297,320.0,0,2,"Scenario A — Baseline
(Static mass, No wind)",
65.0,2500.0,0.0,65.26,6.1997,3.7378,14.287,10.285,325.0,0,2,"Scenario A — Baseline
(Static mass, No wind)",
66.0,2500.0,0.0,64.73,6.1497,3.7953,14.287,10.273,330.0,0,2,"Scenario A — Baseline
(Static mass, No wind)",
67.0,2500.0,0.0,64.21,6.0997,3.8528,14.287,10.261,335.0,0,2,"Scenario A — Baseline
(Static mass, No wind)",
68.0,2500.0,0.0,63.68,6.0497,3.9103,14.287,10.249,340.0,0,2,"Scenario A — Baseline
(Static mass, No wind)",
69.0,2500.0,0.0,63.15,5.9997,3.9678,14.287,10.238,345.0,0,2,"Scenario A — Baseline
(Static mass, No wind)",
70.0,2500.0,0.0,62.63,5.9497,4.0253,14.287,10.227,350.0,0,2,"Scenario A — Baseline
(Static mass, No wind)",
71.0,2500.0,0.0,62.1,5.8997,4.0828,14.287,10.216,355.0,0,2,"Scenario A — Baseline
(Static mass, No wind)",
72.0,2500.0,0.0,61.58,5.8497,4.1404,14.287,10.205,360.0,0,2,"Scenario A — Baseline
(Static mass, No wind)",
73.0,2500.0,0.0,61.05,5.7997,4.1979,14.287,10.194,365.0,0,2,"Scenario A — Baseline
(Static mass, No wind)",
74.0,2500.0,0.0,60.52,5.7497,4.2554,14.287,10.183,370.0,0,2,"Scenario A — Baseline
(Static mass, No wind)",
75.0,2500.0,0.0,60.0,5.6997,4.3129,14.287,10.173,375.0,0,2,"Scenario A — Baseline
(Static mass, No wind)",
76.0,2500.0,0.0,59.47,5.6497,4.3704,14.287,10.162,380.0,0,2,"Scenario A — Baseline
(Static mass, No wind)",
77.0,2500.0,0.0,58.94,5.5997,4.4279,14.287,10.152,385.0,0,2,"Scenario A — Baseline
(Static mass, No wind)",
78.0,2500.0,0.0,58.42,5.5497,4.4854,14.287,10.142,390.0,0,2,"Scenario A — Baseline
(Static mass, No wind)",
79.0,2500.0,0.0,57.89,5.4997,4.5429,14.287,10.132,395.0,0,2,"Scenario A — Baseline
(Static mass, No wind)",
80.0,2500.0,0.0,57.36,5.4497,4.6004,14.287,10.122,400.0,0,2,"Scenario A — Baseline
(Static mass, No wind)",
81.0,2500.0,0.0,56.84,5.3996,4.6579,14.287,10.113,405.0,0,2,"Scenario A — Baseline
(Static mass, No wind)",
82.0,2500.0,0.0,56.31,5.3496,4.7154,14.287,10.103,410.0,0,2,"Scenario A — Baseline
(Static mass, No wind)",
83.0,2500.0,0.0,55.79,5.2996,4.7729,14.287,10.093,415.0,0,2,"Scenario A — Baseline
(Static mass, No wind)",
84.0,2500.0,0.0,55.26,5.2496,4.8304,14.287,10.084,420.0,0,2,"Scenario A — Baseline
(Static mass, No wind)",
85.0,2500.0,0.0,54.73,5.1996,4.8879,14.287,10.075,425.0,0,2,"Scenario A — Baseline
(Static mass, No wind)",
86.0,2500.0,0.0,54.21,5.1496,4.9454,14.287,10.066,430.0,0,2,"Scenario A — Baseline
(Static mass, No wind)",
87.0,2500.0,0.0,53.68,5.0996,5.0029,14.287,10.057,435.0,0,2,"Scenario A — Baseline
(Static mass, No wind)",
88.0,2500.0,0.0,53.15,5.0496,5.0604,14.287,10.048,440.0,1,2,"Scenario A — Baseline
(Static mass, No wind)",1000.0
0.0,2500.0,0.0,99.47,9.45,0.115,14.287,10.995,0.0,0,3,"Scenario A — Baseline
(Static mass, No wind)",
1.0,2500.0,0.0,98.95,9.4,0.115,14.287,10.994,5.0,0,3,"Scenario A — Baseline
(Static mass, No wind)",
2.0,2500.0,0.0,98.42,9.35,0.115,14.287,10.994,10.0,0,3,"Scenario A — Baseline
(Static mass, No wind)",
3.0,2500.0,0.0,97.89,9.3,0.1725,14.287,10.992,15.0,0,3,"Scenario A — Baseline
(Static mass, No wind)",
4.0,2500.0,0.0,97.37,9.25,0.23,14.287,10.989,20.0,0,3,"Scenario A — Baseline
(Static mass, No wind)",
5.0,2500.0,0.0,96.84,9.2,0.2875,14.287,10.986,25.0,0,3,"Scenario A — Baseline
(Static mass, No wind)",
6.0,2500.0,0.0,96.32,9.15,0.345,14.287,10.983,30.0,0,3,"Scenario A — Baseline
(Static mass, No wind)",
7.0,2500.0,0.0,95.79,9.1,0.4025,14.287,10.978,35.0,0,3,"Scenario A — Baseline
(Static mass, No wind)",
8.0,2500.0,0.0,95.26,9.05,0.46,14.287,10.973,40.0,0,3,"Scenario A — Baseline
(Static mass, No wind)",
9.0,2500.0,0.0,94.74,9.0,0.5175,14.287,10.968,45.0,0,3,"Scenario A — Baseline
(Static mass, No wind)",
10.0,2500.0,0.0,94.21,8.95,0.575,14.287,10.962,50.0,0,3,"Scenario A — Baseline
(Static mass, No wind)",
11.0,2500.0,0.0,93.68,8.8999,0.6326,14.287,10.955,55.0,0,3,"Scenario A — Baseline
(Static mass, No wind)",
12.0,2500.0,0.0,93.16,8.8499,0.6901,14.287,10.948,60.0,0,3,"Scenario A — Baseline
(Static mass, No wind)",
13.0,2500.0,0.0,92.63,8.7999,0.7476,14.287,10.94,65.0,0,3,"Scenario A — Baseline
(Static mass, No wind)",
14.0,2500.0,0.0,92.1,8.7499,0.8051,14.287,10.932,70.0,0,3,"Scenario A — Baseline
(Static mass, No wind)",
15.0,2500.0,0.0,91.58,8.6999,0.8626,14.287,10.924,75.0,0,3,"Scenario A — Baseline
(Static mass, No wind)",
16.0,2500.0,0.0,91.05,8.6499,0.9201,14.287,10.915,80.0,0,3,"Scenario A — Baseline
(Static mass, No wind)",
17.0,2500.0,0.0,90.53,8.5999,0.9776,14.287,10.905,85.0,0,3,"Scenario A — Baseline
(Static mass, No wind)",
18.0,2500.0,0.0,90.0,8.5499,1.0351,14.287,10.895,90.0,0,3,"Scenario A — Baseline
(Static mass, No wind)",
19.0,2500.0,0.0,89.47,8.4999,1.0926,14.287,10.885,95.0,0,3,"Scenario A — Baseline
(Static mass, No wind)",
20.0,2500.0,0.0,88.95,8.4499,1.1501,14.287,10.875,100.0,0,3,"Scenario A — Baseline
(Static mass, No wind)",
21.0,2500.0,0.0,88.42,8.3999,1.2076,14.287,10.864,105.0,0,3,"Scenario A — Baseline
(Static mass, No wind)",
22.0,2500.0,0.0,87.89,8.3499,1.2651,14.287,10.853,110.0,0,3,"Scenario A — Baseline
(Static mass, No wind)",
23.0,2500.0,0.0,87.37,8.2999,1.3226,14.287,10.841,115.0,0,3,"Scenario A — Baseline
(Static mass, No wind)",
24.0,2500.0,0.0,86.84,8.2499,1.3801,14.287,10.829,120.0,0,3,"Scenario A — Baseline
(Static mass, No wind)",
25.0,2500.0,0.0,86.31,8.1999,1.4376,14.287,10.817,125.0,0,3,"Scenario A — Baseline
(Static mass, No wind)",
26.0,2500.0,0.0,85.79,8.1499,1.4951,14.287,10.805,130.0,0,3,"Scenario A — Baseline
(Static mass, No wind)",
27.0,2500.0,0.0,85.26,8.0999,1.5526,14.287,10.793,135.0,0,3,"Scenario A — Baseline
(Static mass, No wind)",
28.0,2500.0,0.0,84.74,8.0499,1.6101,14.287,10.78,140.0,0,3,"Scenario A — Baseline
(Static mass, No wind)",
29.0,2500.0,0.0,84.21,7.9999,1.6676,14.287,10.767,145.0,0,3,"Scenario A — Baseline
(Static mass, No wind)",
30.0,2500.0,0.0,83.68,7.9499,1.7251,14.287,10.754,150.0,0,3,"Scenario A — Baseline
(Static mass, No wind)",
31.0,2500.0,0.0,83.16,7.8999,1.7827,14.287,10.741,155.0,0,3,"Scenario A — Baseline
(Static mass, No wind)",
32.0,2500.0,0.0,82.63,7.8499,1.8402,14.287,10.727,160.0,0,3,"Scenario A — Baseline
(Static mass, No wind)",
33.0,2500.0,0.0,82.1,7.7999,1.8977,14.287,10.714,165.0,0,3,"Scenario A — Baseline
(Static mass, No wind)",
34.0,2500.0,0.0,81.58,7.7499,1.9552,14.287,10.7,170.0,0,3,"Scenario A — Baseline
(Static mass, No wind)",
35.0,2500.0,0.0,81.05,7.6998,2.0127,14.287,10.687,175.0,0,3,"Scenario A — Baseline
(Static mass, No wind)",
36.0,2500.0,0.0,80.52,7.6498,2.0702,14.287,10.673,180.0,0,3,"Scenario A — Baseline
(Static mass, No wind)",
37.0,2500.0,0.0,80.0,7.5998,2.1277,14.287,10.659,185.0,0,3,"Scenario A — Baseline
(Static mass, No wind)",
38.0,2500.0,0.0,79.47,7.5498,2.1852,14.287,10.645,190.0,0,3,"Scenario A — Baseline
(Static mass, No wind)",
39.0,2500.0,0.0,78.95,7.4998,2.2427,14.287,10.631,195.0,0,3,"Scenario A — Baseline
(Static mass, No wind)",
40.0,2500.0,0.0,78.42,7.4498,2.3002,14.287,10.617,200.0,0,3,"Scenario A — Baseline
(Static mass, No wind)",
41.0,2500.0,0.0,77.89,7.3998,2.3577,14.287,10.603,205.0,0,3,"Scenario A — Baseline
(Static mass, No wind)",
42.0,2500.0,0.0,77.37,7.3498,2.4152,14.287,10.589,210.0,0,3,"Scenario A — Baseline
(Static mass, No wind)",
43.0,2500.0,0.0,76.84,7.2998,2.4727,14.287,10.575,215.0,0,3,"Scenario A — Baseline
(Static mass, No wind)",
44.0,2500.0,0.0,76.31,7.2498,2.5302,14.287,10.561,220.0,0,3,"Scenario A — Baseline
(Static mass, No wind)",
45.0,2500.0,0.0,75.79,7.1998,2.5877,14.287,10.547,225.0,0,3,"Scenario A — Baseline
(Static mass, No wind)",
46.0,2500.0,0.0,75.26,7.1498,2.6452,14.287,10.533,230.0,0,3,"Scenario A — Baseline
(Static mass, No wind)",
47.0,2500.0,0.0,74.73,7.0998,2.7027,14.287,10.519,235.0,0,3,"Scenario A — Baseline
(Static mass, No wind)",
48.0,2500.0,0.0,74.21,7.0498,2.7602,14.287,10.506,240.0,0,3,"Scenario A — Baseline
(Static mass, No wind)",
49.0,2500.0,0.0,73.68,6.9998,2.8177,14.287,10.492,245.0,0,3,"Scenario A — Baseline
(Static mass, No wind)",
50.0,2500.0,0.0,73.16,6.9498,2.8752,14.287,10.478,250.0,0,3,"Scenario A — Baseline
(Static mass, No wind)",
51.0,2500.0,0.0,72.63,6.8998,2.9328,14.287,10.464,255.0,0,3,"Scenario A — Baseline
(Static mass, No wind)",
52.0,2500.0,0.0,72.1,6.8498,2.9903,14.287,10.451,260.0,0,3,"Scenario A — Baseline
(Static mass, No wind)",
53.0,2500.0,0.0,71.58,6.7998,3.0478,14.287,10.437,265.0,0,3,"Scenario A — Baseline
(Static mass, No wind)",
54.0,2500.0,0.0,71.05,6.7498,3.1053,14.287,10.424,270.0,0,3,"Scenario A — Baseline
(Static mass, No wind)",
55.0,2500.0,0.0,70.52,6.6998,3.1628,14.287,10.411,275.0,0,3,"Scenario A — Baseline
(Static mass, No wind)",
56.0,2500.0,0.0,70.0,6.6498,3.2203,14.287,10.397,280.0,0,3,"Scenario A — Baseline
(Static mass, No wind)",
57.0,2500.0,0.0,69.47,6.5998,3.2778,14.287,10.384,285.0,0,3,"Scenario A — Baseline
(Static mass, No wind)",
58.0,2500.0,0.0,68.94,6.5497,3.3353,14.287,10.371,290.0,0,3,"Scenario A — Baseline
(Static mass, No wind)",
59.0,2500.0,0.0,68.42,6.4997,3.3928,14.287,10.359,295.0,0,3,"Scenario A — Baseline
(Static mass, No wind)",
60.0,2500.0,0.0,67.89,6.4497,3.4503,14.287,10.346,300.0,0,3,"Scenario A — Baseline
(Static mass, No wind)",
61.0,2500.0,0.0,67.37,6.3997,3.5078,14.287,10.333,305.0,0,3,"Scenario A — Baseline
(Static mass, No wind)",
62.0,2500.0,0.0,66.84,6.3497,3.5653,14.287,10.321,310.0,0,3,"Scenario A — Baseline
(Static mass, No wind)",
63.0,2500.0,0.0,66.31,6.2997,3.6228,14.287,10.309,315.0,0,3,"Scenario A — Baseline
(Static mass, No wind)",
64.0,2500.0,0.0,65.79,6.2497,3.6803,14.287,10.297,320.0,0,3,"Scenario A — Baseline
(Static mass, No wind)",
65.0,2500.0,0.0,65.26,6.1997,3.7378,14.287,10.285,325.0,0,3,"Scenario A — Baseline
(Static mass, No wind)",
66.0,2500.0,0.0,64.73,6.1497,3.7953,14.287,10.273,330.0,0,3,"Scenario A — Baseline
(Static mass, No wind)",
67.0,2500.0,0.0,64.21,6.0997,3.8528,14.287,10.261,335.0,0,3,"Scenario A — Baseline
(Static mass, No wind)",
68.0,2500.0,0.0,63.68,6.0497,3.9103,14.287,10.249,340.0,0,3,"Scenario A — Baseline
(Static mass, No wind)",
69.0,2500.0,0.0,63.15,5.9997,3.9678,14.287,10.238,345.0,0,3,"Scenario A — Baseline
(Static mass, No wind)",
70.0,2500.0,0.0,62.63,5.9497,4.0253,14.287,10.227,350.0,0,3,"Scenario A — Baseline
(Static mass, No wind)",
71.0,2500.0,0.0,62.1,5.8997,4.0828,14.287,10.216,355.0,0,3,"Scenario A — Baseline
(Static mass, No wind)",
72.0,2500.0,0.0,61.58,5.8497,4.1404,14.287,10.205,360.0,0,3,"Scenario A — Baseline
(Static mass, No wind)",
73.0,2500.0,0.0,61.05,5.7997,4.1979,14.287,10.194,365.0,0,3,"Scenario A — Baseline
(Static mass, No wind)",
74.0,2500.0,0.0,60.52,5.7497,4.2554,14.287,10.183,370.0,0,3,"Scenario A — Baseline
(Static mass, No wind)",
75.0,2500.0,0.0,60.0,5.6997,4.3129,14.287,10.173,375.0,0,3,"Scenario A — Baseline
(Static mass, No wind)",
76.0,2500.0,0.0,59.47,5.6497,4.3704,14.287,10.162,380.0,0,3,"Scenario A — Baseline
(Static mass, No wind)",
77.0,2500.0,0.0,58.94,5.5997,4.4279,14.287,10.152,385.0,0,3,"Scenario A — Baseline
(Static mass, No wind)",
78.0,2500.0,0.0,58.42,5.5497,4.4854,14.287,10.142,390.0,0,3,"Scenario A — Baseline
(Static mass, No wind)",
79.0,2500.0,0.0,57.89,5.4997,4.5429,14.287,10.132,395.0,0,3,"Scenario A — Baseline
(Static mass, No wind)",
80.0,2500.0,0.0,57.36,5.4497,4.6004,14.287,10.122,400.0,0,3,"Scenario A — Baseline
(Static mass, No wind)",
81.0,2500.0,0.0,56.84,5.3996,4.6579,14.287,10.113,405.0,0,3,"Scenario A — Baseline
(Static mass, No wind)",
82.0,2500.0,0.0,56.31,5.3496,4.7154,14.287,10.103,410.0,0,3,"Scenario A — Baseline
(Static mass, No wind)",
83.0,2500.0,0.0,55.79,5.2996,4.7729,14.287,10.093,415.0,0,3,"Scenario A — Baseline
(Static mass, No wind)",
84.0,2500.0,0.0,55.26,5.2496,4.8304,14.287,10.084,420.0,0,3,"Scenario A — Baseline
(Static mass, No wind)",
85.0,2500.0,0.0,54.73,5.1996,4.8879,14.287,10.075,425.0,0,3,"Scenario A — Baseline
(Static mass, No wind)",
86.0,2500.0,0.0,54.21,5.1496,4.9454,14.287,10.066,430.0,0,3,"Scenario A — Baseline
(Static mass, No wind)",
87.0,2500.0,0.0,53.68,5.0996,5.0029,14.287,10.057,435.0,0,3,"Scenario A — Baseline
(Static mass, No wind)",
88.0,2500.0,0.0,53.15,5.0496,5.0604,14.287,10.048,440.0,1,3,"Scenario A — Baseline
(Static mass, No wind)",1000.0
0.0,2500.0,0.0,99.47,9.45,0.115,14.287,10.995,0.0,0,1,"Scenario B — Dynamic Mass
(Dynamic mass, No wind)",
1.0,2483.3,0.0,98.95,9.4005,0.1139,14.145,11.012,5.0,0,1,"Scenario B — Dynamic Mass
(Dynamic mass, No wind)",
2.0,2466.6,0.0,98.44,9.3515,0.1127,14.004,11.028,10.0,0,1,"Scenario B — Dynamic Mass
(Dynamic mass, No wind)",
3.0,2449.9,0.0,97.93,9.303,0.1674,13.863,11.044,15.0,0,1,"Scenario B — Dynamic Mass
(Dynamic mass, No wind)",
4.0,2433.2,0.0,97.42,9.2549,0.2209,13.723,11.059,20.0,0,1,"Scenario B — Dynamic Mass
(Dynamic mass, No wind)",
5.0,2416.5,0.0,96.92,9.2074,0.2734,13.583,11.073,25.0,0,1,"Scenario B — Dynamic Mass
(Dynamic mass, No wind)",
6.0,2399.8,0.0,96.42,9.1603,0.3247,13.444,11.087,30.0,0,1,"Scenario B — Dynamic Mass
(Dynamic mass, No wind)",
7.0,2383.1,0.0,95.93,9.1138,0.3749,13.305,11.1,35.0,0,1,"Scenario B — Dynamic Mass
(Dynamic mass, No wind)",
8.0,2366.4,0.0,95.45,9.0677,0.424,13.167,11.113,40.0,0,1,"Scenario B — Dynamic Mass
(Dynamic mass, No wind)",
9.0,2349.7,0.0,94.97,9.0221,0.472,13.029,11.124,45.0,0,1,"Scenario B — Dynamic Mass
(Dynamic mass, No wind)",
10.0,2333.0,0.0,94.49,8.977,0.5189,12.892,11.136,50.0,0,1,"Scenario B — Dynamic Mass
(Dynamic mass, No wind)",
11.0,2316.3,0.0,94.02,8.9323,0.5647,12.755,11.147,55.0,0,1,"Scenario B — Dynamic Mass
(Dynamic mass, No wind)",
12.0,2299.6,0.0,93.56,8.8881,0.6095,12.618,11.157,60.0,0,1,"Scenario B — Dynamic Mass
(Dynamic mass, No wind)",
13.0,2282.9,0.0,93.1,8.8445,0.6531,12.482,11.167,65.0,0,1,"Scenario B — Dynamic Mass
(Dynamic mass, No wind)",
14.0,2266.2,0.0,92.64,8.8012,0.6958,12.347,11.177,70.0,0,1,"Scenario B — Dynamic Mass
(Dynamic mass, No wind)",
15.0,2249.5,0.0,92.19,8.7585,0.7373,12.212,11.186,75.0,0,1,"Scenario B — Dynamic Mass
(Dynamic mass, No wind)",
16.0,2232.8,0.0,91.75,8.7162,0.7778,12.078,11.195,80.0,0,1,"Scenario B — Dynamic Mass
(Dynamic mass, No wind)",
17.0,2216.1,0.0,91.31,8.6744,0.8173,11.944,11.203,85.0,0,1,"Scenario B — Dynamic Mass
(Dynamic mass, No wind)",
18.0,2199.4,0.0,90.87,8.6331,0.8557,11.81,11.212,90.0,0,1,"Scenario B — Dynamic Mass
(Dynamic mass, No wind)",
19.0,2182.7,0.0,90.44,8.5922,0.893,11.678,11.22,95.0,0,1,"Scenario B — Dynamic Mass
(Dynamic mass, No wind)",
20.0,2166.0,0.0,90.02,8.5518,0.9294,11.545,11.227,100.0,0,1,"Scenario B — Dynamic Mass
(Dynamic mass, No wind)",
21.0,2149.3,0.0,89.6,8.5119,0.9647,11.413,11.235,105.0,0,1,"Scenario B — Dynamic Mass
(Dynamic mass, No wind)",
22.0,2132.6,0.0,89.18,8.4724,0.999,11.282,11.242,110.0,0,1,"Scenario B — Dynamic Mass
(Dynamic mass, No wind)",
23.0,2115.9,0.0,88.77,8.4333,1.0323,11.151,11.249,115.0,0,1,"Scenario B — Dynamic Mass
(Dynamic mass, No wind)",
24.0,2099.2,0.0,88.37,8.3948,1.0646,11.021,11.256,120.0,0,1,"Scenario B — Dynamic Mass
(Dynamic mass, No wind)",
25.0,2082.5,0.0,87.96,8.3567,1.0959,10.891,11.263,125.0,0,1,"Scenario B — Dynamic Mass
(Dynamic mass, No wind)",
26.0,2065.8,0.0,87.57,8.319,1.1262,10.762,11.269,130.0,0,1,"Scenario B — Dynamic Mass
(Dynamic mass, No wind)",
27.0,2049.1,0.0,87.18,8.2818,1.1555,10.633,11.276,135.0,0,1,"Scenario B — Dynamic Mass
(Dynamic mass, No wind)",
28.0,2032.4,0.0,86.79,8.245,1.1839,10.505,11.282,140.0,0,1,"Scenario B — Dynamic Mass
(Dynamic mass, No wind)",
29.0,2015.7,0.0,86.41,8.2087,1.2113,10.377,11.288,145.0,0,1,"Scenario B — Dynamic Mass
(Dynamic mass, No wind)",
30.0,1999.0,0.0,86.03,8.1728,1.2377,10.25,11.294,150.0,0,1,"Scenario B — Dynamic Mass
(Dynamic mass, No wind)",
31.0,1982.3,0.0,85.66,8.1374,1.2631,10.123,11.3,155.0,0,1,"Scenario B — Dynamic Mass
(Dynamic mass, No wind)",
32.0,1965.6,0.0,85.29,8.1024,1.2876,9.997,11.306,160.0,0,1,"Scenario B — Dynamic Mass
(Dynamic mass, No wind)",
33.0,1948.9,0.0,84.92,8.0678,1.3112,9.871,11.312,165.0,0,1,"Scenario B — Dynamic Mass
(Dynamic mass, No wind)",
34.0,1932.2,0.0,84.57,8.0337,1.3338,9.746,11.317,170.0,0,1,"Scenario B — Dynamic Mass
(Dynamic mass, No wind)",
35.0,1915.5,0.0,84.21,8.0001,1.3555,9.622,11.323,175.0,0,1,"Scenario B — Dynamic Mass
(Dynamic mass, No wind)",
36.0,1898.8,0.0,83.86,7.9668,1.3763,9.498,11.328,180.0,0,1,"Scenario B — Dynamic Mass
(Dynamic mass, No wind)",
37.0,1882.1,0.0,83.52,7.934,1.3961,9.375,11.334,185.0,0,1,"Scenario B — Dynamic Mass
(Dynamic mass, No wind)",
38.0,1865.4,0.0,83.17,7.9016,1.415,9.252,11.339,190.0,0,1,"Scenario B — Dynamic Mass
(Dynamic mass, No wind)",
39.0,1848.7,0.0,82.84,7.8697,1.4331,9.129,11.345,195.0,0,1,"Scenario B — Dynamic Mass
(Dynamic mass, No wind)",
40.0,1832.0,0.0,82.51,7.8381,1.4502,9.008,11.35,200.0,0,1,"Scenario B — Dynamic Mass
(Dynamic mass, No wind)",
41.0,1815.3,0.0,82.18,7.807,1.4665,8.886,11.356,205.0,0,1,"Scenario B — Dynamic Mass
(Dynamic mass, No wind)",
42.0,1798.6,0.0,81.86,7.7764,1.4818,8.766,11.361,210.0,0,1,"Scenario B — Dynamic Mass
(Dynamic mass, No wind)",
43.0,1781.9,0.0,81.54,7.7461,1.4963,8.646,11.366,215.0,0,1,"Scenario B — Dynamic Mass
(Dynamic mass, No wind)",
44.0,1765.2,0.0,81.22,7.7163,1.51,8.526,11.372,220.0,0,1,"Scenario B — Dynamic Mass
(Dynamic mass, No wind)",
45.0,1748.5,0.0,80.91,7.6868,1.5227,8.407,11.377,225.0,0,1,"Scenario B — Dynamic Mass
(Dynamic mass, No wind)",
46.0,1731.8,0.0,80.61,7.6578,1.5346,8.289,11.382,230.0,0,1,"Scenario B — Dynamic Mass
(Dynamic mass, No wind)",
47.0,1715.1,0.0,80.31,7.6292,1.5457,8.171,11.388,235.0,0,1,"Scenario B — Dynamic Mass
(Dynamic mass, No wind)",
48.0,1698.4,0.0,80.01,7.601,1.5559,8.053,11.393,240.0,0,1,"Scenario B — Dynamic Mass
(Dynamic mass, No wind)",
49.0,1681.7,0.0,79.72,7.5733,1.5653,7.937,11.398,245.0,0,1,"Scenario B — Dynamic Mass
(Dynamic mass, No wind)",
50.0,1665.0,0.0,79.43,7.5459,1.5739,7.821,11.404,250.0,0,1,"Scenario B — Dynamic Mass
(Dynamic mass, No wind)",
51.0,1648.3,0.0,79.15,7.5189,1.5817,7.705,11.409,255.0,0,1,"Scenario B — Dynamic Mass
(Dynamic mass, No wind)",
52.0,1631.6,0.0,78.87,7.4924,1.5886,7.59,11.414,260.0,0,1,"Scenario B — Dynamic Mass
(Dynamic mass, No wind)",
53.0,1614.9,0.0,78.59,7.4662,1.5948,7.476,11.42,265.0,0,1,"Scenario B — Dynamic Mass
(Dynamic mass, No wind)",
54.0,1598.2,0.0,78.32,7.4404,1.6001,7.362,11.425,270.0,0,1,"Scenario B — Dynamic Mass
(Dynamic mass, No wind)",
55.0,1581.5,0.0,78.05,7.4151,1.6047,7.249,11.431,275.0,0,1,"Scenario B — Dynamic Mass
(Dynamic mass, No wind)",
56.0,1564.8,0.0,77.79,7.3901,1.6085,7.136,11.436,280.0,0,1,"Scenario B — Dynamic Mass
(Dynamic mass, No wind)",
57.0,1548.1,0.0,77.53,7.3655,1.6115,7.024,11.441,285.0,0,1,"Scenario B — Dynamic Mass
(Dynamic mass, No wind)",
58.0,1531.4,0.0,77.28,7.3413,1.6138,6.913,11.447,290.0,0,1,"Scenario B — Dynamic Mass
(Dynamic mass, No wind)",
59.0,1514.7,0.0,77.03,7.3175,1.6153,6.802,11.452,295.0,0,1,"Scenario B — Dynamic Mass
(Dynamic mass, No wind)",
60.0,1500.0,0.0,76.78,7.294,1.6193,6.705,11.456,300.0,0,1,"Scenario B — Dynamic Mass
(Dynamic mass, No wind)",
61.0,1500.0,0.0,76.53,7.2706,1.6462,6.705,11.45,305.0,0,1,"Scenario B — Dynamic Mass
(Dynamic mass, No wind)",
62.0,1500.0,0.0,76.29,7.2471,1.6732,6.705,11.443,310.0,0,1,"Scenario B — Dynamic Mass
(Dynamic mass, No wind)",
63.0,1500.0,0.0,76.04,7.2236,1.7002,6.705,11.437,315.0,0,1,"Scenario B — Dynamic Mass
(Dynamic mass, No wind)",
64.0,1500.0,0.0,75.79,7.2001,1.7272,6.705,11.43,320.0,0,1,"Scenario B — Dynamic Mass
(Dynamic mass, No wind)",
65.0,1500.0,0.0,75.54,7.1767,1.7542,6.705,11.424,325.0,0,1,"Scenario B — Dynamic Mass
(Dynamic mass, No wind)",
66.0,1500.0,0.0,75.3,7.1532,1.7812,6.705,11.418,330.0,0,1,"Scenario B — Dynamic Mass
(Dynamic mass, No wind)",
67.0,1500.0,0.0,75.05,7.1297,1.8082,6.705,11.411,335.0,0,1,"Scenario B — Dynamic Mass
(Dynamic mass, No wind)",
68.0,1500.0,0.0,74.8,7.1063,1.8352,6.705,11.405,340.0,0,1,"Scenario B — Dynamic Mass
(Dynamic mass, No wind)",
69.0,1500.0,0.0,74.56,7.0828,1.8621,6.705,11.398,345.0,0,1,"Scenario B — Dynamic Mass
(Dynamic mass, No wind)",
70.0,1500.0,0.0,74.31,7.0593,1.8891,6.705,11.392,350.0,0,1,"Scenario B — Dynamic Mass
(Dynamic mass, No wind)",
71.0,1500.0,0.0,74.06,7.0359,1.9161,6.705,11.385,355.0,0,1,"Scenario B — Dynamic Mass
(Dynamic mass, No wind)",
72.0,1500.0,0.0,73.81,7.0124,1.9431,6.705,11.379,360.0,0,1,"Scenario B — Dynamic Mass
(Dynamic mass, No wind)",
73.0,1500.0,0.0,73.57,6.9889,1.9701,6.705,11.373,365.0,0,1,"Scenario B — Dynamic Mass
(Dynamic mass, No wind)",
74.0,1500.0,0.0,73.32,6.9655,1.9971,6.705,11.366,370.0,0,1,"Scenario B — Dynamic Mass
(Dynamic mass, No wind)",
75.0,1500.0,0.0,73.07,6.942,2.0241,6.705,11.36,375.0,0,1,"Scenario B — Dynamic Mass
(Dynamic mass, No wind)",
76.0,1500.0,0.0,72.83,6.9185,2.0511,6.705,11.354,380.0,0,1,"Scenario B — Dynamic Mass
(Dynamic mass, No wind)",
77.0,1500.0,0.0,72.58,6.8951,2.0781,6.705,11.347,385.0,0,1,"Scenario B — Dynamic Mass
(Dynamic mass, No wind)",
78.0,1500.0,0.0,72.33,6.8716,2.105,6.705,11.341,390.0,0,1,"Scenario B — Dynamic Mass
(Dynamic mass, No wind)",
79.0,1500.0,0.0,72.09,6.8481,2.132,6.705,11.335,395.0,0,1,"Scenario B — Dynamic Mass
(Dynamic mass, No wind)",
80.0,1500.0,0.0,71.84,6.8247,2.159,6.705,11.328,400.0,0,1,"Scenario B — Dynamic Mass
(Dynamic mass, No wind)",
81.0,1500.0,0.0,71.59,6.8012,2.186,6.705,11.322,405.0,0,1,"Scenario B — Dynamic Mass
(Dynamic mass, No wind)",
82.0,1500.0,0.0,71.34,6.7777,2.213,6.705,11.316,410.0,0,1,"Scenario B — Dynamic Mass
(Dynamic mass, No wind)",
83.0,1500.0,0.0,71.1,6.7543,2.24,6.705,11.31,415.0,0,1,"Scenario B — Dynamic Mass
(Dynamic mass, No wind)",
84.0,1500.0,0.0,70.85,6.7308,2.267,6.705,11.304,420.0,0,1,"Scenario B — Dynamic Mass
(Dynamic mass, No wind)",
85.0,1500.0,0.0,70.6,6.7073,2.294,6.705,11.298,425.0,0,1,"Scenario B — Dynamic Mass
(Dynamic mass, No wind)",
86.0,1500.0,0.0,70.36,6.6839,2.3209,6.705,11.292,430.0,0,1,"Scenario B — Dynamic Mass
(Dynamic mass, No wind)",
87.0,1500.0,0.0,70.11,6.6604,2.3479,6.705,11.285,435.0,0,1,"Scenario B — Dynamic Mass
(Dynamic mass, No wind)",
88.0,1500.0,0.0,69.86,6.6369,2.3749,6.705,11.279,440.0,0,1,"Scenario B — Dynamic Mass
(Dynamic mass, No wind)",
89.0,1500.0,0.0,69.62,6.6135,2.4019,6.705,11.273,445.0,0,1,"Scenario B — Dynamic Mass
(Dynamic mass, No wind)",
90.0,1500.0,0.0,69.37,6.59,2.4289,6.705,11.267,450.0,0,1,"Scenario B — Dynamic Mass
(Dynamic mass, No wind)",
91.0,1500.0,0.0,69.12,6.5665,2.4559,6.705,11.261,455.0,0,1,"Scenario B — Dynamic Mass
(Dynamic mass, No wind)",
92.0,1500.0,0.0,68.87,6.5431,2.4829,6.705,11.256,460.0,0,1,"Scenario B — Dynamic Mass
(Dynamic mass, No wind)",
93.0,1500.0,0.0,68.63,6.5196,2.5099,6.705,11.25,465.0,0,1,"Scenario B — Dynamic Mass
(Dynamic mass, No wind)",
94.0,1500.0,0.0,68.38,6.4961,2.5368,6.705,11.244,470.0,0,1,"Scenario B — Dynamic Mass
(Dynamic mass, No wind)",
95.0,1500.0,0.0,68.13,6.4727,2.5638,6.705,11.238,475.0,0,1,"Scenario B — Dynamic Mass
(Dynamic mass, No wind)",
96.0,1500.0,0.0,67.89,6.4492,2.5908,6.705,11.232,480.0,0,1,"Scenario B — Dynamic Mass
(Dynamic mass, No wind)",
97.0,1500.0,0.0,67.64,6.4257,2.6178,6.705,11.226,485.0,0,1,"Scenario B — Dynamic Mass
(Dynamic mass, No wind)",
98.0,1500.0,0.0,67.39,6.4023,2.6448,6.705,11.221,490.0,0,1,"Scenario B — Dynamic Mass
(Dynamic mass, No wind)",
99.0,1500.0,0.0,67.15,6.3788,2.6718,6.705,11.215,495.0,0,1,"Scenario B — Dynamic Mass
(Dynamic mass, No wind)",
100.0,1500.0,0.0,66.9,6.3553,2.6988,6.705,11.209,500.0,0,1,"Scenario B — Dynamic Mass
(Dynamic mass, No wind)",
101.0,1500.0,0.0,66.65,6.3319,2.6988,6.705,11.204,500.0,0,1,"Scenario B — Dynamic Mass
(Dynamic mass, No wind)",
102.0,1500.0,0.0,66.4,6.3084,2.6988,6.705,11.198,500.0,0,1,"Scenario B — Dynamic Mass
(Dynamic mass, No wind)",
103.0,1500.0,0.0,66.16,6.2849,2.6988,6.705,11.192,500.0,0,1,"Scenario B — Dynamic Mass
(Dynamic mass, No wind)",
104.0,1500.0,0.0,65.91,6.2614,2.6988,6.705,11.187,500.0,0,1,"Scenario B — Dynamic Mass
(Dynamic mass, No wind)",
105.0,1500.0,0.0,65.66,6.238,2.6988,6.705,11.181,500.0,0,1,"Scenario B — Dynamic Mass
(Dynamic mass, No wind)",
106.0,1500.0,0.0,65.42,6.2145,2.6988,6.705,11.176,500.0,0,1,"Scenario B — Dynamic Mass
(Dynamic mass, No wind)",
107.0,1500.0,0.0,65.17,6.191,2.6988,6.705,11.171,500.0,0,1,"Scenario B — Dynamic Mass
(Dynamic mass, No wind)",
108.0,1500.0,0.0,64.92,6.1676,2.6988,6.705,11.165,500.0,0,1,"Scenario B — Dynamic Mass
(Dynamic mass, No wind)",
109.0,1500.0,0.0,64.67,6.1441,2.6988,6.705,11.16,500.0,0,1,"Scenario B — Dynamic Mass
(Dynamic mass, No wind)",
110.0,1500.0,0.0,64.43,6.1206,2.6988,6.705,11.154,500.0,0,1,"Scenario B — Dynamic Mass
(Dynamic mass, No wind)",
111.0,1500.0,0.0,64.18,6.0972,2.6988,6.705,11.149,500.0,0,1,"Scenario B — Dynamic Mass
(Dynamic mass, No wind)",
112.0,1500.0,0.0,63.93,6.0737,2.6988,6.705,11.144,500.0,0,1,"Scenario B — Dynamic Mass
(Dynamic mass, No wind)",
113.0,1500.0,0.0,63.69,6.0502,2.6988,6.705,11.139,500.0,0,1,"Scenario B — Dynamic Mass
(Dynamic mass, No wind)",
114.0,1500.0,0.0,63.44,6.0268,2.6988,6.705,11.134,500.0,0,1,"Scenario B — Dynamic Mass
(Dynamic mass, No wind)",
115.0,1500.0,0.0,63.19,6.0033,2.6988,6.705,11.128,500.0,0,1,"Scenario B — Dynamic Mass
(Dynamic mass, No wind)",
116.0,1500.0,0.0,62.95,5.9798,2.6988,6.705,11.123,500.0,0,1,"Scenario B — Dynamic Mass
(Dynamic mass, No wind)",
117.0,1500.0,0.0,62.7,5.9564,2.6988,6.705,11.118,500.0,0,1,"Scenario B — Dynamic Mass
(Dynamic mass, No wind)",
118.0,1500.0,0.0,62.45,5.9329,2.6988,6.705,11.113,500.0,0,1,"Scenario B — Dynamic Mass
(Dynamic mass, No wind)",
119.0,1500.0,0.0,62.2,5.9094,2.6988,6.705,11.108,500.0,0,1,"Scenario B — Dynamic Mass
(Dynamic mass, No wind)",
120.0,1500.0,0.0,61.96,5.886,2.6988,6.705,11.103,500.0,0,1,"Scenario B — Dynamic Mass
(Dynamic mass, No wind)",
121.0,1500.0,0.0,61.71,5.8625,2.6988,6.705,11.098,500.0,0,1,"Scenario B — Dynamic Mass
(Dynamic mass, No wind)",
122.0,1500.0,0.0,61.46,5.839,2.6988,6.705,11.093,500.0,0,1,"Scenario B — Dynamic Mass
(Dynamic mass, No wind)",
123.0,1500.0,0.0,61.22,5.8156,2.6988,6.705,11.089,500.0,0,1,"Scenario B — Dynamic Mass
(Dynamic mass, No wind)",
124.0,1500.0,0.0,60.97,5.7921,2.6988,6.705,11.084,500.0,0,1,"Scenario B — Dynamic Mass
(Dynamic mass, No wind)",
125.0,1500.0,0.0,60.72,5.7686,2.6988,6.705,11.079,500.0,0,1,"Scenario B — Dynamic Mass
(Dynamic mass, No wind)",
126.0,1500.0,0.0,60.48,5.7452,2.6988,6.705,11.074,500.0,0,1,"Scenario B — Dynamic Mass
(Dynamic mass, No wind)",
127.0,1500.0,0.0,60.23,5.7217,2.6988,6.705,11.07,500.0,0,1,"Scenario B — Dynamic Mass
(Dynamic mass, No wind)",
128.0,1500.0,0.0,59.98,5.6982,2.6988,6.705,11.065,500.0,0,1,"Scenario B — Dynamic Mass
(Dynamic mass, No wind)",
129.0,1500.0,0.0,59.73,5.6748,2.6988,6.705,11.06,500.0,0,1,"Scenario B — Dynamic Mass
(Dynamic mass, No wind)",
130.0,1500.0,0.0,59.49,5.6513,2.6988,6.705,11.056,500.0,0,1,"Scenario B — Dynamic Mass
(Dynamic mass, No wind)",
131.0,1500.0,0.0,59.24,5.6278,2.6988,6.705,11.051,500.0,0,1,"Scenario B — Dynamic Mass
(Dynamic mass, No wind)",
132.0,1500.0,0.0,58.99,5.6044,2.6988,6.705,11.047,500.0,0,1,"Scenario B — Dynamic Mass
(Dynamic mass, No wind)",
133.0,1500.0,0.0,58.75,5.5809,2.6988,6.705,11.042,500.0,0,1,"Scenario B — Dynamic Mass
(Dynamic mass, No wind)",
134.0,1500.0,0.0,58.5,5.5574,2.6988,6.705,11.038,500.0,0,1,"Scenario B — Dynamic Mass
(Dynamic mass, No wind)",
135.0,1500.0,0.0,58.25,5.534,2.6988,6.705,11.033,500.0,0,1,"Scenario B — Dynamic Mass
(Dynamic mass, No wind)",
136.0,1500.0,0.0,58.01,5.5105,2.6988,6.705,11.029,500.0,0,1,"Scenario B — Dynamic Mass
(Dynamic mass, No wind)",
137.0,1500.0,0.0,57.76,5.487,2.6988,6.705,11.025,500.0,0,1,"Scenario B — Dynamic Mass
(Dynamic mass, No wind)",
138.0,1500.0,0.0,57.51,5.4636,2.6988,6.705,11.02,500.0,0,1,"Scenario B — Dynamic Mass
(Dynamic mass, No wind)",
139.0,1500.0,0.0,57.26,5.4401,2.6988,6.705,11.016,500.0,0,1,"Scenario B — Dynamic Mass
(Dynamic mass, No wind)",
140.0,1500.0,0.0,57.02,5.4166,2.6988,6.705,11.012,500.0,0,1,"Scenario B — Dynamic Mass
(Dynamic mass, No wind)",
141.0,1500.0,0.0,56.77,5.3931,2.6988,6.705,11.008,500.0,0,1,"Scenario B — Dynamic Mass
(Dynamic mass, No wind)",
142.0,1500.0,0.0,56.52,5.3697,2.6988,6.705,11.003,500.0,0,1,"Scenario B — Dynamic Mass
(Dynamic mass, No wind)",
143.0,1500.0,0.0,56.28,5.3462,2.6988,6.705,10.999,500.0,0,1,"Scenario B — Dynamic Mass
(Dynamic mass, No wind)",
144.0,1500.0,0.0,56.03,5.3227,2.6988,6.705,10.995,500.0,0,1,"Scenario B — Dynamic Mass
(Dynamic mass, No wind)",
145.0,1500.0,0.0,55.78,5.2993,2.6988,6.705,10.991,500.0,0,1,"Scenario B — Dynamic Mass
(Dynamic mass, No wind)",
146.0,1500.0,0.0,55.53,5.2758,2.6988,6.705,10.987,500.0,0,1,"Scenario B — Dynamic Mass
(Dynamic mass, No wind)",
147.0,1500.0,0.0,55.29,5.2523,2.6988,6.705,10.983,500.0,0,1,"Scenario B — Dynamic Mass
(Dynamic mass, No wind)",
148.0,1500.0,0.0,55.04,5.2289,2.6988,6.705,10.979,500.0,0,1,"Scenario B — Dynamic Mass
(Dynamic mass, No wind)",
149.0,1500.0,0.0,54.79,5.2054,2.6988,6.705,10.975,500.0,0,1,"Scenario B — Dynamic Mass
(Dynamic mass, No wind)",
150.0,1500.0,0.0,54.55,5.1819,2.6988,6.705,10.971,500.0,0,1,"Scenario B — Dynamic Mass
(Dynamic mass, No wind)",
151.0,1500.0,0.0,54.3,5.1585,2.6988,6.705,10.967,500.0,0,1,"Scenario B — Dynamic Mass
(Dynamic mass, No wind)",
152.0,1500.0,0.0,54.05,5.135,2.6988,6.705,10.963,500.0,0,1,"Scenario B — Dynamic Mass
(Dynamic mass, No wind)",
153.0,1500.0,0.0,53.81,5.1115,2.6988,6.705,10.96,500.0,0,1,"Scenario B — Dynamic Mass
(Dynamic mass, No wind)",
154.0,1500.0,0.0,53.56,5.0881,2.6988,6.705,10.956,500.0,0,1,"Scenario B — Dynamic Mass
(Dynamic mass, No wind)",
155.0,1500.0,0.0,53.31,5.0646,2.6988,6.705,10.952,500.0,0,1,"Scenario B — Dynamic Mass
(Dynamic mass, No wind)",
156.0,1500.0,0.0,53.06,5.0411,2.6988,6.705,10.948,500.0,0,1,"Scenario B — Dynamic Mass
(Dynamic mass, No wind)",
157.0,1500.0,0.0,52.82,5.0177,2.6988,6.705,10.944,500.0,0,1,"Scenario B — Dynamic Mass
(Dynamic mass, No wind)",
158.0,1500.0,0.0,52.57,4.9942,2.6988,6.705,10.941,500.0,0,1,"Scenario B — Dynamic Mass
(Dynamic mass, No wind)",
159.0,1500.0,0.0,52.32,4.9707,2.6988,6.705,10.937,500.0,0,1,"Scenario B — Dynamic Mass
(Dynamic mass, No wind)",
160.0,1500.0,0.0,52.08,4.9473,2.6988,6.705,10.933,500.0,0,1,"Scenario B — Dynamic Mass
(Dynamic mass, No wind)",
161.0,1500.0,0.0,51.83,4.9238,2.6988,6.705,10.93,500.0,0,1,"Scenario B — Dynamic Mass
(Dynamic mass, No wind)",
162.0,1500.0,0.0,51.58,4.9003,2.6988,6.705,10.926,500.0,0,1,"Scenario B — Dynamic Mass
(Dynamic mass, No wind)",
163.0,1500.0,0.0,51.34,4.8769,2.6988,6.705,10.922,500.0,0,1,"Scenario B — Dynamic Mass
(Dynamic mass, No wind)",
164.0,1500.0,0.0,51.09,4.8534,2.6988,6.705,10.919,500.0,0,1,"Scenario B — Dynamic Mass
(Dynamic mass, No wind)",
165.0,1500.0,0.0,50.84,4.8299,2.6988,6.705,10.915,500.0,0,1,"Scenario B — Dynamic Mass
(Dynamic mass, No wind)",
166.0,1500.0,0.0,50.59,4.8065,2.6988,6.705,10.912,500.0,0,1,"Scenario B — Dynamic Mass
(Dynamic mass, No wind)",
167.0,1500.0,0.0,50.35,4.783,2.6988,6.705,10.908,500.0,0,1,"Scenario B — Dynamic Mass
(Dynamic mass, No wind)",
168.0,1500.0,0.0,50.1,4.7595,2.6988,6.705,10.905,500.0,0,1,"Scenario B — Dynamic Mass
(Dynamic mass, No wind)",
169.0,1500.0,0.0,49.85,4.7361,2.6988,6.705,10.901,500.0,0,1,"Scenario B — Dynamic Mass
(Dynamic mass, No wind)",
170.0,1500.0,0.0,49.61,4.7126,2.6988,6.705,10.897,500.0,0,1,"Scenario B — Dynamic Mass
(Dynamic mass, No wind)",
171.0,1500.0,0.0,49.36,4.6891,2.6988,6.705,10.894,500.0,0,1,"Scenario B — Dynamic Mass
(Dynamic mass, No wind)",
172.0,1500.0,0.0,49.11,4.6657,2.6988,6.705,10.891,500.0,0,1,"Scenario B — Dynamic Mass
(Dynamic mass, No wind)",
173.0,1500.0,0.0,48.87,4.6422,2.6988,6.705,10.887,500.0,0,1,"Scenario B — Dynamic Mass
(Dynamic mass, No wind)",
174.0,1500.0,0.0,48.62,4.6187,2.6988,6.705,10.884,500.0,0,1,"Scenario B — Dynamic Mass
(Dynamic mass, No wind)",
175.0,1500.0,0.0,48.37,4.5953,2.6988,6.705,10.88,500.0,0,1,"Scenario B — Dynamic Mass
(Dynamic mass, No wind)",
176.0,1500.0,0.0,48.12,4.5718,2.6988,6.705,10.877,500.0,0,1,"Scenario B — Dynamic Mass
(Dynamic mass, No wind)",
177.0,1500.0,0.0,47.88,4.5483,2.6988,6.705,10.873,500.0,0,1,"Scenario B — Dynamic Mass
(Dynamic mass, No wind)",
178.0,1500.0,0.0,47.63,4.5248,2.6988,6.705,10.87,500.0,0,1,"Scenario B — Dynamic Mass
(Dynamic mass, No wind)",
179.0,1500.0,0.0,47.38,4.5014,2.6988,6.705,10.866,500.0,0,1,"Scenario B — Dynamic Mass
(Dynamic mass, No wind)",
180.0,1500.0,0.0,47.14,4.4779,2.6988,6.705,10.863,500.0,0,1,"Scenario B — Dynamic Mass
(Dynamic mass, No wind)",
181.0,1500.0,0.0,46.89,4.4544,2.6988,6.705,10.859,500.0,0,1,"Scenario B — Dynamic Mass
(Dynamic mass, No wind)",
182.0,1500.0,0.0,46.64,4.431,2.6988,6.705,10.856,500.0,0,1,"Scenario B — Dynamic Mass
(Dynamic mass, No wind)",
183.0,1500.0,0.0,46.39,4.4075,2.6988,6.705,10.853,500.0,0,1,"Scenario B — Dynamic Mass
(Dynamic mass, No wind)",
184.0,1500.0,0.0,46.15,4.384,2.6988,6.705,10.849,500.0,0,1,"Scenario B — Dynamic Mass
(Dynamic mass, No wind)",
185.0,1500.0,0.0,45.9,4.3606,2.6988,6.705,10.846,500.0,0,1,"Scenario B — Dynamic Mass
(Dynamic mass, No wind)",
186.0,1500.0,0.0,45.65,4.3371,2.6988,6.705,10.842,500.0,0,1,"Scenario B — Dynamic Mass
(Dynamic mass, No wind)",
187.0,1500.0,0.0,45.41,4.3136,2.6988,6.705,10.839,500.0,0,1,"Scenario B — Dynamic Mass
(Dynamic mass, No wind)",
188.0,1500.0,0.0,45.16,4.2902,2.6988,6.705,10.835,500.0,0,1,"Scenario B — Dynamic Mass
(Dynamic mass, No wind)",
189.0,1500.0,0.0,44.91,4.2667,2.6988,6.705,10.832,500.0,0,1,"Scenario B — Dynamic Mass
(Dynamic mass, No wind)",
190.0,1500.0,0.0,44.67,4.2432,2.6988,6.705,10.828,500.0,0,1,"Scenario B — Dynamic Mass
(Dynamic mass, No wind)",
191.0,1500.0,0.0,44.42,4.2198,2.6988,6.705,10.825,500.0,0,1,"Scenario B — Dynamic Mass
(Dynamic mass, No wind)",
192.0,1500.0,0.0,44.17,4.1963,2.6988,6.705,10.821,500.0,0,1,"Scenario B — Dynamic Mass
(Dynamic mass, No wind)",
193.0,1500.0,0.0,43.92,4.1728,2.6988,6.705,10.818,500.0,0,1,"Scenario B — Dynamic Mass
(Dynamic mass, No wind)",
194.0,1500.0,0.0,43.68,4.1494,2.6988,6.705,10.814,500.0,0,1,"Scenario B — Dynamic Mass
(Dynamic mass, No wind)",
195.0,1500.0,0.0,43.43,4.1259,2.6988,6.705,10.811,500.0,0,1,"Scenario B — Dynamic Mass
(Dynamic mass, No wind)",
196.0,1500.0,0.0,43.18,4.1024,2.6988,6.705,10.807,500.0,0,1,"Scenario B — Dynamic Mass
(Dynamic mass, No wind)",
197.0,1500.0,0.0,42.94,4.079,2.6988,6.705,10.803,500.0,0,1,"Scenario B — Dynamic Mass
(Dynamic mass, No wind)",
198.0,1500.0,0.0,42.69,4.0555,2.6988,6.705,10.8,500.0,0,1,"Scenario B — Dynamic Mass
(Dynamic mass, No wind)",
199.0,1500.0,0.0,42.44,4.032,2.6988,6.705,10.796,500.0,0,1,"Scenario B — Dynamic Mass
(Dynamic mass, No wind)",
200.0,1500.0,0.0,42.2,4.0086,2.6988,6.705,10.792,500.0,0,1,"Scenario B — Dynamic Mass
(Dynamic mass, No wind)",
201.0,1500.0,0.0,41.95,3.9851,2.6988,6.705,10.789,500.0,0,1,"Scenario B — Dynamic Mass
(Dynamic mass, No wind)",
202.0,1500.0,0.0,41.7,3.9616,2.6988,6.705,10.785,500.0,0,1,"Scenario B — Dynamic Mass
(Dynamic mass, No wind)",
203.0,1500.0,0.0,41.45,3.9382,2.6988,6.705,10.781,500.0,0,1,"Scenario B — Dynamic Mass
(Dynamic mass, No wind)",
204.0,1500.0,0.0,41.21,3.9147,2.6988,6.705,10.777,500.0,0,1,"Scenario B — Dynamic Mass
(Dynamic mass, No wind)",
205.0,1500.0,0.0,40.96,3.8912,2.6988,6.705,10.774,500.0,0,1,"Scenario B — Dynamic Mass
(Dynamic mass, No wind)",
206.0,1500.0,0.0,40.71,3.8678,2.6988,6.705,10.77,500.0,0,1,"Scenario B — Dynamic Mass
(Dynamic mass, No wind)",
207.0,1500.0,0.0,40.47,3.8443,2.6988,6.705,10.766,500.0,0,1,"Scenario B — Dynamic Mass
(Dynamic mass, No wind)",
208.0,1500.0,0.0,40.22,3.8208,2.6988,6.705,10.762,500.0,0,1,"Scenario B — Dynamic Mass
(Dynamic mass, No wind)",
209.0,1500.0,0.0,39.97,3.7974,2.6988,6.705,10.758,500.0,0,1,"Scenario B — Dynamic Mass
(Dynamic mass, No wind)",
210.0,1500.0,0.0,39.73,3.7739,2.6988,6.705,10.754,500.0,0,1,"Scenario B — Dynamic Mass
(Dynamic mass, No wind)",
211.0,1500.0,0.0,39.48,3.7504,2.6988,6.705,10.75,500.0,0,1,"Scenario B — Dynamic Mass
(Dynamic mass, No wind)",
212.0,1500.0,0.0,39.23,3.727,2.6988,6.705,10.745,500.0,0,1,"Scenario B — Dynamic Mass
(Dynamic mass, No wind)",
213.0,1500.0,0.0,38.98,3.7035,2.6988,6.705,10.741,500.0,0,1,"Scenario B — Dynamic Mass
(Dynamic mass, No wind)",
214.0,1500.0,0.0,38.74,3.68,2.6988,6.705,10.737,500.0,0,1,"Scenario B — Dynamic Mass
(Dynamic mass, No wind)",
215.0,1500.0,0.0,38.49,3.6565,2.6988,6.705,10.733,500.0,0,1,"Scenario B — Dynamic Mass
(Dynamic mass, No wind)",
216.0,1500.0,0.0,38.24,3.6331,2.6988,6.705,10.728,500.0,0,1,"Scenario B — Dynamic Mass
(Dynamic mass, No wind)",
217.0,1500.0,0.0,38.0,3.6096,2.6988,6.705,10.724,500.0,0,1,"Scenario B — Dynamic Mass
(Dynamic mass, No wind)",
218.0,1500.0,0.0,37.75,3.5861,2.6988,6.705,10.719,500.0,0,1,"Scenario B — Dynamic Mass
(Dynamic mass, No wind)",
219.0,1500.0,0.0,37.5,3.5627,2.6988,6.705,10.715,500.0,0,1,"Scenario B — Dynamic Mass
(Dynamic mass, No wind)",
220.0,1500.0,0.0,37.25,3.5392,2.6988,6.705,10.71,500.0,0,1,"Scenario B — Dynamic Mass
(Dynamic mass, No wind)",
221.0,1500.0,0.0,37.01,3.5157,2.6988,6.705,10.706,500.0,0,1,"Scenario B — Dynamic Mass
(Dynamic mass, No wind)",
222.0,1500.0,0.0,36.76,3.4923,2.6988,6.705,10.701,500.0,0,1,"Scenario B — Dynamic Mass
(Dynamic mass, No wind)",
223.0,1500.0,0.0,36.51,3.4688,2.6988,6.705,10.696,500.0,0,1,"Scenario B — Dynamic Mass
(Dynamic mass, No wind)",
224.0,1500.0,0.0,36.27,3.4453,2.6988,6.705,10.691,500.0,0,1,"Scenario B — Dynamic Mass
(Dynamic mass, No wind)",
225.0,1500.0,0.0,36.02,3.4219,2.6988,6.705,10.686,500.0,0,1,"Scenario B — Dynamic Mass
(Dynamic mass, No wind)",
226.0,1500.0,0.0,35.77,3.3984,2.6988,6.705,10.681,500.0,0,1,"Scenario B — Dynamic Mass
(Dynamic mass, No wind)",
227.0,1500.0,0.0,35.53,3.3749,2.6988,6.705,10.676,500.0,0,1,"Scenario B — Dynamic Mass
(Dynamic mass, No wind)",
228.0,1500.0,0.0,35.28,3.3515,2.6988,6.705,10.671,500.0,0,1,"Scenario B — Dynamic Mass
(Dynamic mass, No wind)",
229.0,1500.0,0.0,35.03,3.328,2.6988,6.705,10.665,500.0,0,1,"Scenario B — Dynamic Mass
(Dynamic mass, No wind)",
230.0,1500.0,0.0,34.78,3.3045,2.6988,6.705,10.66,500.0,0,1,"Scenario B — Dynamic Mass
(Dynamic mass, No wind)",
231.0,1500.0,0.0,34.54,3.2811,2.6988,6.705,10.655,500.0,0,1,"Scenario B — Dynamic Mass
(Dynamic mass, No wind)",
232.0,1500.0,0.0,34.29,3.2576,2.6988,6.705,10.649,500.0,0,1,"Scenario B — Dynamic Mass
(Dynamic mass, No wind)",
233.0,1500.0,0.0,34.04,3.2341,2.6988,6.705,10.643,500.0,0,1,"Scenario B — Dynamic Mass
(Dynamic mass, No wind)",
234.0,1500.0,0.0,33.8,3.2107,2.6988,6.705,10.638,500.0,0,1,"Scenario B — Dynamic Mass
(Dynamic mass, No wind)",
235.0,1500.0,0.0,33.55,3.1872,2.6988,6.705,10.632,500.0,0,1,"Scenario B — Dynamic Mass
(Dynamic mass, No wind)",
236.0,1500.0,0.0,33.3,3.1637,2.6988,6.705,10.626,500.0,0,1,"Scenario B — Dynamic Mass
(Dynamic mass, No wind)",
237.0,1500.0,0.0,33.06,3.1403,2.6988,6.705,10.62,500.0,0,1,"Scenario B — Dynamic Mass
(Dynamic mass, No wind)",
238.0,1500.0,0.0,32.81,3.1168,2.6988,6.705,10.613,500.0,0,1,"Scenario B — Dynamic Mass
(Dynamic mass, No wind)",
239.0,1500.0,0.0,32.56,3.0933,2.6988,6.705,10.607,500.0,0,1,"Scenario B — Dynamic Mass
(Dynamic mass, No wind)",
240.0,1500.0,0.0,32.31,3.0699,2.6988,6.705,10.601,500.0,0,1,"Scenario B — Dynamic Mass
(Dynamic mass, No wind)",
241.0,1500.0,0.0,32.07,3.0464,2.6988,6.705,10.594,500.0,0,1,"Scenario B — Dynamic Mass
(Dynamic mass, No wind)",
242.0,1500.0,0.0,31.82,3.0229,2.6988,6.705,10.587,500.0,0,1,"Scenario B — Dynamic Mass
(Dynamic mass, No wind)",
243.0,1500.0,0.0,31.57,2.9995,2.6988,6.705,10.581,500.0,0,1,"Scenario B — Dynamic Mass
(Dynamic mass, No wind)",
244.0,1500.0,0.0,31.33,2.976,2.6988,6.705,10.574,500.0,0,1,"Scenario B — Dynamic Mass
(Dynamic mass, No wind)",
245.0,1500.0,0.0,31.08,2.9525,2.6988,6.705,10.567,500.0,0,1,"Scenario B — Dynamic Mass
(Dynamic mass, No wind)",
246.0,1500.0,0.0,30.83,2.9291,2.6988,6.705,10.56,500.0,0,1,"Scenario B — Dynamic Mass
(Dynamic mass, No wind)",
247.0,1500.0,0.0,30.59,2.9056,2.6988,6.705,10.552,500.0,0,1,"Scenario B — Dynamic Mass
(Dynamic mass, No wind)",
248.0,1500.0,0.0,30.34,2.8821,2.6988,6.705,10.545,500.0,0,1,"Scenario B — Dynamic Mass
(Dynamic mass, No wind)",
249.0,1500.0,0.0,30.09,2.8587,2.6988,6.705,10.537,500.0,0,1,"Scenario B — Dynamic Mass
(Dynamic mass, No wind)",
250.0,1500.0,0.0,29.84,2.8352,2.6988,6.705,10.53,500.0,0,1,"Scenario B — Dynamic Mass
(Dynamic mass, No wind)",
251.0,1500.0,0.0,29.6,2.8117,2.6988,6.705,10.522,500.0,0,1,"Scenario B — Dynamic Mass
(Dynamic mass, No wind)",
252.0,1500.0,0.0,29.35,2.7883,2.6988,6.705,10.514,500.0,0,1,"Scenario B — Dynamic Mass
(Dynamic mass, No wind)",
253.0,1500.0,0.0,29.1,2.7648,2.6988,6.705,10.505,500.0,0,1,"Scenario B — Dynamic Mass
(Dynamic mass, No wind)",
254.0,1500.0,0.0,28.86,2.7413,2.6988,6.705,10.497,500.0,0,1,"Scenario B — Dynamic Mass
(Dynamic mass, No wind)",
255.0,1500.0,0.0,28.61,2.7178,2.6988,6.705,10.489,500.0,0,1,"Scenario B — Dynamic Mass
(Dynamic mass, No wind)",
256.0,1500.0,0.0,28.36,2.6944,2.6988,6.705,10.48,500.0,1,1,"Scenario B — Dynamic Mass
(Dynamic mass, No wind)",1000.0
0.0,2500.0,0.0,99.47,9.45,0.115,14.287,10.995,0.0,0,2,"Scenario B — Dynamic Mass
(Dynamic mass, No wind)",
1.0,2483.3,0.0,98.95,9.4005,0.1139,14.145,11.012,5.0,0,2,"Scenario B — Dynamic Mass
(Dynamic mass, No wind)",
2.0,2466.6,0.0,98.44,9.3515,0.1127,14.004,11.028,10.0,0,2,"Scenario B — Dynamic Mass
(Dynamic mass, No wind)",
3.0,2449.9,0.0,97.93,9.303,0.1674,13.863,11.044,15.0,0,2,"Scenario B — Dynamic Mass
(Dynamic mass, No wind)",
4.0,2433.2,0.0,97.42,9.2549,0.2209,13.723,11.059,20.0,0,2,"Scenario B — Dynamic Mass
(Dynamic mass, No wind)",
5.0,2416.5,0.0,96.92,9.2074,0.2734,13.583,11.073,25.0,0,2,"Scenario B — Dynamic Mass
(Dynamic mass, No wind)",
6.0,2399.8,0.0,96.42,9.1603,0.3247,13.444,11.087,30.0,0,2,"Scenario B — Dynamic Mass
(Dynamic mass, No wind)",
7.0,2383.1,0.0,95.93,9.1138,0.3749,13.305,11.1,35.0,0,2,"Scenario B — Dynamic Mass
(Dynamic mass, No wind)",
8.0,2366.4,0.0,95.45,9.0677,0.424,13.167,11.113,40.0,0,2,"Scenario B — Dynamic Mass
(Dynamic mass, No wind)",
9.0,2349.7,0.0,94.97,9.0221,0.472,13.029,11.124,45.0,0,2,"Scenario B — Dynamic Mass
(Dynamic mass, No wind)",
10.0,2333.0,0.0,94.49,8.977,0.5189,12.892,11.136,50.0,0,2,"Scenario B — Dynamic Mass
(Dynamic mass, No wind)",
11.0,2316.3,0.0,94.02,8.9323,0.5647,12.755,11.147,55.0,0,2,"Scenario B — Dynamic Mass
(Dynamic mass, No wind)",
12.0,2299.6,0.0,93.56,8.8881,0.6095,12.618,11.157,60.0,0,2,"Scenario B — Dynamic Mass
(Dynamic mass, No wind)",
13.0,2282.9,0.0,93.1,8.8445,0.6531,12.482,11.167,65.0,0,2,"Scenario B — Dynamic Mass
(Dynamic mass, No wind)",
14.0,2266.2,0.0,92.64,8.8012,0.6958,12.347,11.177,70.0,0,2,"Scenario B — Dynamic Mass
(Dynamic mass, No wind)",
15.0,2249.5,0.0,92.19,8.7585,0.7373,12.212,11.186,75.0,0,2,"Scenario B — Dynamic Mass
(Dynamic mass, No wind)",
16.0,2232.8,0.0,91.75,8.7162,0.7778,12.078,11.195,80.0,0,2,"Scenario B — Dynamic Mass
(Dynamic mass, No wind)",
17.0,2216.1,0.0,91.31,8.6744,0.8173,11.944,11.203,85.0,0,2,"Scenario B — Dynamic Mass
(Dynamic mass, No wind)",
18.0,2199.4,0.0,90.87,8.6331,0.8557,11.81,11.212,90.0,0,2,"Scenario B — Dynamic Mass
(Dynamic mass, No wind)",
19.0,2182.7,0.0,90.44,8.5922,0.893,11.678,11.22,95.0,0,2,"Scenario B — Dynamic Mass
(Dynamic mass, No wind)",
20.0,2166.0,0.0,90.02,8.5518,0.9294,11.545,11.227,100.0,0,2,"Scenario B — Dynamic Mass
(Dynamic mass, No wind)",
21.0,2149.3,0.0,89.6,8.5119,0.9647,11.413,11.235,105.0,0,2,"Scenario B — Dynamic Mass
(Dynamic mass, No wind)",
22.0,2132.6,0.0,89.18,8.4724,0.999,11.282,11.242,110.0,0,2,"Scenario B — Dynamic Mass
(Dynamic mass, No wind)",
23.0,2115.9,0.0,88.77,8.4333,1.0323,11.151,11.249,115.0,0,2,"Scenario B — Dynamic Mass
(Dynamic mass, No wind)",
24.0,2099.2,0.0,88.37,8.3948,1.0646,11.021,11.256,120.0,0,2,"Scenario B — Dynamic Mass
(Dynamic mass, No wind)",
25.0,2082.5,0.0,87.96,8.3567,1.0959,10.891,11.263,125.0,0,2,"Scenario B — Dynamic Mass
(Dynamic mass, No wind)",
26.0,2065.8,0.0,87.57,8.319,1.1262,10.762,11.269,130.0,0,2,"Scenario B — Dynamic Mass
(Dynamic mass, No wind)",
27.0,2049.1,0.0,87.18,8.2818,1.1555,10.633,11.276,135.0,0,2,"Scenario B — Dynamic Mass
(Dynamic mass, No wind)",
28.0,2032.4,0.0,86.79,8.245,1.1839,10.505,11.282,140.0,0,2,"Scenario B — Dynamic Mass
(Dynamic mass, No wind)",
29.0,2015.7,0.0,86.41,8.2087,1.2113,10.377,11.288,145.0,0,2,"Scenario B — Dynamic Mass
(Dynamic mass, No wind)",
30.0,1999.0,0.0,86.03,8.1728,1.2377,10.25,11.294,150.0,0,2,"Scenario B — Dynamic Mass
(Dynamic mass, No wind)",
31.0,1982.3,0.0,85.66,8.1374,1.2631,10.123,11.3,155.0,0,2,"Scenario B — Dynamic Mass
(Dynamic mass, No wind)",
32.0,1965.6,0.0,85.29,8.1024,1.2876,9.997,11.306,160.0,0,2,"Scenario B — Dynamic Mass
(Dynamic mass, No wind)",
33.0,1948.9,0.0,84.92,8.0678,1.3112,9.871,11.312,165.0,0,2,"Scenario B — Dynamic Mass
(Dynamic mass, No wind)",
34.0,1932.2,0.0,84.57,8.0337,1.3338,9.746,11.317,170.0,0,2,"Scenario B — Dynamic Mass
(Dynamic mass, No wind)",
35.0,1915.5,0.0,84.21,8.0001,1.3555,9.622,11.323,175.0,0,2,"Scenario B — Dynamic Mass
(Dynamic mass, No wind)",
36.0,1898.8,0.0,83.86,7.9668,1.3763,9.498,11.328,180.0,0,2,"Scenario B — Dynamic Mass
(Dynamic mass, No wind)",
37.0,1882.1,0.0,83.52,7.934,1.3961,9.375,11.334,185.0,0,2,"Scenario B — Dynamic Mass
(Dynamic mass, No wind)",
38.0,1865.4,0.0,83.17,7.9016,1.415,9.252,11.339,190.0,0,2,"Scenario B — Dynamic Mass
(Dynamic mass, No wind)",
39.0,1848.7,0.0,82.84,7.8697,1.4331,9.129,11.345,195.0,0,2,"Scenario B — Dynamic Mass
(Dynamic mass, No wind)",
40.0,1832.0,0.0,82.51,7.8381,1.4502,9.008,11.35,200.0,0,2,"Scenario B — Dynamic Mass
(Dynamic mass, No wind)",
41.0,1815.3,0.0,82.18,7.807,1.4665,8.886,11.356,205.0,0,2,"Scenario B — Dynamic Mass
(Dynamic mass, No wind)",
42.0,1798.6,0.0,81.86,7.7764,1.4818,8.766,11.361,210.0,0,2,"Scenario B — Dynamic Mass
(Dynamic mass, No wind)",
43.0,1781.9,0.0,81.54,7.7461,1.4963,8.646,11.366,215.0,0,2,"Scenario B — Dynamic Mass
(Dynamic mass, No wind)",
44.0,1765.2,0.0,81.22,7.7163,1.51,8.526,11.372,220.0,0,2,"Scenario B — Dynamic Mass
(Dynamic mass, No wind)",
45.0,1748.5,0.0,80.91,7.6868,1.5227,8.407,11.377,225.0,0,2,"Scenario B — Dynamic Mass
(Dynamic mass, No wind)",
46.0,1731.8,0.0,80.61,7.6578,1.5346,8.289,11.382,230.0,0,2,"Scenario B — Dynamic Mass
(Dynamic mass, No wind)",
47.0,1715.1,0.0,80.31,7.6292,1.5457,8.171,11.388,235.0,0,2,"Scenario B — Dynamic Mass
(Dynamic mass, No wind)",
48.0,1698.4,0.0,80.01,7.601,1.5559,8.053,11.393,240.0,0,2,"Scenario B — Dynamic Mass
(Dynamic mass, No wind)",
49.0,1681.7,0.0,79.72,7.5733,1.5653,7.937,11.398,245.0,0,2,"Scenario B — Dynamic Mass
(Dynamic mass, No wind)",
50.0,1665.0,0.0,79.43,7.5459,1.5739,7.821,11.404,250.0,0,2,"Scenario B — Dynamic Mass
(Dynamic mass, No wind)",
51.0,1648.3,0.0,79.15,7.5189,1.5817,7.705,11.409,255.0,0,2,"Scenario B — Dynamic Mass
(Dynamic mass, No wind)",
52.0,1631.6,0.0,78.87,7.4924,1.5886,7.59,11.414,260.0,0,2,"Scenario B — Dynamic Mass
(Dynamic mass, No wind)",
53.0,1614.9,0.0,78.59,7.4662,1.5948,7.476,11.42,265.0,0,2,"Scenario B — Dynamic Mass
(Dynamic mass, No wind)",
54.0,1598.2,0.0,78.32,7.4404,1.6001,7.362,11.425,270.0,0,2,"Scenario B — Dynamic Mass
(Dynamic mass, No wind)",
55.0,1581.5,0.0,78.05,7.4151,1.6047,7.249,11.431,275.0,0,2,"Scenario B — Dynamic Mass
(Dynamic mass, No wind)",
56.0,1564.8,0.0,77.79,7.3901,1.6085,7.136,11.436,280.0,0,2,"Scenario B — Dynamic Mass
(Dynamic mass, No wind)",
57.0,1548.1,0.0,77.53,7.3655,1.6115,7.024,11.441,285.0,0,2,"Scenario B — Dynamic Mass
(Dynamic mass, No wind)",
58.0,1531.4,0.0,77.28,7.3413,1.6138,6.913,11.447,290.0,0,2,"Scenario B — Dynamic Mass
(Dynamic mass, No wind)",
59.0,1514.7,0.0,77.03,7.3175,1.6153,6.802,11.452,295.0,0,2,"Scenario B — Dynamic Mass
(Dynamic mass, No wind)",
60.0,1500.0,0.0,76.78,7.294,1.6193,6.705,11.456,300.0,0,2,"Scenario B — Dynamic Mass
(Dynamic mass, No wind)",
61.0,1500.0,0.0,76.53,7.2706,1.6462,6.705,11.45,305.0,0,2,"Scenario B — Dynamic Mass
(Dynamic mass, No wind)",
62.0,1500.0,0.0,76.29,7.2471,1.6732,6.705,11.443,310.0,0,2,"Scenario B — Dynamic Mass
(Dynamic mass, No wind)",
63.0,1500.0,0.0,76.04,7.2236,1.7002,6.705,11.437,315.0,0,2,"Scenario B — Dynamic Mass
(Dynamic mass, No wind)",
64.0,1500.0,0.0,75.79,7.2001,1.7272,6.705,11.43,320.0,0,2,"Scenario B — Dynamic Mass
(Dynamic mass, No wind)",
65.0,1500.0,0.0,75.54,7.1767,1.7542,6.705,11.424,325.0,0,2,"Scenario B — Dynamic Mass
(Dynamic mass, No wind)",
66.0,1500.0,0.0,75.3,7.1532,1.7812,6.705,11.418,330.0,0,2,"Scenario B — Dynamic Mass
(Dynamic mass, No wind)",
67.0,1500.0,0.0,75.05,7.1297,1.8082,6.705,11.411,335.0,0,2,"Scenario B — Dynamic Mass
(Dynamic mass, No wind)",
68.0,1500.0,0.0,74.8,7.1063,1.8352,6.705,11.405,340.0,0,2,"Scenario B — Dynamic Mass
(Dynamic mass, No wind)",
69.0,1500.0,0.0,74.56,7.0828,1.8621,6.705,11.398,345.0,0,2,"Scenario B — Dynamic Mass
(Dynamic mass, No wind)",
70.0,1500.0,0.0,74.31,7.0593,1.8891,6.705,11.392,350.0,0,2,"Scenario B — Dynamic Mass
(Dynamic mass, No wind)",
71.0,1500.0,0.0,74.06,7.0359,1.9161,6.705,11.385,355.0,0,2,"Scenario B — Dynamic Mass
(Dynamic mass, No wind)",
72.0,1500.0,0.0,73.81,7.0124,1.9431,6.705,11.379,360.0,0,2,"Scenario B — Dynamic Mass
(Dynamic mass, No wind)",
73.0,1500.0,0.0,73.57,6.9889,1.9701,6.705,11.373,365.0,0,2,"Scenario B — Dynamic Mass
(Dynamic mass, No wind)",
74.0,1500.0,0.0,73.32,6.9655,1.9971,6.705,11.366,370.0,0,2,"Scenario B — Dynamic Mass
(Dynamic mass, No wind)",
75.0,1500.0,0.0,73.07,6.942,2.0241,6.705,11.36,375.0,0,2,"Scenario B — Dynamic Mass
(Dynamic mass, No wind)",
76.0,1500.0,0.0,72.83,6.9185,2.0511,6.705,11.354,380.0,0,2,"Scenario B — Dynamic Mass
(Dynamic mass, No wind)",
77.0,1500.0,0.0,72.58,6.8951,2.0781,6.705,11.347,385.0,0,2,"Scenario B — Dynamic Mass
(Dynamic mass, No wind)",
78.0,1500.0,0.0,72.33,6.8716,2.105,6.705,11.341,390.0,0,2,"Scenario B — Dynamic Mass
(Dynamic mass, No wind)",
79.0,1500.0,0.0,72.09,6.8481,2.132,6.705,11.335,395.0,0,2,"Scenario B — Dynamic Mass
(Dynamic mass, No wind)",
80.0,1500.0,0.0,71.84,6.8247,2.159,6.705,11.328,400.0,0,2,"Scenario B — Dynamic Mass
(Dynamic mass, No wind)",
81.0,1500.0,0.0,71.59,6.8012,2.186,6.705,11.322,405.0,0,2,"Scenario B — Dynamic Mass
(Dynamic mass, No wind)",
82.0,1500.0,0.0,71.34,6.7777,2.213,6.705,11.316,410.0,0,2,"Scenario B — Dynamic Mass
(Dynamic mass, No wind)",
83.0,1500.0,0.0,71.1,6.7543,2.24,6.705,11.31,415.0,0,2,"Scenario B — Dynamic Mass
(Dynamic mass, No wind)",
84.0,1500.0,0.0,70.85,6.7308,2.267,6.705,11.304,420.0,0,2,"Scenario B — Dynamic Mass
(Dynamic mass, No wind)",
85.0,1500.0,0.0,70.6,6.7073,2.294,6.705,11.298,425.0,0,2,"Scenario B — Dynamic Mass
(Dynamic mass, No wind)",
86.0,1500.0,0.0,70.36,6.6839,2.3209,6.705,11.292,430.0,0,2,"Scenario B — Dynamic Mass
(Dynamic mass, No wind)",
87.0,1500.0,0.0,70.11,6.6604,2.3479,6.705,11.285,435.0,0,2,"Scenario B — Dynamic Mass
(Dynamic mass, No wind)",
88.0,1500.0,0.0,69.86,6.6369,2.3749,6.705,11.279,440.0,0,2,"Scenario B — Dynamic Mass
(Dynamic mass, No wind)",
89.0,1500.0,0.0,69.62,6.6135,2.4019,6.705,11.273,445.0,0,2,"Scenario B — Dynamic Mass
(Dynamic mass, No wind)",
90.0,1500.0,0.0,69.37,6.59,2.4289,6.705,11.267,450.0,0,2,"Scenario B — Dynamic Mass
(Dynamic mass, No wind)",
91.0,1500.0,0.0,69.12,6.5665,2.4559,6.705,11.261,455.0,0,2,"Scenario B — Dynamic Mass
(Dynamic mass, No wind)",
92.0,1500.0,0.0,68.87,6.5431,2.4829,6.705,11.256,460.0,0,2,"Scenario B — Dynamic Mass
(Dynamic mass, No wind)",
93.0,1500.0,0.0,68.63,6.5196,2.5099,6.705,11.25,465.0,0,2,"Scenario B — Dynamic Mass
(Dynamic mass, No wind)",
94.0,1500.0,0.0,68.38,6.4961,2.5368,6.705,11.244,470.0,0,2,"Scenario B — Dynamic Mass
(Dynamic mass, No wind)",
95.0,1500.0,0.0,68.13,6.4727,2.5638,6.705,11.238,475.0,0,2,"Scenario B — Dynamic Mass
(Dynamic mass, No wind)",
96.0,1500.0,0.0,67.89,6.4492,2.5908,6.705,11.232,480.0,0,2,"Scenario B — Dynamic Mass
(Dynamic mass, No wind)",
97.0,1500.0,0.0,67.64,6.4257,2.6178,6.705,11.226,485.0,0,2,"Scenario B — Dynamic Mass
(Dynamic mass, No wind)",
98.0,1500.0,0.0,67.39,6.4023,2.6448,6.705,11.221,490.0,0,2,"Scenario B — Dynamic Mass
(Dynamic mass, No wind)",
99.0,1500.0,0.0,67.15,6.3788,2.6718,6.705,11.215,495.0,0,2,"Scenario B — Dynamic Mass
(Dynamic mass, No wind)",
100.0,1500.0,0.0,66.9,6.3553,2.6988,6.705,11.209,500.0,0,2,"Scenario B — Dynamic Mass
(Dynamic mass, No wind)",
101.0,1500.0,0.0,66.65,6.3319,2.6988,6.705,11.204,500.0,0,2,"Scenario B — Dynamic Mass
(Dynamic mass, No wind)",
102.0,1500.0,0.0,66.4,6.3084,2.6988,6.705,11.198,500.0,0,2,"Scenario B — Dynamic Mass
(Dynamic mass, No wind)",
103.0,1500.0,0.0,66.16,6.2849,2.6988,6.705,11.192,500.0,0,2,"Scenario B — Dynamic Mass
(Dynamic mass, No wind)",
104.0,1500.0,0.0,65.91,6.2614,2.6988,6.705,11.187,500.0,0,2,"Scenario B — Dynamic Mass
(Dynamic mass, No wind)",
105.0,1500.0,0.0,65.66,6.238,2.6988,6.705,11.181,500.0,0,2,"Scenario B — Dynamic Mass
(Dynamic mass, No wind)",
106.0,1500.0,0.0,65.42,6.2145,2.6988,6.705,11.176,500.0,0,2,"Scenario B — Dynamic Mass
(Dynamic mass, No wind)",
107.0,1500.0,0.0,65.17,6.191,2.6988,6.705,11.171,500.0,0,2,"Scenario B — Dynamic Mass
(Dynamic mass, No wind)",
108.0,1500.0,0.0,64.92,6.1676,2.6988,6.705,11.165,500.0,0,2,"Scenario B — Dynamic Mass
(Dynamic mass, No wind)",
109.0,1500.0,0.0,64.67,6.1441,2.6988,6.705,11.16,500.0,0,2,"Scenario B — Dynamic Mass
(Dynamic mass, No wind)",
110.0,1500.0,0.0,64.43,6.1206,2.6988,6.705,11.154,500.0,0,2,"Scenario B — Dynamic Mass
(Dynamic mass, No wind)",
111.0,1500.0,0.0,64.18,6.0972,2.6988,6.705,11.149,500.0,0,2,"Scenario B — Dynamic Mass
(Dynamic mass, No wind)",
112.0,1500.0,0.0,63.93,6.0737,2.6988,6.705,11.144,500.0,0,2,"Scenario B — Dynamic Mass
(Dynamic mass, No wind)",
113.0,1500.0,0.0,63.69,6.0502,2.6988,6.705,11.139,500.0,0,2,"Scenario B — Dynamic Mass
(Dynamic mass, No wind)",
114.0,1500.0,0.0,63.44,6.0268,2.6988,6.705,11.134,500.0,0,2,"Scenario B — Dynamic Mass
(Dynamic mass, No wind)",
115.0,1500.0,0.0,63.19,6.0033,2.6988,6.705,11.128,500.0,0,2,"Scenario B — Dynamic Mass
(Dynamic mass, No wind)",
116.0,1500.0,0.0,62.95,5.9798,2.6988,6.705,11.123,500.0,0,2,"Scenario B — Dynamic Mass
(Dynamic mass, No wind)",
117.0,1500.0,0.0,62.7,5.9564,2.6988,6.705,11.118,500.0,0,2,"Scenario B — Dynamic Mass
(Dynamic mass, No wind)",
118.0,1500.0,0.0,62.45,5.9329,2.6988,6.705,11.113,500.0,0,2,"Scenario B — Dynamic Mass
(Dynamic mass, No wind)",
119.0,1500.0,0.0,62.2,5.9094,2.6988,6.705,11.108,500.0,0,2,"Scenario B — Dynamic Mass
(Dynamic mass, No wind)",
120.0,1500.0,0.0,61.96,5.886,2.6988,6.705,11.103,500.0,0,2,"Scenario B — Dynamic Mass
(Dynamic mass, No wind)",
121.0,1500.0,0.0,61.71,5.8625,2.6988,6.705,11.098,500.0,0,2,"Scenario B — Dynamic Mass
(Dynamic mass, No wind)",
122.0,1500.0,0.0,61.46,5.839,2.6988,6.705,11.093,500.0,0,2,"Scenario B — Dynamic Mass
(Dynamic mass, No wind)",
123.0,1500.0,0.0,61.22,5.8156,2.6988,6.705,11.089,500.0,0,2,"Scenario B — Dynamic Mass
(Dynamic mass, No wind)",
124.0,1500.0,0.0,60.97,5.7921,2.6988,6.705,11.084,500.0,0,2,"Scenario B — Dynamic Mass
(Dynamic mass, No wind)",
125.0,1500.0,0.0,60.72,5.7686,2.6988,6.705,11.079,500.0,0,2,"Scenario B — Dynamic Mass
(Dynamic mass, No wind)",
126.0,1500.0,0.0,60.48,5.7452,2.6988,6.705,11.074,500.0,0,2,"Scenario B — Dynamic Mass
(Dynamic mass, No wind)",
127.0,1500.0,0.0,60.23,5.7217,2.6988,6.705,11.07,500.0,0,2,"Scenario B — Dynamic Mass
(Dynamic mass, No wind)",
128.0,1500.0,0.0,59.98,5.6982,2.6988,6.705,11.065,500.0,0,2,"Scenario B — Dynamic Mass
(Dynamic mass, No wind)",
129.0,1500.0,0.0,59.73,5.6748,2.6988,6.705,11.06,500.0,0,2,"Scenario B — Dynamic Mass
(Dynamic mass, No wind)",
130.0,1500.0,0.0,59.49,5.6513,2.6988,6.705,11.056,500.0,0,2,"Scenario B — Dynamic Mass
(Dynamic mass, No wind)",
131.0,1500.0,0.0,59.24,5.6278,2.6988,6.705,11.051,500.0,0,2,"Scenario B — Dynamic Mass
(Dynamic mass, No wind)",
132.0,1500.0,0.0,58.99,5.6044,2.6988,6.705,11.047,500.0,0,2,"Scenario B — Dynamic Mass
(Dynamic mass, No wind)",
133.0,1500.0,0.0,58.75,5.5809,2.6988,6.705,11.042,500.0,0,2,"Scenario B — Dynamic Mass
(Dynamic mass, No wind)",
134.0,1500.0,0.0,58.5,5.5574,2.6988,6.705,11.038,500.0,0,2,"Scenario B — Dynamic Mass
(Dynamic mass, No wind)",
135.0,1500.0,0.0,58.25,5.534,2.6988,6.705,11.033,500.0,0,2,"Scenario B — Dynamic Mass
(Dynamic mass, No wind)",
136.0,1500.0,0.0,58.01,5.5105,2.6988,6.705,11.029,500.0,0,2,"Scenario B — Dynamic Mass
(Dynamic mass, No wind)",
137.0,1500.0,0.0,57.76,5.487,2.6988,6.705,11.025,500.0,0,2,"Scenario B — Dynamic Mass
(Dynamic mass, No wind)",
138.0,1500.0,0.0,57.51,5.4636,2.6988,6.705,11.02,500.0,0,2,"Scenario B — Dynamic Mass
(Dynamic mass, No wind)",
139.0,1500.0,0.0,57.26,5.4401,2.6988,6.705,11.016,500.0,0,2,"Scenario B — Dynamic Mass
(Dynamic mass, No wind)",
140.0,1500.0,0.0,57.02,5.4166,2.6988,6.705,11.012,500.0,0,2,"Scenario B — Dynamic Mass
(Dynamic mass, No wind)",
141.0,1500.0,0.0,56.77,5.3931,2.6988,6.705,11.008,500.0,0,2,"Scenario B — Dynamic Mass
(Dynamic mass, No wind)",
142.0,1500.0,0.0,56.52,5.3697,2.6988,6.705,11.003,500.0,0,2,"Scenario B — Dynamic Mass
(Dynamic mass, No wind)",
143.0,1500.0,0.0,56.28,5.3462,2.6988,6.705,10.999,500.0,0,2,"Scenario B — Dynamic Mass
(Dynamic mass, No wind)",
144.0,1500.0,0.0,56.03,5.3227,2.6988,6.705,10.995,500.0,0,2,"Scenario B — Dynamic Mass
(Dynamic mass, No wind)",
145.0,1500.0,0.0,55.78,5.2993,2.6988,6.705,10.991,500.0,0,2,"Scenario B — Dynamic Mass
(Dynamic mass, No wind)",
146.0,1500.0,0.0,55.53,5.2758,2.6988,6.705,10.987,500.0,0,2,"Scenario B — Dynamic Mass
(Dynamic mass, No wind)",
147.0,1500.0,0.0,55.29,5.2523,2.6988,6.705,10.983,500.0,0,2,"Scenario B — Dynamic Mass
(Dynamic mass, No wind)",
148.0,1500.0,0.0,55.04,5.2289,2.6988,6.705,10.979,500.0,0,2,"Scenario B — Dynamic Mass
(Dynamic mass, No wind)",
149.0,1500.0,0.0,54.79,5.2054,2.6988,6.705,10.975,500.0,0,2,"Scenario B — Dynamic Mass
(Dynamic mass, No wind)",
150.0,1500.0,0.0,54.55,5.1819,2.6988,6.705,10.971,500.0,0,2,"Scenario B — Dynamic Mass
(Dynamic mass, No wind)",
151.0,1500.0,0.0,54.3,5.1585,2.6988,6.705,10.967,500.0,0,2,"Scenario B — Dynamic Mass
(Dynamic mass, No wind)",
152.0,1500.0,0.0,54.05,5.135,2.6988,6.705,10.963,500.0,0,2,"Scenario B — Dynamic Mass
(Dynamic mass, No wind)",
153.0,1500.0,0.0,53.81,5.1115,2.6988,6.705,10.96,500.0,0,2,"Scenario B — Dynamic Mass
(Dynamic mass, No wind)",
154.0,1500.0,0.0,53.56,5.0881,2.6988,6.705,10.956,500.0,0,2,"Scenario B — Dynamic Mass
(Dynamic mass, No wind)",
155.0,1500.0,0.0,53.31,5.0646,2.6988,6.705,10.952,500.0,0,2,"Scenario B — Dynamic Mass
(Dynamic mass, No wind)",
156.0,1500.0,0.0,53.06,5.0411,2.6988,6.705,10.948,500.0,0,2,"Scenario B — Dynamic Mass
(Dynamic mass, No wind)",
157.0,1500.0,0.0,52.82,5.0177,2.6988,6.705,10.944,500.0,0,2,"Scenario B — Dynamic Mass
(Dynamic mass, No wind)",
158.0,1500.0,0.0,52.57,4.9942,2.6988,6.705,10.941,500.0,0,2,"Scenario B — Dynamic Mass
(Dynamic mass, No wind)",
159.0,1500.0,0.0,52.32,4.9707,2.6988,6.705,10.937,500.0,0,2,"Scenario B — Dynamic Mass
(Dynamic mass, No wind)",
160.0,1500.0,0.0,52.08,4.9473,2.6988,6.705,10.933,500.0,0,2,"Scenario B — Dynamic Mass
(Dynamic mass, No wind)",
161.0,1500.0,0.0,51.83,4.9238,2.6988,6.705,10.93,500.0,0,2,"Scenario B — Dynamic Mass
(Dynamic mass, No wind)",
162.0,1500.0,0.0,51.58,4.9003,2.6988,6.705,10.926,500.0,0,2,"Scenario B — Dynamic Mass
(Dynamic mass, No wind)",
163.0,1500.0,0.0,51.34,4.8769,2.6988,6.705,10.922,500.0,0,2,"Scenario B — Dynamic Mass
(Dynamic mass, No wind)",
164.0,1500.0,0.0,51.09,4.8534,2.6988,6.705,10.919,500.0,0,2,"Scenario B — Dynamic Mass
(Dynamic mass, No wind)",
165.0,1500.0,0.0,50.84,4.8299,2.6988,6.705,10.915,500.0,0,2,"Scenario B — Dynamic Mass
(Dynamic mass, No wind)",
166.0,1500.0,0.0,50.59,4.8065,2.6988,6.705,10.912,500.0,0,2,"Scenario B — Dynamic Mass
(Dynamic mass, No wind)",
167.0,1500.0,0.0,50.35,4.783,2.6988,6.705,10.908,500.0,0,2,"Scenario B — Dynamic Mass
(Dynamic mass, No wind)",
168.0,1500.0,0.0,50.1,4.7595,2.6988,6.705,10.905,500.0,0,2,"Scenario B — Dynamic Mass
(Dynamic mass, No wind)",
169.0,1500.0,0.0,49.85,4.7361,2.6988,6.705,10.901,500.0,0,2,"Scenario B — Dynamic Mass
(Dynamic mass, No wind)",
170.0,1500.0,0.0,49.61,4.7126,2.6988,6.705,10.897,500.0,0,2,"Scenario B — Dynamic Mass
(Dynamic mass, No wind)",
171.0,1500.0,0.0,49.36,4.6891,2.6988,6.705,10.894,500.0,0,2,"Scenario B — Dynamic Mass
(Dynamic mass, No wind)",
172.0,1500.0,0.0,49.11,4.6657,2.6988,6.705,10.891,500.0,0,2,"Scenario B — Dynamic Mass
(Dynamic mass, No wind)",
173.0,1500.0,0.0,48.87,4.6422,2.6988,6.705,10.887,500.0,0,2,"Scenario B — Dynamic Mass
(Dynamic mass, No wind)",
174.0,1500.0,0.0,48.62,4.6187,2.6988,6.705,10.884,500.0,0,2,"Scenario B — Dynamic Mass
(Dynamic mass, No wind)",
175.0,1500.0,0.0,48.37,4.5953,2.6988,6.705,10.88,500.0,0,2,"Scenario B — Dynamic Mass
(Dynamic mass, No wind)",
176.0,1500.0,0.0,48.12,4.5718,2.6988,6.705,10.877,500.0,0,2,"Scenario B — Dynamic Mass
(Dynamic mass, No wind)",
177.0,1500.0,0.0,47.88,4.5483,2.6988,6.705,10.873,500.0,0,2,"Scenario B — Dynamic Mass
(Dynamic mass, No wind)",
178.0,1500.0,0.0,47.63,4.5248,2.6988,6.705,10.87,500.0,0,2,"Scenario B — Dynamic Mass
(Dynamic mass, No wind)",
179.0,1500.0,0.0,47.38,4.5014,2.6988,6.705,10.866,500.0,0,2,"Scenario B — Dynamic Mass
(Dynamic mass, No wind)",
180.0,1500.0,0.0,47.14,4.4779,2.6988,6.705,10.863,500.0,0,2,"Scenario B — Dynamic Mass
(Dynamic mass, No wind)",
181.0,1500.0,0.0,46.89,4.4544,2.6988,6.705,10.859,500.0,0,2,"Scenario B — Dynamic Mass
(Dynamic mass, No wind)",
182.0,1500.0,0.0,46.64,4.431,2.6988,6.705,10.856,500.0,0,2,"Scenario B — Dynamic Mass
(Dynamic mass, No wind)",
183.0,1500.0,0.0,46.39,4.4075,2.6988,6.705,10.853,500.0,0,2,"Scenario B — Dynamic Mass
(Dynamic mass, No wind)",
184.0,1500.0,0.0,46.15,4.384,2.6988,6.705,10.849,500.0,0,2,"Scenario B — Dynamic Mass
(Dynamic mass, No wind)",
185.0,1500.0,0.0,45.9,4.3606,2.6988,6.705,10.846,500.0,0,2,"Scenario B — Dynamic Mass
(Dynamic mass, No wind)",
186.0,1500.0,0.0,45.65,4.3371,2.6988,6.705,10.842,500.0,0,2,"Scenario B — Dynamic Mass
(Dynamic mass, No wind)",
187.0,1500.0,0.0,45.41,4.3136,2.6988,6.705,10.839,500.0,0,2,"Scenario B — Dynamic Mass
(Dynamic mass, No wind)",
188.0,1500.0,0.0,45.16,4.2902,2.6988,6.705,10.835,500.0,0,2,"Scenario B — Dynamic Mass
(Dynamic mass, No wind)",
189.0,1500.0,0.0,44.91,4.2667,2.6988,6.705,10.832,500.0,0,2,"Scenario B — Dynamic Mass
(Dynamic mass, No wind)",
190.0,1500.0,0.0,44.67,4.2432,2.6988,6.705,10.828,500.0,0,2,"Scenario B — Dynamic Mass
(Dynamic mass, No wind)",
191.0,1500.0,0.0,44.42,4.2198,2.6988,6.705,10.825,500.0,0,2,"Scenario B — Dynamic Mass
(Dynamic mass, No wind)",
192.0,1500.0,0.0,44.17,4.1963,2.6988,6.705,10.821,500.0,0,2,"Scenario B — Dynamic Mass
(Dynamic mass, No wind)",
193.0,1500.0,0.0,43.92,4.1728,2.6988,6.705,10.818,500.0,0,2,"Scenario B — Dynamic Mass
(Dynamic mass, No wind)",
194.0,1500.0,0.0,43.68,4.1494,2.6988,6.705,10.814,500.0,0,2,"Scenario B — Dynamic Mass
(Dynamic mass, No wind)",
195.0,1500.0,0.0,43.43,4.1259,2.6988,6.705,10.811,500.0,0,2,"Scenario B — Dynamic Mass
(Dynamic mass, No wind)",
196.0,1500.0,0.0,43.18,4.1024,2.6988,6.705,10.807,500.0,0,2,"Scenario B — Dynamic Mass
(Dynamic mass, No wind)",
197.0,1500.0,0.0,42.94,4.079,2.6988,6.705,10.803,500.0,0,2,"Scenario B — Dynamic Mass
(Dynamic mass, No wind)",
198.0,1500.0,0.0,42.69,4.0555,2.6988,6.705,10.8,500.0,0,2,"Scenario B — Dynamic Mass
(Dynamic mass, No wind)",
199.0,1500.0,0.0,42.44,4.032,2.6988,6.705,10.796,500.0,0,2,"Scenario B — Dynamic Mass
(Dynamic mass, No wind)",
200.0,1500.0,0.0,42.2,4.0086,2.6988,6.705,10.792,500.0,0,2,"Scenario B — Dynamic Mass
(Dynamic mass, No wind)",
201.0,1500.0,0.0,41.95,3.9851,2.6988,6.705,10.789,500.0,0,2,"Scenario B — Dynamic Mass
(Dynamic mass, No wind)",
202.0,1500.0,0.0,41.7,3.9616,2.6988,6.705,10.785,500.0,0,2,"Scenario B — Dynamic Mass
(Dynamic mass, No wind)",
203.0,1500.0,0.0,41.45,3.9382,2.6988,6.705,10.781,500.0,0,2,"Scenario B — Dynamic Mass
(Dynamic mass, No wind)",
204.0,1500.0,0.0,41.21,3.9147,2.6988,6.705,10.777,500.0,0,2,"Scenario B — Dynamic Mass
(Dynamic mass, No wind)",
205.0,1500.0,0.0,40.96,3.8912,2.6988,6.705,10.774,500.0,0,2,"Scenario B — Dynamic Mass
(Dynamic mass, No wind)",
206.0,1500.0,0.0,40.71,3.8678,2.6988,6.705,10.77,500.0,0,2,"Scenario B — Dynamic Mass
(Dynamic mass, No wind)",
207.0,1500.0,0.0,40.47,3.8443,2.6988,6.705,10.766,500.0,0,2,"Scenario B — Dynamic Mass
(Dynamic mass, No wind)",
208.0,1500.0,0.0,40.22,3.8208,2.6988,6.705,10.762,500.0,0,2,"Scenario B — Dynamic Mass
(Dynamic mass, No wind)",
209.0,1500.0,0.0,39.97,3.7974,2.6988,6.705,10.758,500.0,0,2,"Scenario B — Dynamic Mass
(Dynamic mass, No wind)",
210.0,1500.0,0.0,39.73,3.7739,2.6988,6.705,10.754,500.0,0,2,"Scenario B — Dynamic Mass
(Dynamic mass, No wind)",
211.0,1500.0,0.0,39.48,3.7504,2.6988,6.705,10.75,500.0,0,2,"Scenario B — Dynamic Mass
(Dynamic mass, No wind)",
212.0,1500.0,0.0,39.23,3.727,2.6988,6.705,10.745,500.0,0,2,"Scenario B — Dynamic Mass
(Dynamic mass, No wind)",
213.0,1500.0,0.0,38.98,3.7035,2.6988,6.705,10.741,500.0,0,2,"Scenario B — Dynamic Mass
(Dynamic mass, No wind)",
214.0,1500.0,0.0,38.74,3.68,2.6988,6.705,10.737,500.0,0,2,"Scenario B — Dynamic Mass
(Dynamic mass, No wind)",
215.0,1500.0,0.0,38.49,3.6565,2.6988,6.705,10.733,500.0,0,2,"Scenario B — Dynamic Mass
(Dynamic mass, No wind)",
216.0,1500.0,0.0,38.24,3.6331,2.6988,6.705,10.728,500.0,0,2,"Scenario B — Dynamic Mass
(Dynamic mass, No wind)",
217.0,1500.0,0.0,38.0,3.6096,2.6988,6.705,10.724,500.0,0,2,"Scenario B — Dynamic Mass
(Dynamic mass, No wind)",
218.0,1500.0,0.0,37.75,3.5861,2.6988,6.705,10.719,500.0,0,2,"Scenario B — Dynamic Mass
(Dynamic mass, No wind)",
219.0,1500.0,0.0,37.5,3.5627,2.6988,6.705,10.715,500.0,0,2,"Scenario B — Dynamic Mass
(Dynamic mass, No wind)",
220.0,1500.0,0.0,37.25,3.5392,2.6988,6.705,10.71,500.0,0,2,"Scenario B — Dynamic Mass
(Dynamic mass, No wind)",
221.0,1500.0,0.0,37.01,3.5157,2.6988,6.705,10.706,500.0,0,2,"Scenario B — Dynamic Mass
(Dynamic mass, No wind)",
222.0,1500.0,0.0,36.76,3.4923,2.6988,6.705,10.701,500.0,0,2,"Scenario B — Dynamic Mass
(Dynamic mass, No wind)",
223.0,1500.0,0.0,36.51,3.4688,2.6988,6.705,10.696,500.0,0,2,"Scenario B — Dynamic Mass
(Dynamic mass, No wind)",
224.0,1500.0,0.0,36.27,3.4453,2.6988,6.705,10.691,500.0,0,2,"Scenario B — Dynamic Mass
(Dynamic mass, No wind)",
225.0,1500.0,0.0,36.02,3.4219,2.6988,6.705,10.686,500.0,0,2,"Scenario B — Dynamic Mass
(Dynamic mass, No wind)",
226.0,1500.0,0.0,35.77,3.3984,2.6988,6.705,10.681,500.0,0,2,"Scenario B — Dynamic Mass
(Dynamic mass, No wind)",
227.0,1500.0,0.0,35.53,3.3749,2.6988,6.705,10.676,500.0,0,2,"Scenario B — Dynamic Mass
(Dynamic mass, No wind)",
228.0,1500.0,0.0,35.28,3.3515,2.6988,6.705,10.671,500.0,0,2,"Scenario B — Dynamic Mass
(Dynamic mass, No wind)",
229.0,1500.0,0.0,35.03,3.328,2.6988,6.705,10.665,500.0,0,2,"Scenario B — Dynamic Mass
(Dynamic mass, No wind)",
230.0,1500.0,0.0,34.78,3.3045,2.6988,6.705,10.66,500.0,0,2,"Scenario B — Dynamic Mass
(Dynamic mass, No wind)",
231.0,1500.0,0.0,34.54,3.2811,2.6988,6.705,10.655,500.0,0,2,"Scenario B — Dynamic Mass
(Dynamic mass, No wind)",
232.0,1500.0,0.0,34.29,3.2576,2.6988,6.705,10.649,500.0,0,2,"Scenario B — Dynamic Mass
(Dynamic mass, No wind)",
233.0,1500.0,0.0,34.04,3.2341,2.6988,6.705,10.643,500.0,0,2,"Scenario B — Dynamic Mass
(Dynamic mass, No wind)",
234.0,1500.0,0.0,33.8,3.2107,2.6988,6.705,10.638,500.0,0,2,"Scenario B — Dynamic Mass
(Dynamic mass, No wind)",
235.0,1500.0,0.0,33.55,3.1872,2.6988,6.705,10.632,500.0,0,2,"Scenario B — Dynamic Mass
(Dynamic mass, No wind)",
236.0,1500.0,0.0,33.3,3.1637,2.6988,6.705,10.626,500.0,0,2,"Scenario B — Dynamic Mass
(Dynamic mass, No wind)",
237.0,1500.0,0.0,33.06,3.1403,2.6988,6.705,10.62,500.0,0,2,"Scenario B — Dynamic Mass
(Dynamic mass, No wind)",
238.0,1500.0,0.0,32.81,3.1168,2.6988,6.705,10.613,500.0,0,2,"Scenario B — Dynamic Mass
(Dynamic mass, No wind)",
239.0,1500.0,0.0,32.56,3.0933,2.6988,6.705,10.607,500.0,0,2,"Scenario B — Dynamic Mass
(Dynamic mass, No wind)",
240.0,1500.0,0.0,32.31,3.0699,2.6988,6.705,10.601,500.0,0,2,"Scenario B — Dynamic Mass
(Dynamic mass, No wind)",
241.0,1500.0,0.0,32.07,3.0464,2.6988,6.705,10.594,500.0,0,2,"Scenario B — Dynamic Mass
(Dynamic mass, No wind)",
242.0,1500.0,0.0,31.82,3.0229,2.6988,6.705,10.587,500.0,0,2,"Scenario B — Dynamic Mass
(Dynamic mass, No wind)",
243.0,1500.0,0.0,31.57,2.9995,2.6988,6.705,10.581,500.0,0,2,"Scenario B — Dynamic Mass
(Dynamic mass, No wind)",
244.0,1500.0,0.0,31.33,2.976,2.6988,6.705,10.574,500.0,0,2,"Scenario B — Dynamic Mass
(Dynamic mass, No wind)",
245.0,1500.0,0.0,31.08,2.9525,2.6988,6.705,10.567,500.0,0,2,"Scenario B — Dynamic Mass
(Dynamic mass, No wind)",
246.0,1500.0,0.0,30.83,2.9291,2.6988,6.705,10.56,500.0,0,2,"Scenario B — Dynamic Mass
(Dynamic mass, No wind)",
247.0,1500.0,0.0,30.59,2.9056,2.6988,6.705,10.552,500.0,0,2,"Scenario B — Dynamic Mass
(Dynamic mass, No wind)",
248.0,1500.0,0.0,30.34,2.8821,2.6988,6.705,10.545,500.0,0,2,"Scenario B — Dynamic Mass
(Dynamic mass, No wind)",
249.0,1500.0,0.0,30.09,2.8587,2.6988,6.705,10.537,500.0,0,2,"Scenario B — Dynamic Mass
(Dynamic mass, No wind)",
250.0,1500.0,0.0,29.84,2.8352,2.6988,6.705,10.53,500.0,0,2,"Scenario B — Dynamic Mass
(Dynamic mass, No wind)",
251.0,1500.0,0.0,29.6,2.8117,2.6988,6.705,10.522,500.0,0,2,"Scenario B — Dynamic Mass
(Dynamic mass, No wind)",
252.0,1500.0,0.0,29.35,2.7883,2.6988,6.705,10.514,500.0,0,2,"Scenario B — Dynamic Mass
(Dynamic mass, No wind)",
253.0,1500.0,0.0,29.1,2.7648,2.6988,6.705,10.505,500.0,0,2,"Scenario B — Dynamic Mass
(Dynamic mass, No wind)",
254.0,1500.0,0.0,28.86,2.7413,2.6988,6.705,10.497,500.0,0,2,"Scenario B — Dynamic Mass
(Dynamic mass, No wind)",
255.0,1500.0,0.0,28.61,2.7178,2.6988,6.705,10.489,500.0,0,2,"Scenario B — Dynamic Mass
(Dynamic mass, No wind)",
256.0,1500.0,0.0,28.36,2.6944,2.6988,6.705,10.48,500.0,1,2,"Scenario B — Dynamic Mass
(Dynamic mass, No wind)",1000.0
0.0,2500.0,0.0,99.47,9.45,0.115,14.287,10.995,0.0,0,3,"Scenario B — Dynamic Mass
(Dynamic mass, No wind)",
1.0,2483.3,0.0,98.95,9.4005,0.1139,14.145,11.012,5.0,0,3,"Scenario B — Dynamic Mass
(Dynamic mass, No wind)",
2.0,2466.6,0.0,98.44,9.3515,0.1127,14.004,11.028,10.0,0,3,"Scenario B — Dynamic Mass
(Dynamic mass, No wind)",
3.0,2449.9,0.0,97.93,9.303,0.1674,13.863,11.044,15.0,0,3,"Scenario B — Dynamic Mass
(Dynamic mass, No wind)",
4.0,2433.2,0.0,97.42,9.2549,0.2209,13.723,11.059,20.0,0,3,"Scenario B — Dynamic Mass
(Dynamic mass, No wind)",
5.0,2416.5,0.0,96.92,9.2074,0.2734,13.583,11.073,25.0,0,3,"Scenario B — Dynamic Mass
(Dynamic mass, No wind)",
6.0,2399.8,0.0,96.42,9.1603,0.3247,13.444,11.087,30.0,0,3,"Scenario B — Dynamic Mass
(Dynamic mass, No wind)",
7.0,2383.1,0.0,95.93,9.1138,0.3749,13.305,11.1,35.0,0,3,"Scenario B — Dynamic Mass
(Dynamic mass, No wind)",
8.0,2366.4,0.0,95.45,9.0677,0.424,13.167,11.113,40.0,0,3,"Scenario B — Dynamic Mass
(Dynamic mass, No wind)",
9.0,2349.7,0.0,94.97,9.0221,0.472,13.029,11.124,45.0,0,3,"Scenario B — Dynamic Mass
(Dynamic mass, No wind)",
10.0,2333.0,0.0,94.49,8.977,0.5189,12.892,11.136,50.0,0,3,"Scenario B — Dynamic Mass
(Dynamic mass, No wind)",
11.0,2316.3,0.0,94.02,8.9323,0.5647,12.755,11.147,55.0,0,3,"Scenario B — Dynamic Mass
(Dynamic mass, No wind)",
12.0,2299.6,0.0,93.56,8.8881,0.6095,12.618,11.157,60.0,0,3,"Scenario B — Dynamic Mass
(Dynamic mass, No wind)",
13.0,2282.9,0.0,93.1,8.8445,0.6531,12.482,11.167,65.0,0,3,"Scenario B — Dynamic Mass
(Dynamic mass, No wind)",
14.0,2266.2,0.0,92.64,8.8012,0.6958,12.347,11.177,70.0,0,3,"Scenario B — Dynamic Mass
(Dynamic mass, No wind)",
15.0,2249.5,0.0,92.19,8.7585,0.7373,12.212,11.186,75.0,0,3,"Scenario B — Dynamic Mass
(Dynamic mass, No wind)",
16.0,2232.8,0.0,91.75,8.7162,0.7778,12.078,11.195,80.0,0,3,"Scenario B — Dynamic Mass
(Dynamic mass, No wind)",
17.0,2216.1,0.0,91.31,8.6744,0.8173,11.944,11.203,85.0,0,3,"Scenario B — Dynamic Mass
(Dynamic mass, No wind)",
18.0,2199.4,0.0,90.87,8.6331,0.8557,11.81,11.212,90.0,0,3,"Scenario B — Dynamic Mass
(Dynamic mass, No wind)",
19.0,2182.7,0.0,90.44,8.5922,0.893,11.678,11.22,95.0,0,3,"Scenario B — Dynamic Mass
(Dynamic mass, No wind)",
20.0,2166.0,0.0,90.02,8.5518,0.9294,11.545,11.227,100.0,0,3,"Scenario B — Dynamic Mass
(Dynamic mass, No wind)",
21.0,2149.3,0.0,89.6,8.5119,0.9647,11.413,11.235,105.0,0,3,"Scenario B — Dynamic Mass
(Dynamic mass, No wind)",
22.0,2132.6,0.0,89.18,8.4724,0.999,11.282,11.242,110.0,0,3,"Scenario B — Dynamic Mass
(Dynamic mass, No wind)",
23.0,2115.9,0.0,88.77,8.4333,1.0323,11.151,11.249,115.0,0,3,"Scenario B — Dynamic Mass
(Dynamic mass, No wind)",
24.0,2099.2,0.0,88.37,8.3948,1.0646,11.021,11.256,120.0,0,3,"Scenario B — Dynamic Mass
(Dynamic mass, No wind)",
25.0,2082.5,0.0,87.96,8.3567,1.0959,10.891,11.263,125.0,0,3,"Scenario B — Dynamic Mass
(Dynamic mass, No wind)",
26.0,2065.8,0.0,87.57,8.319,1.1262,10.762,11.269,130.0,0,3,"Scenario B — Dynamic Mass
(Dynamic mass, No wind)",
27.0,2049.1,0.0,87.18,8.2818,1.1555,10.633,11.276,135.0,0,3,"Scenario B — Dynamic Mass
(Dynamic mass, No wind)",
28.0,2032.4,0.0,86.79,8.245,1.1839,10.505,11.282,140.0,0,3,"Scenario B — Dynamic Mass
(Dynamic mass, No wind)",
29.0,2015.7,0.0,86.41,8.2087,1.2113,10.377,11.288,145.0,0,3,"Scenario B — Dynamic Mass
(Dynamic mass, No wind)",
30.0,1999.0,0.0,86.03,8.1728,1.2377,10.25,11.294,150.0,0,3,"Scenario B — Dynamic Mass
(Dynamic mass, No wind)",
31.0,1982.3,0.0,85.66,8.1374,1.2631,10.123,11.3,155.0,0,3,"Scenario B — Dynamic Mass
(Dynamic mass, No wind)",
32.0,1965.6,0.0,85.29,8.1024,1.2876,9.997,11.306,160.0,0,3,"Scenario B — Dynamic Mass
(Dynamic mass, No wind)",
33.0,1948.9,0.0,84.92,8.0678,1.3112,9.871,11.312,165.0,0,3,"Scenario B — Dynamic Mass
(Dynamic mass, No wind)",
34.0,1932.2,0.0,84.57,8.0337,1.3338,9.746,11.317,170.0,0,3,"Scenario B — Dynamic Mass
(Dynamic mass, No wind)",
35.0,1915.5,0.0,84.21,8.0001,1.3555,9.622,11.323,175.0,0,3,"Scenario B — Dynamic Mass
(Dynamic mass, No wind)",
36.0,1898.8,0.0,83.86,7.9668,1.3763,9.498,11.328,180.0,0,3,"Scenario B — Dynamic Mass
(Dynamic mass, No wind)",
37.0,1882.1,0.0,83.52,7.934,1.3961,9.375,11.334,185.0,0,3,"Scenario B — Dynamic Mass
(Dynamic mass, No wind)",
38.0,1865.4,0.0,83.17,7.9016,1.415,9.252,11.339,190.0,0,3,"Scenario B — Dynamic Mass
(Dynamic mass, No wind)",
39.0,1848.7,0.0,82.84,7.8697,1.4331,9.129,11.345,195.0,0,3,"Scenario B — Dynamic Mass
(Dynamic mass, No wind)",
40.0,1832.0,0.0,82.51,7.8381,1.4502,9.008,11.35,200.0,0,3,"Scenario B — Dynamic Mass
(Dynamic mass, No wind)",
41.0,1815.3,0.0,82.18,7.807,1.4665,8.886,11.356,205.0,0,3,"Scenario B — Dynamic Mass
(Dynamic mass, No wind)",
42.0,1798.6,0.0,81.86,7.7764,1.4818,8.766,11.361,210.0,0,3,"Scenario B — Dynamic Mass
(Dynamic mass, No wind)",
43.0,1781.9,0.0,81.54,7.7461,1.4963,8.646,11.366,215.0,0,3,"Scenario B — Dynamic Mass
(Dynamic mass, No wind)",
44.0,1765.2,0.0,81.22,7.7163,1.51,8.526,11.372,220.0,0,3,"Scenario B — Dynamic Mass
(Dynamic mass, No wind)",
45.0,1748.5,0.0,80.91,7.6868,1.5227,8.407,11.377,225.0,0,3,"Scenario B — Dynamic Mass
(Dynamic mass, No wind)",
46.0,1731.8,0.0,80.61,7.6578,1.5346,8.289,11.382,230.0,0,3,"Scenario B — Dynamic Mass
(Dynamic mass, No wind)",
47.0,1715.1,0.0,80.31,7.6292,1.5457,8.171,11.388,235.0,0,3,"Scenario B — Dynamic Mass
(Dynamic mass, No wind)",
48.0,1698.4,0.0,80.01,7.601,1.5559,8.053,11.393,240.0,0,3,"Scenario B — Dynamic Mass
(Dynamic mass, No wind)",
49.0,1681.7,0.0,79.72,7.5733,1.5653,7.937,11.398,245.0,0,3,"Scenario B — Dynamic Mass
(Dynamic mass, No wind)",
50.0,1665.0,0.0,79.43,7.5459,1.5739,7.821,11.404,250.0,0,3,"Scenario B — Dynamic Mass
(Dynamic mass, No wind)",
51.0,1648.3,0.0,79.15,7.5189,1.5817,7.705,11.409,255.0,0,3,"Scenario B — Dynamic Mass
(Dynamic mass, No wind)",
52.0,1631.6,0.0,78.87,7.4924,1.5886,7.59,11.414,260.0,0,3,"Scenario B — Dynamic Mass
(Dynamic mass, No wind)",
53.0,1614.9,0.0,78.59,7.4662,1.5948,7.476,11.42,265.0,0,3,"Scenario B — Dynamic Mass
(Dynamic mass, No wind)",
54.0,1598.2,0.0,78.32,7.4404,1.6001,7.362,11.425,270.0,0,3,"Scenario B — Dynamic Mass
(Dynamic mass, No wind)",
55.0,1581.5,0.0,78.05,7.4151,1.6047,7.249,11.431,275.0,0,3,"Scenario B — Dynamic Mass
(Dynamic mass, No wind)",
56.0,1564.8,0.0,77.79,7.3901,1.6085,7.136,11.436,280.0,0,3,"Scenario B — Dynamic Mass
(Dynamic mass, No wind)",
57.0,1548.1,0.0,77.53,7.3655,1.6115,7.024,11.441,285.0,0,3,"Scenario B — Dynamic Mass
(Dynamic mass, No wind)",
58.0,1531.4,0.0,77.28,7.3413,1.6138,6.913,11.447,290.0,0,3,"Scenario B — Dynamic Mass
(Dynamic mass, No wind)",
59.0,1514.7,0.0,77.03,7.3175,1.6153,6.802,11.452,295.0,0,3,"Scenario B — Dynamic Mass
(Dynamic mass, No wind)",
60.0,1500.0,0.0,76.78,7.294,1.6193,6.705,11.456,300.0,0,3,"Scenario B — Dynamic Mass
(Dynamic mass, No wind)",
61.0,1500.0,0.0,76.53,7.2706,1.6462,6.705,11.45,305.0,0,3,"Scenario B — Dynamic Mass
(Dynamic mass, No wind)",
62.0,1500.0,0.0,76.29,7.2471,1.6732,6.705,11.443,310.0,0,3,"Scenario B — Dynamic Mass
(Dynamic mass, No wind)",
63.0,1500.0,0.0,76.04,7.2236,1.7002,6.705,11.437,315.0,0,3,"Scenario B — Dynamic Mass
(Dynamic mass, No wind)",
64.0,1500.0,0.0,75.79,7.2001,1.7272,6.705,11.43,320.0,0,3,"Scenario B — Dynamic Mass
(Dynamic mass, No wind)",
65.0,1500.0,0.0,75.54,7.1767,1.7542,6.705,11.424,325.0,0,3,"Scenario B — Dynamic Mass
(Dynamic mass, No wind)",
66.0,1500.0,0.0,75.3,7.1532,1.7812,6.705,11.418,330.0,0,3,"Scenario B — Dynamic Mass
(Dynamic mass, No wind)",
67.0,1500.0,0.0,75.05,7.1297,1.8082,6.705,11.411,335.0,0,3,"Scenario B — Dynamic Mass
(Dynamic mass, No wind)",
68.0,1500.0,0.0,74.8,7.1063,1.8352,6.705,11.405,340.0,0,3,"Scenario B — Dynamic Mass
(Dynamic mass, No wind)",
69.0,1500.0,0.0,74.56,7.0828,1.8621,6.705,11.398,345.0,0,3,"Scenario B — Dynamic Mass
(Dynamic mass, No wind)",
70.0,1500.0,0.0,74.31,7.0593,1.8891,6.705,11.392,350.0,0,3,"Scenario B — Dynamic Mass
(Dynamic mass, No wind)",
71.0,1500.0,0.0,74.06,7.0359,1.9161,6.705,11.385,355.0,0,3,"Scenario B — Dynamic Mass
(Dynamic mass, No wind)",
72.0,1500.0,0.0,73.81,7.0124,1.9431,6.705,11.379,360.0,0,3,"Scenario B — Dynamic Mass
(Dynamic mass, No wind)",
73.0,1500.0,0.0,73.57,6.9889,1.9701,6.705,11.373,365.0,0,3,"Scenario B — Dynamic Mass
(Dynamic mass, No wind)",
74.0,1500.0,0.0,73.32,6.9655,1.9971,6.705,11.366,370.0,0,3,"Scenario B — Dynamic Mass
(Dynamic mass, No wind)",
75.0,1500.0,0.0,73.07,6.942,2.0241,6.705,11.36,375.0,0,3,"Scenario B — Dynamic Mass
(Dynamic mass, No wind)",
76.0,1500.0,0.0,72.83,6.9185,2.0511,6.705,11.354,380.0,0,3,"Scenario B — Dynamic Mass
(Dynamic mass, No wind)",
77.0,1500.0,0.0,72.58,6.8951,2.0781,6.705,11.347,385.0,0,3,"Scenario B — Dynamic Mass
(Dynamic mass, No wind)",
78.0,1500.0,0.0,72.33,6.8716,2.105,6.705,11.341,390.0,0,3,"Scenario B — Dynamic Mass
(Dynamic mass, No wind)",
79.0,1500.0,0.0,72.09,6.8481,2.132,6.705,11.335,395.0,0,3,"Scenario B — Dynamic Mass
(Dynamic mass, No wind)",
80.0,1500.0,0.0,71.84,6.8247,2.159,6.705,11.328,400.0,0,3,"Scenario B — Dynamic Mass
(Dynamic mass, No wind)",
81.0,1500.0,0.0,71.59,6.8012,2.186,6.705,11.322,405.0,0,3,"Scenario B — Dynamic Mass
(Dynamic mass, No wind)",
82.0,1500.0,0.0,71.34,6.7777,2.213,6.705,11.316,410.0,0,3,"Scenario B — Dynamic Mass
(Dynamic mass, No wind)",
83.0,1500.0,0.0,71.1,6.7543,2.24,6.705,11.31,415.0,0,3,"Scenario B — Dynamic Mass
(Dynamic mass, No wind)",
84.0,1500.0,0.0,70.85,6.7308,2.267,6.705,11.304,420.0,0,3,"Scenario B — Dynamic Mass
(Dynamic mass, No wind)",
85.0,1500.0,0.0,70.6,6.7073,2.294,6.705,11.298,425.0,0,3,"Scenario B — Dynamic Mass
(Dynamic mass, No wind)",
86.0,1500.0,0.0,70.36,6.6839,2.3209,6.705,11.292,430.0,0,3,"Scenario B — Dynamic Mass
(Dynamic mass, No wind)",
87.0,1500.0,0.0,70.11,6.6604,2.3479,6.705,11.285,435.0,0,3,"Scenario B — Dynamic Mass
(Dynamic mass, No wind)",
88.0,1500.0,0.0,69.86,6.6369,2.3749,6.705,11.279,440.0,0,3,"Scenario B — Dynamic Mass
(Dynamic mass, No wind)",
89.0,1500.0,0.0,69.62,6.6135,2.4019,6.705,11.273,445.0,0,3,"Scenario B — Dynamic Mass
(Dynamic mass, No wind)",
90.0,1500.0,0.0,69.37,6.59,2.4289,6.705,11.267,450.0,0,3,"Scenario B — Dynamic Mass
(Dynamic mass, No wind)",
91.0,1500.0,0.0,69.12,6.5665,2.4559,6.705,11.261,455.0,0,3,"Scenario B — Dynamic Mass
(Dynamic mass, No wind)",
92.0,1500.0,0.0,68.87,6.5431,2.4829,6.705,11.256,460.0,0,3,"Scenario B — Dynamic Mass
(Dynamic mass, No wind)",
93.0,1500.0,0.0,68.63,6.5196,2.5099,6.705,11.25,465.0,0,3,"Scenario B — Dynamic Mass
(Dynamic mass, No wind)",
94.0,1500.0,0.0,68.38,6.4961,2.5368,6.705,11.244,470.0,0,3,"Scenario B — Dynamic Mass
(Dynamic mass, No wind)",
95.0,1500.0,0.0,68.13,6.4727,2.5638,6.705,11.238,475.0,0,3,"Scenario B — Dynamic Mass
(Dynamic mass, No wind)",
96.0,1500.0,0.0,67.89,6.4492,2.5908,6.705,11.232,480.0,0,3,"Scenario B — Dynamic Mass
(Dynamic mass, No wind)",
97.0,1500.0,0.0,67.64,6.4257,2.6178,6.705,11.226,485.0,0,3,"Scenario B — Dynamic Mass
(Dynamic mass, No wind)",
98.0,1500.0,0.0,67.39,6.4023,2.6448,6.705,11.221,490.0,0,3,"Scenario B — Dynamic Mass
(Dynamic mass, No wind)",
99.0,1500.0,0.0,67.15,6.3788,2.6718,6.705,11.215,495.0,0,3,"Scenario B — Dynamic Mass
(Dynamic mass, No wind)",
100.0,1500.0,0.0,66.9,6.3553,2.6988,6.705,11.209,500.0,0,3,"Scenario B — Dynamic Mass
(Dynamic mass, No wind)",
101.0,1500.0,0.0,66.65,6.3319,2.6988,6.705,11.204,500.0,0,3,"Scenario B — Dynamic Mass
(Dynamic mass, No wind)",
102.0,1500.0,0.0,66.4,6.3084,2.6988,6.705,11.198,500.0,0,3,"Scenario B — Dynamic Mass
(Dynamic mass, No wind)",
103.0,1500.0,0.0,66.16,6.2849,2.6988,6.705,11.192,500.0,0,3,"Scenario B — Dynamic Mass
(Dynamic mass, No wind)",
104.0,1500.0,0.0,65.91,6.2614,2.6988,6.705,11.187,500.0,0,3,"Scenario B — Dynamic Mass
(Dynamic mass, No wind)",
105.0,1500.0,0.0,65.66,6.238,2.6988,6.705,11.181,500.0,0,3,"Scenario B — Dynamic Mass
(Dynamic mass, No wind)",
106.0,1500.0,0.0,65.42,6.2145,2.6988,6.705,11.176,500.0,0,3,"Scenario B — Dynamic Mass
(Dynamic mass, No wind)",
107.0,1500.0,0.0,65.17,6.191,2.6988,6.705,11.171,500.0,0,3,"Scenario B — Dynamic Mass
(Dynamic mass, No wind)",
108.0,1500.0,0.0,64.92,6.1676,2.6988,6.705,11.165,500.0,0,3,"Scenario B — Dynamic Mass
(Dynamic mass, No wind)",
109.0,1500.0,0.0,64.67,6.1441,2.6988,6.705,11.16,500.0,0,3,"Scenario B — Dynamic Mass
(Dynamic mass, No wind)",
110.0,1500.0,0.0,64.43,6.1206,2.6988,6.705,11.154,500.0,0,3,"Scenario B — Dynamic Mass
(Dynamic mass, No wind)",
111.0,1500.0,0.0,64.18,6.0972,2.6988,6.705,11.149,500.0,0,3,"Scenario B — Dynamic Mass
(Dynamic mass, No wind)",
112.0,1500.0,0.0,63.93,6.0737,2.6988,6.705,11.144,500.0,0,3,"Scenario B — Dynamic Mass
(Dynamic mass, No wind)",
113.0,1500.0,0.0,63.69,6.0502,2.6988,6.705,11.139,500.0,0,3,"Scenario B — Dynamic Mass
(Dynamic mass, No wind)",
114.0,1500.0,0.0,63.44,6.0268,2.6988,6.705,11.134,500.0,0,3,"Scenario B — Dynamic Mass
(Dynamic mass, No wind)",
115.0,1500.0,0.0,63.19,6.0033,2.6988,6.705,11.128,500.0,0,3,"Scenario B — Dynamic Mass
(Dynamic mass, No wind)",
116.0,1500.0,0.0,62.95,5.9798,2.6988,6.705,11.123,500.0,0,3,"Scenario B — Dynamic Mass
(Dynamic mass, No wind)",
117.0,1500.0,0.0,62.7,5.9564,2.6988,6.705,11.118,500.0,0,3,"Scenario B — Dynamic Mass
(Dynamic mass, No wind)",
118.0,1500.0,0.0,62.45,5.9329,2.6988,6.705,11.113,500.0,0,3,"Scenario B — Dynamic Mass
(Dynamic mass, No wind)",
119.0,1500.0,0.0,62.2,5.9094,2.6988,6.705,11.108,500.0,0,3,"Scenario B — Dynamic Mass
(Dynamic mass, No wind)",
120.0,1500.0,0.0,61.96,5.886,2.6988,6.705,11.103,500.0,0,3,"Scenario B — Dynamic Mass
(Dynamic mass, No wind)",
121.0,1500.0,0.0,61.71,5.8625,2.6988,6.705,11.098,500.0,0,3,"Scenario B — Dynamic Mass
(Dynamic mass, No wind)",
122.0,1500.0,0.0,61.46,5.839,2.6988,6.705,11.093,500.0,0,3,"Scenario B — Dynamic Mass
(Dynamic mass, No wind)",
123.0,1500.0,0.0,61.22,5.8156,2.6988,6.705,11.089,500.0,0,3,"Scenario B — Dynamic Mass
(Dynamic mass, No wind)",
124.0,1500.0,0.0,60.97,5.7921,2.6988,6.705,11.084,500.0,0,3,"Scenario B — Dynamic Mass
(Dynamic mass, No wind)",
125.0,1500.0,0.0,60.72,5.7686,2.6988,6.705,11.079,500.0,0,3,"Scenario B — Dynamic Mass
(Dynamic mass, No wind)",
126.0,1500.0,0.0,60.48,5.7452,2.6988,6.705,11.074,500.0,0,3,"Scenario B — Dynamic Mass
(Dynamic mass, No wind)",
127.0,1500.0,0.0,60.23,5.7217,2.6988,6.705,11.07,500.0,0,3,"Scenario B — Dynamic Mass
(Dynamic mass, No wind)",
128.0,1500.0,0.0,59.98,5.6982,2.6988,6.705,11.065,500.0,0,3,"Scenario B — Dynamic Mass
(Dynamic mass, No wind)",
129.0,1500.0,0.0,59.73,5.6748,2.6988,6.705,11.06,500.0,0,3,"Scenario B — Dynamic Mass
(Dynamic mass, No wind)",
130.0,1500.0,0.0,59.49,5.6513,2.6988,6.705,11.056,500.0,0,3,"Scenario B — Dynamic Mass
(Dynamic mass, No wind)",
131.0,1500.0,0.0,59.24,5.6278,2.6988,6.705,11.051,500.0,0,3,"Scenario B — Dynamic Mass
(Dynamic mass, No wind)",
132.0,1500.0,0.0,58.99,5.6044,2.6988,6.705,11.047,500.0,0,3,"Scenario B — Dynamic Mass
(Dynamic mass, No wind)",
133.0,1500.0,0.0,58.75,5.5809,2.6988,6.705,11.042,500.0,0,3,"Scenario B — Dynamic Mass
(Dynamic mass, No wind)",
134.0,1500.0,0.0,58.5,5.5574,2.6988,6.705,11.038,500.0,0,3,"Scenario B — Dynamic Mass
(Dynamic mass, No wind)",
135.0,1500.0,0.0,58.25,5.534,2.6988,6.705,11.033,500.0,0,3,"Scenario B — Dynamic Mass
(Dynamic mass, No wind)",
136.0,1500.0,0.0,58.01,5.5105,2.6988,6.705,11.029,500.0,0,3,"Scenario B — Dynamic Mass
(Dynamic mass, No wind)",
137.0,1500.0,0.0,57.76,5.487,2.6988,6.705,11.025,500.0,0,3,"Scenario B — Dynamic Mass
(Dynamic mass, No wind)",
138.0,1500.0,0.0,57.51,5.4636,2.6988,6.705,11.02,500.0,0,3,"Scenario B — Dynamic Mass
(Dynamic mass, No wind)",
139.0,1500.0,0.0,57.26,5.4401,2.6988,6.705,11.016,500.0,0,3,"Scenario B — Dynamic Mass
(Dynamic mass, No wind)",
140.0,1500.0,0.0,57.02,5.4166,2.6988,6.705,11.012,500.0,0,3,"Scenario B — Dynamic Mass
(Dynamic mass, No wind)",
141.0,1500.0,0.0,56.77,5.3931,2.6988,6.705,11.008,500.0,0,3,"Scenario B — Dynamic Mass
(Dynamic mass, No wind)",
142.0,1500.0,0.0,56.52,5.3697,2.6988,6.705,11.003,500.0,0,3,"Scenario B — Dynamic Mass
(Dynamic mass, No wind)",
143.0,1500.0,0.0,56.28,5.3462,2.6988,6.705,10.999,500.0,0,3,"Scenario B — Dynamic Mass
(Dynamic mass, No wind)",
144.0,1500.0,0.0,56.03,5.3227,2.6988,6.705,10.995,500.0,0,3,"Scenario B — Dynamic Mass
(Dynamic mass, No wind)",
145.0,1500.0,0.0,55.78,5.2993,2.6988,6.705,10.991,500.0,0,3,"Scenario B — Dynamic Mass
(Dynamic mass, No wind)",
146.0,1500.0,0.0,55.53,5.2758,2.6988,6.705,10.987,500.0,0,3,"Scenario B — Dynamic Mass
(Dynamic mass, No wind)",
147.0,1500.0,0.0,55.29,5.2523,2.6988,6.705,10.983,500.0,0,3,"Scenario B — Dynamic Mass
(Dynamic mass, No wind)",
148.0,1500.0,0.0,55.04,5.2289,2.6988,6.705,10.979,500.0,0,3,"Scenario B — Dynamic Mass
(Dynamic mass, No wind)",
149.0,1500.0,0.0,54.79,5.2054,2.6988,6.705,10.975,500.0,0,3,"Scenario B — Dynamic Mass
(Dynamic mass, No wind)",
150.0,1500.0,0.0,54.55,5.1819,2.6988,6.705,10.971,500.0,0,3,"Scenario B — Dynamic Mass
(Dynamic mass, No wind)",
151.0,1500.0,0.0,54.3,5.1585,2.6988,6.705,10.967,500.0,0,3,"Scenario B — Dynamic Mass
(Dynamic mass, No wind)",
152.0,1500.0,0.0,54.05,5.135,2.6988,6.705,10.963,500.0,0,3,"Scenario B — Dynamic Mass
(Dynamic mass, No wind)",
153.0,1500.0,0.0,53.81,5.1115,2.6988,6.705,10.96,500.0,0,3,"Scenario B — Dynamic Mass
(Dynamic mass, No wind)",
154.0,1500.0,0.0,53.56,5.0881,2.6988,6.705,10.956,500.0,0,3,"Scenario B — Dynamic Mass
(Dynamic mass, No wind)",
155.0,1500.0,0.0,53.31,5.0646,2.6988,6.705,10.952,500.0,0,3,"Scenario B — Dynamic Mass
(Dynamic mass, No wind)",
156.0,1500.0,0.0,53.06,5.0411,2.6988,6.705,10.948,500.0,0,3,"Scenario B — Dynamic Mass
(Dynamic mass, No wind)",
157.0,1500.0,0.0,52.82,5.0177,2.6988,6.705,10.944,500.0,0,3,"Scenario B — Dynamic Mass
(Dynamic mass, No wind)",
158.0,1500.0,0.0,52.57,4.9942,2.6988,6.705,10.941,500.0,0,3,"Scenario B — Dynamic Mass
(Dynamic mass, No wind)",
159.0,1500.0,0.0,52.32,4.9707,2.6988,6.705,10.937,500.0,0,3,"Scenario B — Dynamic Mass
(Dynamic mass, No wind)",
160.0,1500.0,0.0,52.08,4.9473,2.6988,6.705,10.933,500.0,0,3,"Scenario B — Dynamic Mass
(Dynamic mass, No wind)",
161.0,1500.0,0.0,51.83,4.9238,2.6988,6.705,10.93,500.0,0,3,"Scenario B — Dynamic Mass
(Dynamic mass, No wind)",
162.0,1500.0,0.0,51.58,4.9003,2.6988,6.705,10.926,500.0,0,3,"Scenario B — Dynamic Mass
(Dynamic mass, No wind)",
163.0,1500.0,0.0,51.34,4.8769,2.6988,6.705,10.922,500.0,0,3,"Scenario B — Dynamic Mass
(Dynamic mass, No wind)",
164.0,1500.0,0.0,51.09,4.8534,2.6988,6.705,10.919,500.0,0,3,"Scenario B — Dynamic Mass
(Dynamic mass, No wind)",
165.0,1500.0,0.0,50.84,4.8299,2.6988,6.705,10.915,500.0,0,3,"Scenario B — Dynamic Mass
(Dynamic mass, No wind)",
166.0,1500.0,0.0,50.59,4.8065,2.6988,6.705,10.912,500.0,0,3,"Scenario B — Dynamic Mass
(Dynamic mass, No wind)",
167.0,1500.0,0.0,50.35,4.783,2.6988,6.705,10.908,500.0,0,3,"Scenario B — Dynamic Mass
(Dynamic mass, No wind)",
168.0,1500.0,0.0,50.1,4.7595,2.6988,6.705,10.905,500.0,0,3,"Scenario B — Dynamic Mass
(Dynamic mass, No wind)",
169.0,1500.0,0.0,49.85,4.7361,2.6988,6.705,10.901,500.0,0,3,"Scenario B — Dynamic Mass
(Dynamic mass, No wind)",
170.0,1500.0,0.0,49.61,4.7126,2.6988,6.705,10.897,500.0,0,3,"Scenario B — Dynamic Mass
(Dynamic mass, No wind)",
171.0,1500.0,0.0,49.36,4.6891,2.6988,6.705,10.894,500.0,0,3,"Scenario B — Dynamic Mass
(Dynamic mass, No wind)",
172.0,1500.0,0.0,49.11,4.6657,2.6988,6.705,10.891,500.0,0,3,"Scenario B — Dynamic Mass
(Dynamic mass, No wind)",
173.0,1500.0,0.0,48.87,4.6422,2.6988,6.705,10.887,500.0,0,3,"Scenario B — Dynamic Mass
(Dynamic mass, No wind)",
174.0,1500.0,0.0,48.62,4.6187,2.6988,6.705,10.884,500.0,0,3,"Scenario B — Dynamic Mass
(Dynamic mass, No wind)",
175.0,1500.0,0.0,48.37,4.5953,2.6988,6.705,10.88,500.0,0,3,"Scenario B — Dynamic Mass
(Dynamic mass, No wind)",
176.0,1500.0,0.0,48.12,4.5718,2.6988,6.705,10.877,500.0,0,3,"Scenario B — Dynamic Mass
(Dynamic mass, No wind)",
177.0,1500.0,0.0,47.88,4.5483,2.6988,6.705,10.873,500.0,0,3,"Scenario B — Dynamic Mass
(Dynamic mass, No wind)",
178.0,1500.0,0.0,47.63,4.5248,2.6988,6.705,10.87,500.0,0,3,"Scenario B — Dynamic Mass
(Dynamic mass, No wind)",
179.0,1500.0,0.0,47.38,4.5014,2.6988,6.705,10.866,500.0,0,3,"Scenario B — Dynamic Mass
(Dynamic mass, No wind)",
180.0,1500.0,0.0,47.14,4.4779,2.6988,6.705,10.863,500.0,0,3,"Scenario B — Dynamic Mass
(Dynamic mass, No wind)",
181.0,1500.0,0.0,46.89,4.4544,2.6988,6.705,10.859,500.0,0,3,"Scenario B — Dynamic Mass
(Dynamic mass, No wind)",
182.0,1500.0,0.0,46.64,4.431,2.6988,6.705,10.856,500.0,0,3,"Scenario B — Dynamic Mass
(Dynamic mass, No wind)",
183.0,1500.0,0.0,46.39,4.4075,2.6988,6.705,10.853,500.0,0,3,"Scenario B — Dynamic Mass
(Dynamic mass, No wind)",
184.0,1500.0,0.0,46.15,4.384,2.6988,6.705,10.849,500.0,0,3,"Scenario B — Dynamic Mass
(Dynamic mass, No wind)",
185.0,1500.0,0.0,45.9,4.3606,2.6988,6.705,10.846,500.0,0,3,"Scenario B — Dynamic Mass
(Dynamic mass, No wind)",
186.0,1500.0,0.0,45.65,4.3371,2.6988,6.705,10.842,500.0,0,3,"Scenario B — Dynamic Mass
(Dynamic mass, No wind)",
187.0,1500.0,0.0,45.41,4.3136,2.6988,6.705,10.839,500.0,0,3,"Scenario B — Dynamic Mass
(Dynamic mass, No wind)",
188.0,1500.0,0.0,45.16,4.2902,2.6988,6.705,10.835,500.0,0,3,"Scenario B — Dynamic Mass
(Dynamic mass, No wind)",
189.0,1500.0,0.0,44.91,4.2667,2.6988,6.705,10.832,500.0,0,3,"Scenario B — Dynamic Mass
(Dynamic mass, No wind)",
190.0,1500.0,0.0,44.67,4.2432,2.6988,6.705,10.828,500.0,0,3,"Scenario B — Dynamic Mass
(Dynamic mass, No wind)",
191.0,1500.0,0.0,44.42,4.2198,2.6988,6.705,10.825,500.0,0,3,"Scenario B — Dynamic Mass
(Dynamic mass, No wind)",
192.0,1500.0,0.0,44.17,4.1963,2.6988,6.705,10.821,500.0,0,3,"Scenario B — Dynamic Mass
(Dynamic mass, No wind)",
193.0,1500.0,0.0,43.92,4.1728,2.6988,6.705,10.818,500.0,0,3,"Scenario B — Dynamic Mass
(Dynamic mass, No wind)",
194.0,1500.0,0.0,43.68,4.1494,2.6988,6.705,10.814,500.0,0,3,"Scenario B — Dynamic Mass
(Dynamic mass, No wind)",
195.0,1500.0,0.0,43.43,4.1259,2.6988,6.705,10.811,500.0,0,3,"Scenario B — Dynamic Mass
(Dynamic mass, No wind)",
196.0,1500.0,0.0,43.18,4.1024,2.6988,6.705,10.807,500.0,0,3,"Scenario B — Dynamic Mass
(Dynamic mass, No wind)",
197.0,1500.0,0.0,42.94,4.079,2.6988,6.705,10.803,500.0,0,3,"Scenario B — Dynamic Mass
(Dynamic mass, No wind)",
198.0,1500.0,0.0,42.69,4.0555,2.6988,6.705,10.8,500.0,0,3,"Scenario B — Dynamic Mass
(Dynamic mass, No wind)",
199.0,1500.0,0.0,42.44,4.032,2.6988,6.705,10.796,500.0,0,3,"Scenario B — Dynamic Mass
(Dynamic mass, No wind)",
200.0,1500.0,0.0,42.2,4.0086,2.6988,6.705,10.792,500.0,0,3,"Scenario B — Dynamic Mass
(Dynamic mass, No wind)",
201.0,1500.0,0.0,41.95,3.9851,2.6988,6.705,10.789,500.0,0,3,"Scenario B — Dynamic Mass
(Dynamic mass, No wind)",
202.0,1500.0,0.0,41.7,3.9616,2.6988,6.705,10.785,500.0,0,3,"Scenario B — Dynamic Mass
(Dynamic mass, No wind)",
203.0,1500.0,0.0,41.45,3.9382,2.6988,6.705,10.781,500.0,0,3,"Scenario B — Dynamic Mass
(Dynamic mass, No wind)",
204.0,1500.0,0.0,41.21,3.9147,2.6988,6.705,10.777,500.0,0,3,"Scenario B — Dynamic Mass
(Dynamic mass, No wind)",
205.0,1500.0,0.0,40.96,3.8912,2.6988,6.705,10.774,500.0,0,3,"Scenario B — Dynamic Mass
(Dynamic mass, No wind)",
206.0,1500.0,0.0,40.71,3.8678,2.6988,6.705,10.77,500.0,0,3,"Scenario B — Dynamic Mass
(Dynamic mass, No wind)",
207.0,1500.0,0.0,40.47,3.8443,2.6988,6.705,10.766,500.0,0,3,"Scenario B — Dynamic Mass
(Dynamic mass, No wind)",
208.0,1500.0,0.0,40.22,3.8208,2.6988,6.705,10.762,500.0,0,3,"Scenario B — Dynamic Mass
(Dynamic mass, No wind)",
209.0,1500.0,0.0,39.97,3.7974,2.6988,6.705,10.758,500.0,0,3,"Scenario B — Dynamic Mass
(Dynamic mass, No wind)",
210.0,1500.0,0.0,39.73,3.7739,2.6988,6.705,10.754,500.0,0,3,"Scenario B — Dynamic Mass
(Dynamic mass, No wind)",
211.0,1500.0,0.0,39.48,3.7504,2.6988,6.705,10.75,500.0,0,3,"Scenario B — Dynamic Mass
(Dynamic mass, No wind)",
212.0,1500.0,0.0,39.23,3.727,2.6988,6.705,10.745,500.0,0,3,"Scenario B — Dynamic Mass
(Dynamic mass, No wind)",
213.0,1500.0,0.0,38.98,3.7035,2.6988,6.705,10.741,500.0,0,3,"Scenario B — Dynamic Mass
(Dynamic mass, No wind)",
214.0,1500.0,0.0,38.74,3.68,2.6988,6.705,10.737,500.0,0,3,"Scenario B — Dynamic Mass
(Dynamic mass, No wind)",
215.0,1500.0,0.0,38.49,3.6565,2.6988,6.705,10.733,500.0,0,3,"Scenario B — Dynamic Mass
(Dynamic mass, No wind)",
216.0,1500.0,0.0,38.24,3.6331,2.6988,6.705,10.728,500.0,0,3,"Scenario B — Dynamic Mass
(Dynamic mass, No wind)",
217.0,1500.0,0.0,38.0,3.6096,2.6988,6.705,10.724,500.0,0,3,"Scenario B — Dynamic Mass
(Dynamic mass, No wind)",
218.0,1500.0,0.0,37.75,3.5861,2.6988,6.705,10.719,500.0,0,3,"Scenario B — Dynamic Mass
(Dynamic mass, No wind)",
219.0,1500.0,0.0,37.5,3.5627,2.6988,6.705,10.715,500.0,0,3,"Scenario B — Dynamic Mass
(Dynamic mass, No wind)",
220.0,1500.0,0.0,37.25,3.5392,2.6988,6.705,10.71,500.0,0,3,"Scenario B — Dynamic Mass
(Dynamic mass, No wind)",
221.0,1500.0,0.0,37.01,3.5157,2.6988,6.705,10.706,500.0,0,3,"Scenario B — Dynamic Mass
(Dynamic mass, No wind)",
222.0,1500.0,0.0,36.76,3.4923,2.6988,6.705,10.701,500.0,0,3,"Scenario B — Dynamic Mass
(Dynamic mass, No wind)",
223.0,1500.0,0.0,36.51,3.4688,2.6988,6.705,10.696,500.0,0,3,"Scenario B — Dynamic Mass
(Dynamic mass, No wind)",
224.0,1500.0,0.0,36.27,3.4453,2.6988,6.705,10.691,500.0,0,3,"Scenario B — Dynamic Mass
(Dynamic mass, No wind)",
225.0,1500.0,0.0,36.02,3.4219,2.6988,6.705,10.686,500.0,0,3,"Scenario B — Dynamic Mass
(Dynamic mass, No wind)",
226.0,1500.0,0.0,35.77,3.3984,2.6988,6.705,10.681,500.0,0,3,"Scenario B — Dynamic Mass
(Dynamic mass, No wind)",
227.0,1500.0,0.0,35.53,3.3749,2.6988,6.705,10.676,500.0,0,3,"Scenario B — Dynamic Mass
(Dynamic mass, No wind)",
228.0,1500.0,0.0,35.28,3.3515,2.6988,6.705,10.671,500.0,0,3,"Scenario B — Dynamic Mass
(Dynamic mass, No wind)",
229.0,1500.0,0.0,35.03,3.328,2.6988,6.705,10.665,500.0,0,3,"Scenario B — Dynamic Mass
(Dynamic mass, No wind)",
230.0,1500.0,0.0,34.78,3.3045,2.6988,6.705,10.66,500.0,0,3,"Scenario B — Dynamic Mass
(Dynamic mass, No wind)",
231.0,1500.0,0.0,34.54,3.2811,2.6988,6.705,10.655,500.0,0,3,"Scenario B — Dynamic Mass
(Dynamic mass, No wind)",
232.0,1500.0,0.0,34.29,3.2576,2.6988,6.705,10.649,500.0,0,3,"Scenario B — Dynamic Mass
(Dynamic mass, No wind)",
233.0,1500.0,0.0,34.04,3.2341,2.6988,6.705,10.643,500.0,0,3,"Scenario B — Dynamic Mass
(Dynamic mass, No wind)",
234.0,1500.0,0.0,33.8,3.2107,2.6988,6.705,10.638,500.0,0,3,"Scenario B — Dynamic Mass
(Dynamic mass, No wind)",
235.0,1500.0,0.0,33.55,3.1872,2.6988,6.705,10.632,500.0,0,3,"Scenario B — Dynamic Mass
(Dynamic mass, No wind)",
236.0,1500.0,0.0,33.3,3.1637,2.6988,6.705,10.626,500.0,0,3,"Scenario B — Dynamic Mass
(Dynamic mass, No wind)",
237.0,1500.0,0.0,33.06,3.1403,2.6988,6.705,10.62,500.0,0,3,"Scenario B — Dynamic Mass
(Dynamic mass, No wind)",
238.0,1500.0,0.0,32.81,3.1168,2.6988,6.705,10.613,500.0,0,3,"Scenario B — Dynamic Mass
(Dynamic mass, No wind)",
239.0,1500.0,0.0,32.56,3.0933,2.6988,6.705,10.607,500.0,0,3,"Scenario B — Dynamic Mass
(Dynamic mass, No wind)",
240.0,1500.0,0.0,32.31,3.0699,2.6988,6.705,10.601,500.0,0,3,"Scenario B — Dynamic Mass
(Dynamic mass, No wind)",
241.0,1500.0,0.0,32.07,3.0464,2.6988,6.705,10.594,500.0,0,3,"Scenario B — Dynamic Mass
(Dynamic mass, No wind)",
242.0,1500.0,0.0,31.82,3.0229,2.6988,6.705,10.587,500.0,0,3,"Scenario B — Dynamic Mass
(Dynamic mass, No wind)",
243.0,1500.0,0.0,31.57,2.9995,2.6988,6.705,10.581,500.0,0,3,"Scenario B — Dynamic Mass
(Dynamic mass, No wind)",
244.0,1500.0,0.0,31.33,2.976,2.6988,6.705,10.574,500.0,0,3,"Scenario B — Dynamic Mass
(Dynamic mass, No wind)",
245.0,1500.0,0.0,31.08,2.9525,2.6988,6.705,10.567,500.0,0,3,"Scenario B — Dynamic Mass
(Dynamic mass, No wind)",
246.0,1500.0,0.0,30.83,2.9291,2.6988,6.705,10.56,500.0,0,3,"Scenario B — Dynamic Mass
(Dynamic mass, No wind)",
247.0,1500.0,0.0,30.59,2.9056,2.6988,6.705,10.552,500.0,0,3,"Scenario B — Dynamic Mass
(Dynamic mass, No wind)",
248.0,1500.0,0.0,30.34,2.8821,2.6988,6.705,10.545,500.0,0,3,"Scenario B — Dynamic Mass
(Dynamic mass, No wind)",
249.0,1500.0,0.0,30.09,2.8587,2.6988,6.705,10.537,500.0,0,3,"Scenario B — Dynamic Mass
(Dynamic mass, No wind)",
250.0,1500.0,0.0,29.84,2.8352,2.6988,6.705,10.53,500.0,0,3,"Scenario B — Dynamic Mass
(Dynamic mass, No wind)",
251.0,1500.0,0.0,29.6,2.8117,2.6988,6.705,10.522,500.0,0,3,"Scenario B — Dynamic Mass
(Dynamic mass, No wind)",
252.0,1500.0,0.0,29.35,2.7883,2.6988,6.705,10.514,500.0,0,3,"Scenario B — Dynamic Mass
(Dynamic mass, No wind)",
253.0,1500.0,0.0,29.1,2.7648,2.6988,6.705,10.505,500.0,0,3,"Scenario B — Dynamic Mass
(Dynamic mass, No wind)",
254.0,1500.0,0.0,28.86,2.7413,2.6988,6.705,10.497,500.0,0,3,"Scenario B — Dynamic Mass
(Dynamic mass, No wind)",
255.0,1500.0,0.0,28.61,2.7178,2.6988,6.705,10.489,500.0,0,3,"Scenario B — Dynamic Mass
(Dynamic mass, No wind)",
256.0,1500.0,0.0,28.36,2.6944,2.6988,6.705,10.48,500.0,1,3,"Scenario B — Dynamic Mass
(Dynamic mass, No wind)",1000.0
0.0,2500.0,3.0,99.46,9.4487,0.118,14.663,10.948,0.0,0,1,"Scenario C1 — Wind 3 m/s
(Static mass, 3 m/s)",
1.0,2500.0,3.0,98.92,9.3974,0.118,14.663,10.948,5.0,0,1,"Scenario C1 — Wind 3 m/s
(Static mass, 3 m/s)",
2.0,2500.0,3.0,98.38,9.346,0.118,14.663,10.947,10.0,0,1,"Scenario C1 — Wind 3 m/s
(Static mass, 3 m/s)",
3.0,2500.0,3.0,97.84,9.2947,0.1771,14.663,10.945,15.0,0,1,"Scenario C1 — Wind 3 m/s
(Static mass, 3 m/s)",
4.0,2500.0,3.0,97.3,9.2434,0.2361,14.663,10.942,20.0,0,1,"Scenario C1 — Wind 3 m/s
(Static mass, 3 m/s)",
5.0,2500.0,3.0,96.76,9.1921,0.2951,14.663,10.939,25.0,0,1,"Scenario C1 — Wind 3 m/s
(Static mass, 3 m/s)",
6.0,2500.0,3.0,96.22,9.1408,0.3541,14.663,10.935,30.0,0,1,"Scenario C1 — Wind 3 m/s
(Static mass, 3 m/s)",
7.0,2500.0,3.0,95.68,9.0894,0.4131,14.663,10.931,35.0,0,1,"Scenario C1 — Wind 3 m/s
(Static mass, 3 m/s)",
8.0,2500.0,3.0,95.14,9.0381,0.4722,14.663,10.926,40.0,0,1,"Scenario C1 — Wind 3 m/s
(Static mass, 3 m/s)",
9.0,2500.0,3.0,94.6,8.9868,0.5312,14.663,10.92,45.0,0,1,"Scenario C1 — Wind 3 m/s
(Static mass, 3 m/s)",
10.0,2500.0,3.0,94.06,8.9355,0.5902,14.663,10.913,50.0,0,1,"Scenario C1 — Wind 3 m/s
(Static mass, 3 m/s)",
11.0,2500.0,3.0,93.52,8.8841,0.6492,14.663,10.906,55.0,0,1,"Scenario C1 — Wind 3 m/s
(Static mass, 3 m/s)",
12.0,2500.0,3.0,92.98,8.8328,0.7082,14.663,10.899,60.0,0,1,"Scenario C1 — Wind 3 m/s
(Static mass, 3 m/s)",
13.0,2500.0,3.0,92.44,8.7815,0.7673,14.663,10.891,65.0,0,1,"Scenario C1 — Wind 3 m/s
(Static mass, 3 m/s)",
14.0,2500.0,3.0,91.9,8.7302,0.8263,14.663,10.882,70.0,0,1,"Scenario C1 — Wind 3 m/s
(Static mass, 3 m/s)",
15.0,2500.0,3.0,91.36,8.6789,0.8853,14.663,10.873,75.0,0,1,"Scenario C1 — Wind 3 m/s
(Static mass, 3 m/s)",
16.0,2500.0,3.0,90.82,8.6275,0.9443,14.663,10.864,80.0,0,1,"Scenario C1 — Wind 3 m/s
(Static mass, 3 m/s)",
17.0,2500.0,3.0,90.28,8.5762,1.0033,14.663,10.854,85.0,0,1,"Scenario C1 — Wind 3 m/s
(Static mass, 3 m/s)",
18.0,2500.0,3.0,89.74,8.5249,1.0623,14.663,10.844,90.0,0,1,"Scenario C1 — Wind 3 m/s
(Static mass, 3 m/s)",
19.0,2500.0,3.0,89.2,8.4736,1.1214,14.663,10.833,95.0,0,1,"Scenario C1 — Wind 3 m/s
(Static mass, 3 m/s)",
20.0,2500.0,3.0,88.66,8.4223,1.1804,14.663,10.822,100.0,0,1,"Scenario C1 — Wind 3 m/s
(Static mass, 3 m/s)",
21.0,2500.0,3.0,88.12,8.3709,1.2394,14.663,10.811,105.0,0,1,"Scenario C1 — Wind 3 m/s
(Static mass, 3 m/s)",
22.0,2500.0,3.0,87.57,8.3196,1.2984,14.663,10.799,110.0,0,1,"Scenario C1 — Wind 3 m/s
(Static mass, 3 m/s)",
23.0,2500.0,3.0,87.03,8.2683,1.3574,14.663,10.787,115.0,0,1,"Scenario C1 — Wind 3 m/s
(Static mass, 3 m/s)",
24.0,2500.0,3.0,86.49,8.217,1.4165,14.663,10.775,120.0,0,1,"Scenario C1 — Wind 3 m/s
(Static mass, 3 m/s)",
25.0,2500.0,3.0,85.95,8.1657,1.4755,14.663,10.762,125.0,0,1,"Scenario C1 — Wind 3 m/s
(Static mass, 3 m/s)",
26.0,2500.0,3.0,85.41,8.1143,1.5345,14.663,10.749,130.0,0,1,"Scenario C1 — Wind 3 m/s
(Static mass, 3 m/s)",
27.0,2500.0,3.0,84.87,8.063,1.5935,14.663,10.736,135.0,0,1,"Scenario C1 — Wind 3 m/s
(Static mass, 3 m/s)",
28.0,2500.0,3.0,84.33,8.0117,1.6525,14.663,10.723,140.0,0,1,"Scenario C1 — Wind 3 m/s
(Static mass, 3 m/s)",
29.0,2500.0,3.0,83.79,7.9604,1.7116,14.663,10.71,145.0,0,1,"Scenario C1 — Wind 3 m/s
(Static mass, 3 m/s)",
30.0,2500.0,3.0,83.25,7.909,1.7706,14.663,10.696,150.0,0,1,"Scenario C1 — Wind 3 m/s
(Static mass, 3 m/s)",
31.0,2500.0,3.0,82.71,7.8577,1.8296,14.663,10.683,155.0,0,1,"Scenario C1 — Wind 3 m/s
(Static mass, 3 m/s)",
32.0,2500.0,3.0,82.17,7.8064,1.8886,14.663,10.669,160.0,0,1,"Scenario C1 — Wind 3 m/s
(Static mass, 3 m/s)",
33.0,2500.0,3.0,81.63,7.7551,1.9476,14.663,10.655,165.0,0,1,"Scenario C1 — Wind 3 m/s
(Static mass, 3 m/s)",
34.0,2500.0,3.0,81.09,7.7038,2.0067,14.663,10.641,170.0,0,1,"Scenario C1 — Wind 3 m/s
(Static mass, 3 m/s)",
35.0,2500.0,3.0,80.55,7.6524,2.0657,14.663,10.627,175.0,0,1,"Scenario C1 — Wind 3 m/s
(Static mass, 3 m/s)",
36.0,2500.0,3.0,80.01,7.6011,2.1247,14.663,10.613,180.0,0,1,"Scenario C1 — Wind 3 m/s
(Static mass, 3 m/s)",
37.0,2500.0,3.0,79.47,7.5498,2.1837,14.663,10.598,185.0,0,1,"Scenario C1 — Wind 3 m/s
(Static mass, 3 m/s)",
38.0,2500.0,3.0,78.93,7.4985,2.2427,14.663,10.584,190.0,0,1,"Scenario C1 — Wind 3 m/s
(Static mass, 3 m/s)",
39.0,2500.0,3.0,78.39,7.4472,2.3018,14.663,10.57,195.0,0,1,"Scenario C1 — Wind 3 m/s
(Static mass, 3 m/s)",
40.0,2500.0,3.0,77.85,7.3958,2.3608,14.663,10.555,200.0,0,1,"Scenario C1 — Wind 3 m/s
(Static mass, 3 m/s)",
41.0,2500.0,3.0,77.31,7.3445,2.4198,14.663,10.541,205.0,0,1,"Scenario C1 — Wind 3 m/s
(Static mass, 3 m/s)",
42.0,2500.0,3.0,76.77,7.2932,2.4788,14.663,10.527,210.0,0,1,"Scenario C1 — Wind 3 m/s
(Static mass, 3 m/s)",
43.0,2500.0,3.0,76.23,7.2419,2.5378,14.663,10.512,215.0,0,1,"Scenario C1 — Wind 3 m/s
(Static mass, 3 m/s)",
44.0,2500.0,3.0,75.69,7.1905,2.5968,14.663,10.498,220.0,0,1,"Scenario C1 — Wind 3 m/s
(Static mass, 3 m/s)",
45.0,2500.0,3.0,75.15,7.1392,2.6559,14.663,10.484,225.0,0,1,"Scenario C1 — Wind 3 m/s
(Static mass, 3 m/s)",
46.0,2500.0,3.0,74.61,7.0879,2.7149,14.663,10.469,230.0,0,1,"Scenario C1 — Wind 3 m/s
(Static mass, 3 m/s)",
47.0,2500.0,3.0,74.07,7.0366,2.7739,14.663,10.455,235.0,0,1,"Scenario C1 — Wind 3 m/s
(Static mass, 3 m/s)",
48.0,2500.0,3.0,73.53,6.9853,2.8329,14.663,10.441,240.0,0,1,"Scenario C1 — Wind 3 m/s
(Static mass, 3 m/s)",
49.0,2500.0,3.0,72.99,6.9339,2.8919,14.663,10.427,245.0,0,1,"Scenario C1 — Wind 3 m/s
(Static mass, 3 m/s)",
50.0,2500.0,3.0,72.45,6.8826,2.951,14.663,10.413,250.0,0,1,"Scenario C1 — Wind 3 m/s
(Static mass, 3 m/s)",
51.0,2500.0,3.0,71.91,6.8313,3.01,14.663,10.399,255.0,0,1,"Scenario C1 — Wind 3 m/s
(Static mass, 3 m/s)",
52.0,2500.0,3.0,71.37,6.78,3.069,14.663,10.385,260.0,0,1,"Scenario C1 — Wind 3 m/s
(Static mass, 3 m/s)",
53.0,2500.0,3.0,70.83,6.7287,3.128,14.663,10.371,265.0,0,1,"Scenario C1 — Wind 3 m/s
(Static mass, 3 m/s)",
54.0,2500.0,3.0,70.29,6.6773,3.187,14.663,10.358,270.0,0,1,"Scenario C1 — Wind 3 m/s
(Static mass, 3 m/s)",
55.0,2500.0,3.0,69.75,6.626,3.2461,14.663,10.344,275.0,0,1,"Scenario C1 — Wind 3 m/s
(Static mass, 3 m/s)",
56.0,2500.0,3.0,69.21,6.5747,3.3051,14.663,10.331,280.0,0,1,"Scenario C1 — Wind 3 m/s
(Static mass, 3 m/s)",
57.0,2500.0,3.0,68.67,6.5234,3.3641,14.663,10.318,285.0,0,1,"Scenario C1 — Wind 3 m/s
(Static mass, 3 m/s)",
58.0,2500.0,3.0,68.13,6.4721,3.4231,14.663,10.305,290.0,0,1,"Scenario C1 — Wind 3 m/s
(Static mass, 3 m/s)",
59.0,2500.0,3.0,67.59,6.4207,3.4821,14.663,10.292,295.0,0,1,"Scenario C1 — Wind 3 m/s
(Static mass, 3 m/s)",
60.0,2500.0,3.0,67.05,6.3694,3.5412,14.663,10.279,300.0,0,1,"Scenario C1 — Wind 3 m/s
(Static mass, 3 m/s)",
61.0,2500.0,3.0,66.51,6.3181,3.6002,14.663,10.266,305.0,0,1,"Scenario C1 — Wind 3 m/s
(Static mass, 3 m/s)",
62.0,2500.0,3.0,65.97,6.2668,3.6592,14.663,10.254,310.0,0,1,"Scenario C1 — Wind 3 m/s
(Static mass, 3 m/s)",
63.0,2500.0,3.0,65.43,6.2154,3.7182,14.663,10.241,315.0,0,1,"Scenario C1 — Wind 3 m/s
(Static mass, 3 m/s)",
64.0,2500.0,3.0,64.89,6.1641,3.7772,14.663,10.229,320.0,0,1,"Scenario C1 — Wind 3 m/s
(Static mass, 3 m/s)",
65.0,2500.0,3.0,64.35,6.1128,3.8363,14.663,10.217,325.0,0,1,"Scenario C1 — Wind 3 m/s
(Static mass, 3 m/s)",
66.0,2500.0,3.0,63.81,6.0615,3.8953,14.663,10.205,330.0,0,1,"Scenario C1 — Wind 3 m/s
(Static mass, 3 m/s)",
67.0,2500.0,3.0,63.26,6.0102,3.9543,14.663,10.193,335.0,0,1,"Scenario C1 — Wind 3 m/s
(Static mass, 3 m/s)",
68.0,2500.0,3.0,62.72,5.9588,4.0133,14.663,10.182,340.0,0,1,"Scenario C1 — Wind 3 m/s
(Static mass, 3 m/s)",
69.0,2500.0,3.0,62.18,5.9075,4.0723,14.663,10.17,345.0,0,1,"Scenario C1 — Wind 3 m/s
(Static mass, 3 m/s)",
70.0,2500.0,3.0,61.64,5.8562,4.1314,14.663,10.159,350.0,0,1,"Scenario C1 — Wind 3 m/s
(Static mass, 3 m/s)",
71.0,2500.0,3.0,61.1,5.8049,4.1904,14.663,10.148,355.0,0,1,"Scenario C1 — Wind 3 m/s
(Static mass, 3 m/s)",
72.0,2500.0,3.0,60.56,5.7536,4.2494,14.663,10.137,360.0,0,1,"Scenario C1 — Wind 3 m/s
(Static mass, 3 m/s)",
73.0,2500.0,3.0,60.02,5.7022,4.3084,14.663,10.126,365.0,0,1,"Scenario C1 — Wind 3 m/s
(Static mass, 3 m/s)",
74.0,2500.0,3.0,59.48,5.6509,4.3674,14.663,10.115,370.0,0,1,"Scenario C1 — Wind 3 m/s
(Static mass, 3 m/s)",
75.0,2500.0,3.0,58.94,5.5996,4.4264,14.663,10.105,375.0,0,1,"Scenario C1 — Wind 3 m/s
(Static mass, 3 m/s)",
76.0,2500.0,3.0,58.4,5.5483,4.4855,14.663,10.094,380.0,0,1,"Scenario C1 — Wind 3 m/s
(Static mass, 3 m/s)",
77.0,2500.0,3.0,57.86,5.497,4.5445,14.663,10.084,385.0,0,1,"Scenario C1 — Wind 3 m/s
(Static mass, 3 m/s)",
78.0,2500.0,3.0,57.32,5.4456,4.6035,14.663,10.074,390.0,0,1,"Scenario C1 — Wind 3 m/s
(Static mass, 3 m/s)",
79.0,2500.0,3.0,56.78,5.3943,4.6625,14.663,10.064,395.0,0,1,"Scenario C1 — Wind 3 m/s
(Static mass, 3 m/s)",
80.0,2500.0,3.0,56.24,5.343,4.7215,14.663,10.054,400.0,0,1,"Scenario C1 — Wind 3 m/s
(Static mass, 3 m/s)",
81.0,2500.0,3.0,55.7,5.2917,4.7806,14.663,10.044,405.0,0,1,"Scenario C1 — Wind 3 m/s
(Static mass, 3 m/s)",
82.0,2500.0,3.0,55.16,5.2403,4.8396,14.663,10.035,410.0,0,1,"Scenario C1 — Wind 3 m/s
(Static mass, 3 m/s)",
83.0,2500.0,3.0,54.62,5.189,4.8986,14.663,10.025,415.0,0,1,"Scenario C1 — Wind 3 m/s
(Static mass, 3 m/s)",
84.0,2500.0,3.0,54.08,5.1377,4.9576,14.663,10.016,420.0,0,1,"Scenario C1 — Wind 3 m/s
(Static mass, 3 m/s)",
85.0,2500.0,3.0,53.54,5.0864,5.0166,14.663,10.006,425.0,0,1,"Scenario C1 — Wind 3 m/s
(Static mass, 3 m/s)",
86.0,2500.0,3.0,53.0,5.0351,5.0757,14.663,9.997,430.0,1,1,"Scenario C1 — Wind 3 m/s
(Static mass, 3 m/s)",1000.0
0.0,2500.0,3.0,99.46,9.4487,0.118,14.663,10.948,0.0,0,2,"Scenario C1 — Wind 3 m/s
(Static mass, 3 m/s)",
1.0,2500.0,3.0,98.92,9.3974,0.118,14.663,10.948,5.0,0,2,"Scenario C1 — Wind 3 m/s
(Static mass, 3 m/s)",
2.0,2500.0,3.0,98.38,9.346,0.118,14.663,10.947,10.0,0,2,"Scenario C1 — Wind 3 m/s
(Static mass, 3 m/s)",
3.0,2500.0,3.0,97.84,9.2947,0.1771,14.663,10.945,15.0,0,2,"Scenario C1 — Wind 3 m/s
(Static mass, 3 m/s)",
4.0,2500.0,3.0,97.3,9.2434,0.2361,14.663,10.942,20.0,0,2,"Scenario C1 — Wind 3 m/s
(Static mass, 3 m/s)",
5.0,2500.0,3.0,96.76,9.1921,0.2951,14.663,10.939,25.0,0,2,"Scenario C1 — Wind 3 m/s
(Static mass, 3 m/s)",
6.0,2500.0,3.0,96.22,9.1408,0.3541,14.663,10.935,30.0,0,2,"Scenario C1 — Wind 3 m/s
(Static mass, 3 m/s)",
7.0,2500.0,3.0,95.68,9.0894,0.4131,14.663,10.931,35.0,0,2,"Scenario C1 — Wind 3 m/s
(Static mass, 3 m/s)",
8.0,2500.0,3.0,95.14,9.0381,0.4722,14.663,10.926,40.0,0,2,"Scenario C1 — Wind 3 m/s
(Static mass, 3 m/s)",
9.0,2500.0,3.0,94.6,8.9868,0.5312,14.663,10.92,45.0,0,2,"Scenario C1 — Wind 3 m/s
(Static mass, 3 m/s)",
10.0,2500.0,3.0,94.06,8.9355,0.5902,14.663,10.913,50.0,0,2,"Scenario C1 — Wind 3 m/s
(Static mass, 3 m/s)",
11.0,2500.0,3.0,93.52,8.8841,0.6492,14.663,10.906,55.0,0,2,"Scenario C1 — Wind 3 m/s
(Static mass, 3 m/s)",
12.0,2500.0,3.0,92.98,8.8328,0.7082,14.663,10.899,60.0,0,2,"Scenario C1 — Wind 3 m/s
(Static mass, 3 m/s)",
13.0,2500.0,3.0,92.44,8.7815,0.7673,14.663,10.891,65.0,0,2,"Scenario C1 — Wind 3 m/s
(Static mass, 3 m/s)",
14.0,2500.0,3.0,91.9,8.7302,0.8263,14.663,10.882,70.0,0,2,"Scenario C1 — Wind 3 m/s
(Static mass, 3 m/s)",
15.0,2500.0,3.0,91.36,8.6789,0.8853,14.663,10.873,75.0,0,2,"Scenario C1 — Wind 3 m/s
(Static mass, 3 m/s)",
16.0,2500.0,3.0,90.82,8.6275,0.9443,14.663,10.864,80.0,0,2,"Scenario C1 — Wind 3 m/s
(Static mass, 3 m/s)",
17.0,2500.0,3.0,90.28,8.5762,1.0033,14.663,10.854,85.0,0,2,"Scenario C1 — Wind 3 m/s
(Static mass, 3 m/s)",
18.0,2500.0,3.0,89.74,8.5249,1.0623,14.663,10.844,90.0,0,2,"Scenario C1 — Wind 3 m/s
(Static mass, 3 m/s)",
19.0,2500.0,3.0,89.2,8.4736,1.1214,14.663,10.833,95.0,0,2,"Scenario C1 — Wind 3 m/s
(Static mass, 3 m/s)",
20.0,2500.0,3.0,88.66,8.4223,1.1804,14.663,10.822,100.0,0,2,"Scenario C1 — Wind 3 m/s
(Static mass, 3 m/s)",
21.0,2500.0,3.0,88.12,8.3709,1.2394,14.663,10.811,105.0,0,2,"Scenario C1 — Wind 3 m/s
(Static mass, 3 m/s)",
22.0,2500.0,3.0,87.57,8.3196,1.2984,14.663,10.799,110.0,0,2,"Scenario C1 — Wind 3 m/s
(Static mass, 3 m/s)",
23.0,2500.0,3.0,87.03,8.2683,1.3574,14.663,10.787,115.0,0,2,"Scenario C1 — Wind 3 m/s
(Static mass, 3 m/s)",
24.0,2500.0,3.0,86.49,8.217,1.4165,14.663,10.775,120.0,0,2,"Scenario C1 — Wind 3 m/s
(Static mass, 3 m/s)",
25.0,2500.0,3.0,85.95,8.1657,1.4755,14.663,10.762,125.0,0,2,"Scenario C1 — Wind 3 m/s
(Static mass, 3 m/s)",
26.0,2500.0,3.0,85.41,8.1143,1.5345,14.663,10.749,130.0,0,2,"Scenario C1 — Wind 3 m/s
(Static mass, 3 m/s)",
27.0,2500.0,3.0,84.87,8.063,1.5935,14.663,10.736,135.0,0,2,"Scenario C1 — Wind 3 m/s
(Static mass, 3 m/s)",
28.0,2500.0,3.0,84.33,8.0117,1.6525,14.663,10.723,140.0,0,2,"Scenario C1 — Wind 3 m/s
(Static mass, 3 m/s)",
29.0,2500.0,3.0,83.79,7.9604,1.7116,14.663,10.71,145.0,0,2,"Scenario C1 — Wind 3 m/s
(Static mass, 3 m/s)",
30.0,2500.0,3.0,83.25,7.909,1.7706,14.663,10.696,150.0,0,2,"Scenario C1 — Wind 3 m/s
(Static mass, 3 m/s)",
31.0,2500.0,3.0,82.71,7.8577,1.8296,14.663,10.683,155.0,0,2,"Scenario C1 — Wind 3 m/s
(Static mass, 3 m/s)",
32.0,2500.0,3.0,82.17,7.8064,1.8886,14.663,10.669,160.0,0,2,"Scenario C1 — Wind 3 m/s
(Static mass, 3 m/s)",
33.0,2500.0,3.0,81.63,7.7551,1.9476,14.663,10.655,165.0,0,2,"Scenario C1 — Wind 3 m/s
(Static mass, 3 m/s)",
34.0,2500.0,3.0,81.09,7.7038,2.0067,14.663,10.641,170.0,0,2,"Scenario C1 — Wind 3 m/s
(Static mass, 3 m/s)",
35.0,2500.0,3.0,80.55,7.6524,2.0657,14.663,10.627,175.0,0,2,"Scenario C1 — Wind 3 m/s
(Static mass, 3 m/s)",
36.0,2500.0,3.0,80.01,7.6011,2.1247,14.663,10.613,180.0,0,2,"Scenario C1 — Wind 3 m/s
(Static mass, 3 m/s)",
37.0,2500.0,3.0,79.47,7.5498,2.1837,14.663,10.598,185.0,0,2,"Scenario C1 — Wind 3 m/s
(Static mass, 3 m/s)",
38.0,2500.0,3.0,78.93,7.4985,2.2427,14.663,10.584,190.0,0,2,"Scenario C1 — Wind 3 m/s
(Static mass, 3 m/s)",
39.0,2500.0,3.0,78.39,7.4472,2.3018,14.663,10.57,195.0,0,2,"Scenario C1 — Wind 3 m/s
(Static mass, 3 m/s)",
40.0,2500.0,3.0,77.85,7.3958,2.3608,14.663,10.555,200.0,0,2,"Scenario C1 — Wind 3 m/s
(Static mass, 3 m/s)",
41.0,2500.0,3.0,77.31,7.3445,2.4198,14.663,10.541,205.0,0,2,"Scenario C1 — Wind 3 m/s
(Static mass, 3 m/s)",
42.0,2500.0,3.0,76.77,7.2932,2.4788,14.663,10.527,210.0,0,2,"Scenario C1 — Wind 3 m/s
(Static mass, 3 m/s)",
43.0,2500.0,3.0,76.23,7.2419,2.5378,14.663,10.512,215.0,0,2,"Scenario C1 — Wind 3 m/s
(Static mass, 3 m/s)",
44.0,2500.0,3.0,75.69,7.1905,2.5968,14.663,10.498,220.0,0,2,"Scenario C1 — Wind 3 m/s
(Static mass, 3 m/s)",
45.0,2500.0,3.0,75.15,7.1392,2.6559,14.663,10.484,225.0,0,2,"Scenario C1 — Wind 3 m/s
(Static mass, 3 m/s)",
46.0,2500.0,3.0,74.61,7.0879,2.7149,14.663,10.469,230.0,0,2,"Scenario C1 — Wind 3 m/s
(Static mass, 3 m/s)",
47.0,2500.0,3.0,74.07,7.0366,2.7739,14.663,10.455,235.0,0,2,"Scenario C1 — Wind 3 m/s
(Static mass, 3 m/s)",
48.0,2500.0,3.0,73.53,6.9853,2.8329,14.663,10.441,240.0,0,2,"Scenario C1 — Wind 3 m/s
(Static mass, 3 m/s)",
49.0,2500.0,3.0,72.99,6.9339,2.8919,14.663,10.427,245.0,0,2,"Scenario C1 — Wind 3 m/s
(Static mass, 3 m/s)",
50.0,2500.0,3.0,72.45,6.8826,2.951,14.663,10.413,250.0,0,2,"Scenario C1 — Wind 3 m/s
(Static mass, 3 m/s)",
51.0,2500.0,3.0,71.91,6.8313,3.01,14.663,10.399,255.0,0,2,"Scenario C1 — Wind 3 m/s
(Static mass, 3 m/s)",
52.0,2500.0,3.0,71.37,6.78,3.069,14.663,10.385,260.0,0,2,"Scenario C1 — Wind 3 m/s
(Static mass, 3 m/s)",
53.0,2500.0,3.0,70.83,6.7287,3.128,14.663,10.371,265.0,0,2,"Scenario C1 — Wind 3 m/s
(Static mass, 3 m/s)",
54.0,2500.0,3.0,70.29,6.6773,3.187,14.663,10.358,270.0,0,2,"Scenario C1 — Wind 3 m/s
(Static mass, 3 m/s)",
55.0,2500.0,3.0,69.75,6.626,3.2461,14.663,10.344,275.0,0,2,"Scenario C1 — Wind 3 m/s
(Static mass, 3 m/s)",
56.0,2500.0,3.0,69.21,6.5747,3.3051,14.663,10.331,280.0,0,2,"Scenario C1 — Wind 3 m/s
(Static mass, 3 m/s)",
57.0,2500.0,3.0,68.67,6.5234,3.3641,14.663,10.318,285.0,0,2,"Scenario C1 — Wind 3 m/s
(Static mass, 3 m/s)",
58.0,2500.0,3.0,68.13,6.4721,3.4231,14.663,10.305,290.0,0,2,"Scenario C1 — Wind 3 m/s
(Static mass, 3 m/s)",
59.0,2500.0,3.0,67.59,6.4207,3.4821,14.663,10.292,295.0,0,2,"Scenario C1 — Wind 3 m/s
(Static mass, 3 m/s)",
60.0,2500.0,3.0,67.05,6.3694,3.5412,14.663,10.279,300.0,0,2,"Scenario C1 — Wind 3 m/s
(Static mass, 3 m/s)",
61.0,2500.0,3.0,66.51,6.3181,3.6002,14.663,10.266,305.0,0,2,"Scenario C1 — Wind 3 m/s
(Static mass, 3 m/s)",
62.0,2500.0,3.0,65.97,6.2668,3.6592,14.663,10.254,310.0,0,2,"Scenario C1 — Wind 3 m/s
(Static mass, 3 m/s)",
63.0,2500.0,3.0,65.43,6.2154,3.7182,14.663,10.241,315.0,0,2,"Scenario C1 — Wind 3 m/s
(Static mass, 3 m/s)",
64.0,2500.0,3.0,64.89,6.1641,3.7772,14.663,10.229,320.0,0,2,"Scenario C1 — Wind 3 m/s
(Static mass, 3 m/s)",
65.0,2500.0,3.0,64.35,6.1128,3.8363,14.663,10.217,325.0,0,2,"Scenario C1 — Wind 3 m/s
(Static mass, 3 m/s)",
66.0,2500.0,3.0,63.81,6.0615,3.8953,14.663,10.205,330.0,0,2,"Scenario C1 — Wind 3 m/s
(Static mass, 3 m/s)",
67.0,2500.0,3.0,63.26,6.0102,3.9543,14.663,10.193,335.0,0,2,"Scenario C1 — Wind 3 m/s
(Static mass, 3 m/s)",
68.0,2500.0,3.0,62.72,5.9588,4.0133,14.663,10.182,340.0,0,2,"Scenario C1 — Wind 3 m/s
(Static mass, 3 m/s)",
69.0,2500.0,3.0,62.18,5.9075,4.0723,14.663,10.17,345.0,0,2,"Scenario C1 — Wind 3 m/s
(Static mass, 3 m/s)",
70.0,2500.0,3.0,61.64,5.8562,4.1314,14.663,10.159,350.0,0,2,"Scenario C1 — Wind 3 m/s
(Static mass, 3 m/s)",
71.0,2500.0,3.0,61.1,5.8049,4.1904,14.663,10.148,355.0,0,2,"Scenario C1 — Wind 3 m/s
(Static mass, 3 m/s)",
72.0,2500.0,3.0,60.56,5.7536,4.2494,14.663,10.137,360.0,0,2,"Scenario C1 — Wind 3 m/s
(Static mass, 3 m/s)",
73.0,2500.0,3.0,60.02,5.7022,4.3084,14.663,10.126,365.0,0,2,"Scenario C1 — Wind 3 m/s
(Static mass, 3 m/s)",
74.0,2500.0,3.0,59.48,5.6509,4.3674,14.663,10.115,370.0,0,2,"Scenario C1 — Wind 3 m/s
(Static mass, 3 m/s)",
75.0,2500.0,3.0,58.94,5.5996,4.4264,14.663,10.105,375.0,0,2,"Scenario C1 — Wind 3 m/s
(Static mass, 3 m/s)",
76.0,2500.0,3.0,58.4,5.5483,4.4855,14.663,10.094,380.0,0,2,"Scenario C1 — Wind 3 m/s
(Static mass, 3 m/s)",
77.0,2500.0,3.0,57.86,5.497,4.5445,14.663,10.084,385.0,0,2,"Scenario C1 — Wind 3 m/s
(Static mass, 3 m/s)",
78.0,2500.0,3.0,57.32,5.4456,4.6035,14.663,10.074,390.0,0,2,"Scenario C1 — Wind 3 m/s
(Static mass, 3 m/s)",
79.0,2500.0,3.0,56.78,5.3943,4.6625,14.663,10.064,395.0,0,2,"Scenario C1 — Wind 3 m/s
(Static mass, 3 m/s)",
80.0,2500.0,3.0,56.24,5.343,4.7215,14.663,10.054,400.0,0,2,"Scenario C1 — Wind 3 m/s
(Static mass, 3 m/s)",
81.0,2500.0,3.0,55.7,5.2917,4.7806,14.663,10.044,405.0,0,2,"Scenario C1 — Wind 3 m/s
(Static mass, 3 m/s)",
82.0,2500.0,3.0,55.16,5.2403,4.8396,14.663,10.035,410.0,0,2,"Scenario C1 — Wind 3 m/s
(Static mass, 3 m/s)",
83.0,2500.0,3.0,54.62,5.189,4.8986,14.663,10.025,415.0,0,2,"Scenario C1 — Wind 3 m/s
(Static mass, 3 m/s)",
84.0,2500.0,3.0,54.08,5.1377,4.9576,14.663,10.016,420.0,0,2,"Scenario C1 — Wind 3 m/s
(Static mass, 3 m/s)",
85.0,2500.0,3.0,53.54,5.0864,5.0166,14.663,10.006,425.0,0,2,"Scenario C1 — Wind 3 m/s
(Static mass, 3 m/s)",
86.0,2500.0,3.0,53.0,5.0351,5.0757,14.663,9.997,430.0,1,2,"Scenario C1 — Wind 3 m/s
(Static mass, 3 m/s)",1000.0
0.0,2500.0,3.0,99.46,9.4487,0.118,14.663,10.948,0.0,0,3,"Scenario C1 — Wind 3 m/s
(Static mass, 3 m/s)",
1.0,2500.0,3.0,98.92,9.3974,0.118,14.663,10.948,5.0,0,3,"Scenario C1 — Wind 3 m/s
(Static mass, 3 m/s)",
2.0,2500.0,3.0,98.38,9.346,0.118,14.663,10.947,10.0,0,3,"Scenario C1 — Wind 3 m/s
(Static mass, 3 m/s)",
3.0,2500.0,3.0,97.84,9.2947,0.1771,14.663,10.945,15.0,0,3,"Scenario C1 — Wind 3 m/s
(Static mass, 3 m/s)",
4.0,2500.0,3.0,97.3,9.2434,0.2361,14.663,10.942,20.0,0,3,"Scenario C1 — Wind 3 m/s
(Static mass, 3 m/s)",
5.0,2500.0,3.0,96.76,9.1921,0.2951,14.663,10.939,25.0,0,3,"Scenario C1 — Wind 3 m/s
(Static mass, 3 m/s)",
6.0,2500.0,3.0,96.22,9.1408,0.3541,14.663,10.935,30.0,0,3,"Scenario C1 — Wind 3 m/s
(Static mass, 3 m/s)",
7.0,2500.0,3.0,95.68,9.0894,0.4131,14.663,10.931,35.0,0,3,"Scenario C1 — Wind 3 m/s
(Static mass, 3 m/s)",
8.0,2500.0,3.0,95.14,9.0381,0.4722,14.663,10.926,40.0,0,3,"Scenario C1 — Wind 3 m/s
(Static mass, 3 m/s)",
9.0,2500.0,3.0,94.6,8.9868,0.5312,14.663,10.92,45.0,0,3,"Scenario C1 — Wind 3 m/s
(Static mass, 3 m/s)",
10.0,2500.0,3.0,94.06,8.9355,0.5902,14.663,10.913,50.0,0,3,"Scenario C1 — Wind 3 m/s
(Static mass, 3 m/s)",
11.0,2500.0,3.0,93.52,8.8841,0.6492,14.663,10.906,55.0,0,3,"Scenario C1 — Wind 3 m/s
(Static mass, 3 m/s)",
12.0,2500.0,3.0,92.98,8.8328,0.7082,14.663,10.899,60.0,0,3,"Scenario C1 — Wind 3 m/s
(Static mass, 3 m/s)",
13.0,2500.0,3.0,92.44,8.7815,0.7673,14.663,10.891,65.0,0,3,"Scenario C1 — Wind 3 m/s
(Static mass, 3 m/s)",
14.0,2500.0,3.0,91.9,8.7302,0.8263,14.663,10.882,70.0,0,3,"Scenario C1 — Wind 3 m/s
(Static mass, 3 m/s)",
15.0,2500.0,3.0,91.36,8.6789,0.8853,14.663,10.873,75.0,0,3,"Scenario C1 — Wind 3 m/s
(Static mass, 3 m/s)",
16.0,2500.0,3.0,90.82,8.6275,0.9443,14.663,10.864,80.0,0,3,"Scenario C1 — Wind 3 m/s
(Static mass, 3 m/s)",
17.0,2500.0,3.0,90.28,8.5762,1.0033,14.663,10.854,85.0,0,3,"Scenario C1 — Wind 3 m/s
(Static mass, 3 m/s)",
18.0,2500.0,3.0,89.74,8.5249,1.0623,14.663,10.844,90.0,0,3,"Scenario C1 — Wind 3 m/s
(Static mass, 3 m/s)",
19.0,2500.0,3.0,89.2,8.4736,1.1214,14.663,10.833,95.0,0,3,"Scenario C1 — Wind 3 m/s
(Static mass, 3 m/s)",
20.0,2500.0,3.0,88.66,8.4223,1.1804,14.663,10.822,100.0,0,3,"Scenario C1 — Wind 3 m/s
(Static mass, 3 m/s)",
21.0,2500.0,3.0,88.12,8.3709,1.2394,14.663,10.811,105.0,0,3,"Scenario C1 — Wind 3 m/s
(Static mass, 3 m/s)",
22.0,2500.0,3.0,87.57,8.3196,1.2984,14.663,10.799,110.0,0,3,"Scenario C1 — Wind 3 m/s
(Static mass, 3 m/s)",
23.0,2500.0,3.0,87.03,8.2683,1.3574,14.663,10.787,115.0,0,3,"Scenario C1 — Wind 3 m/s
(Static mass, 3 m/s)",
24.0,2500.0,3.0,86.49,8.217,1.4165,14.663,10.775,120.0,0,3,"Scenario C1 — Wind 3 m/s
(Static mass, 3 m/s)",
25.0,2500.0,3.0,85.95,8.1657,1.4755,14.663,10.762,125.0,0,3,"Scenario C1 — Wind 3 m/s
(Static mass, 3 m/s)",
26.0,2500.0,3.0,85.41,8.1143,1.5345,14.663,10.749,130.0,0,3,"Scenario C1 — Wind 3 m/s
(Static mass, 3 m/s)",
27.0,2500.0,3.0,84.87,8.063,1.5935,14.663,10.736,135.0,0,3,"Scenario C1 — Wind 3 m/s
(Static mass, 3 m/s)",
28.0,2500.0,3.0,84.33,8.0117,1.6525,14.663,10.723,140.0,0,3,"Scenario C1 — Wind 3 m/s
(Static mass, 3 m/s)",
29.0,2500.0,3.0,83.79,7.9604,1.7116,14.663,10.71,145.0,0,3,"Scenario C1 — Wind 3 m/s
(Static mass, 3 m/s)",
30.0,2500.0,3.0,83.25,7.909,1.7706,14.663,10.696,150.0,0,3,"Scenario C1 — Wind 3 m/s
(Static mass, 3 m/s)",
31.0,2500.0,3.0,82.71,7.8577,1.8296,14.663,10.683,155.0,0,3,"Scenario C1 — Wind 3 m/s
(Static mass, 3 m/s)",
32.0,2500.0,3.0,82.17,7.8064,1.8886,14.663,10.669,160.0,0,3,"Scenario C1 — Wind 3 m/s
(Static mass, 3 m/s)",
33.0,2500.0,3.0,81.63,7.7551,1.9476,14.663,10.655,165.0,0,3,"Scenario C1 — Wind 3 m/s
(Static mass, 3 m/s)",
34.0,2500.0,3.0,81.09,7.7038,2.0067,14.663,10.641,170.0,0,3,"Scenario C1 — Wind 3 m/s
(Static mass, 3 m/s)",
35.0,2500.0,3.0,80.55,7.6524,2.0657,14.663,10.627,175.0,0,3,"Scenario C1 — Wind 3 m/s
(Static mass, 3 m/s)",
36.0,2500.0,3.0,80.01,7.6011,2.1247,14.663,10.613,180.0,0,3,"Scenario C1 — Wind 3 m/s
(Static mass, 3 m/s)",
37.0,2500.0,3.0,79.47,7.5498,2.1837,14.663,10.598,185.0,0,3,"Scenario C1 — Wind 3 m/s
(Static mass, 3 m/s)",
38.0,2500.0,3.0,78.93,7.4985,2.2427,14.663,10.584,190.0,0,3,"Scenario C1 — Wind 3 m/s
(Static mass, 3 m/s)",
39.0,2500.0,3.0,78.39,7.4472,2.3018,14.663,10.57,195.0,0,3,"Scenario C1 — Wind 3 m/s
(Static mass, 3 m/s)",
40.0,2500.0,3.0,77.85,7.3958,2.3608,14.663,10.555,200.0,0,3,"Scenario C1 — Wind 3 m/s
(Static mass, 3 m/s)",
41.0,2500.0,3.0,77.31,7.3445,2.4198,14.663,10.541,205.0,0,3,"Scenario C1 — Wind 3 m/s
(Static mass, 3 m/s)",
42.0,2500.0,3.0,76.77,7.2932,2.4788,14.663,10.527,210.0,0,3,"Scenario C1 — Wind 3 m/s
(Static mass, 3 m/s)",
43.0,2500.0,3.0,76.23,7.2419,2.5378,14.663,10.512,215.0,0,3,"Scenario C1 — Wind 3 m/s
(Static mass, 3 m/s)",
44.0,2500.0,3.0,75.69,7.1905,2.5968,14.663,10.498,220.0,0,3,"Scenario C1 — Wind 3 m/s
(Static mass, 3 m/s)",
45.0,2500.0,3.0,75.15,7.1392,2.6559,14.663,10.484,225.0,0,3,"Scenario C1 — Wind 3 m/s
(Static mass, 3 m/s)",
46.0,2500.0,3.0,74.61,7.0879,2.7149,14.663,10.469,230.0,0,3,"Scenario C1 — Wind 3 m/s
(Static mass, 3 m/s)",
47.0,2500.0,3.0,74.07,7.0366,2.7739,14.663,10.455,235.0,0,3,"Scenario C1 — Wind 3 m/s
(Static mass, 3 m/s)",
48.0,2500.0,3.0,73.53,6.9853,2.8329,14.663,10.441,240.0,0,3,"Scenario C1 — Wind 3 m/s
(Static mass, 3 m/s)",
49.0,2500.0,3.0,72.99,6.9339,2.8919,14.663,10.427,245.0,0,3,"Scenario C1 — Wind 3 m/s
(Static mass, 3 m/s)",
50.0,2500.0,3.0,72.45,6.8826,2.951,14.663,10.413,250.0,0,3,"Scenario C1 — Wind 3 m/s
(Static mass, 3 m/s)",
51.0,2500.0,3.0,71.91,6.8313,3.01,14.663,10.399,255.0,0,3,"Scenario C1 — Wind 3 m/s
(Static mass, 3 m/s)",
52.0,2500.0,3.0,71.37,6.78,3.069,14.663,10.385,260.0,0,3,"Scenario C1 — Wind 3 m/s
(Static mass, 3 m/s)",
53.0,2500.0,3.0,70.83,6.7287,3.128,14.663,10.371,265.0,0,3,"Scenario C1 — Wind 3 m/s
(Static mass, 3 m/s)",
54.0,2500.0,3.0,70.29,6.6773,3.187,14.663,10.358,270.0,0,3,"Scenario C1 — Wind 3 m/s
(Static mass, 3 m/s)",
55.0,2500.0,3.0,69.75,6.626,3.2461,14.663,10.344,275.0,0,3,"Scenario C1 — Wind 3 m/s
(Static mass, 3 m/s)",
56.0,2500.0,3.0,69.21,6.5747,3.3051,14.663,10.331,280.0,0,3,"Scenario C1 — Wind 3 m/s
(Static mass, 3 m/s)",
57.0,2500.0,3.0,68.67,6.5234,3.3641,14.663,10.318,285.0,0,3,"Scenario C1 — Wind 3 m/s
(Static mass, 3 m/s)",
58.0,2500.0,3.0,68.13,6.4721,3.4231,14.663,10.305,290.0,0,3,"Scenario C1 — Wind 3 m/s
(Static mass, 3 m/s)",
59.0,2500.0,3.0,67.59,6.4207,3.4821,14.663,10.292,295.0,0,3,"Scenario C1 — Wind 3 m/s
(Static mass, 3 m/s)",
60.0,2500.0,3.0,67.05,6.3694,3.5412,14.663,10.279,300.0,0,3,"Scenario C1 — Wind 3 m/s
(Static mass, 3 m/s)",
61.0,2500.0,3.0,66.51,6.3181,3.6002,14.663,10.266,305.0,0,3,"Scenario C1 — Wind 3 m/s
(Static mass, 3 m/s)",
62.0,2500.0,3.0,65.97,6.2668,3.6592,14.663,10.254,310.0,0,3,"Scenario C1 — Wind 3 m/s
(Static mass, 3 m/s)",
63.0,2500.0,3.0,65.43,6.2154,3.7182,14.663,10.241,315.0,0,3,"Scenario C1 — Wind 3 m/s
(Static mass, 3 m/s)",
64.0,2500.0,3.0,64.89,6.1641,3.7772,14.663,10.229,320.0,0,3,"Scenario C1 — Wind 3 m/s
(Static mass, 3 m/s)",
65.0,2500.0,3.0,64.35,6.1128,3.8363,14.663,10.217,325.0,0,3,"Scenario C1 — Wind 3 m/s
(Static mass, 3 m/s)",
66.0,2500.0,3.0,63.81,6.0615,3.8953,14.663,10.205,330.0,0,3,"Scenario C1 — Wind 3 m/s
(Static mass, 3 m/s)",
67.0,2500.0,3.0,63.26,6.0102,3.9543,14.663,10.193,335.0,0,3,"Scenario C1 — Wind 3 m/s
(Static mass, 3 m/s)",
68.0,2500.0,3.0,62.72,5.9588,4.0133,14.663,10.182,340.0,0,3,"Scenario C1 — Wind 3 m/s
(Static mass, 3 m/s)",
69.0,2500.0,3.0,62.18,5.9075,4.0723,14.663,10.17,345.0,0,3,"Scenario C1 — Wind 3 m/s
(Static mass, 3 m/s)",
70.0,2500.0,3.0,61.64,5.8562,4.1314,14.663,10.159,350.0,0,3,"Scenario C1 — Wind 3 m/s
(Static mass, 3 m/s)",
71.0,2500.0,3.0,61.1,5.8049,4.1904,14.663,10.148,355.0,0,3,"Scenario C1 — Wind 3 m/s
(Static mass, 3 m/s)",
72.0,2500.0,3.0,60.56,5.7536,4.2494,14.663,10.137,360.0,0,3,"Scenario C1 — Wind 3 m/s
(Static mass, 3 m/s)",
73.0,2500.0,3.0,60.02,5.7022,4.3084,14.663,10.126,365.0,0,3,"Scenario C1 — Wind 3 m/s
(Static mass, 3 m/s)",
74.0,2500.0,3.0,59.48,5.6509,4.3674,14.663,10.115,370.0,0,3,"Scenario C1 — Wind 3 m/s
(Static mass, 3 m/s)",
75.0,2500.0,3.0,58.94,5.5996,4.4264,14.663,10.105,375.0,0,3,"Scenario C1 — Wind 3 m/s
(Static mass, 3 m/s)",
76.0,2500.0,3.0,58.4,5.5483,4.4855,14.663,10.094,380.0,0,3,"Scenario C1 — Wind 3 m/s
(Static mass, 3 m/s)",
77.0,2500.0,3.0,57.86,5.497,4.5445,14.663,10.084,385.0,0,3,"Scenario C1 — Wind 3 m/s
(Static mass, 3 m/s)",
78.0,2500.0,3.0,57.32,5.4456,4.6035,14.663,10.074,390.0,0,3,"Scenario C1 — Wind 3 m/s
(Static mass, 3 m/s)",
79.0,2500.0,3.0,56.78,5.3943,4.6625,14.663,10.064,395.0,0,3,"Scenario C1 — Wind 3 m/s
(Static mass, 3 m/s)",
80.0,2500.0,3.0,56.24,5.343,4.7215,14.663,10.054,400.0,0,3,"Scenario C1 — Wind 3 m/s
(Static mass, 3 m/s)",
81.0,2500.0,3.0,55.7,5.2917,4.7806,14.663,10.044,405.0,0,3,"Scenario C1 — Wind 3 m/s
(Static mass, 3 m/s)",
82.0,2500.0,3.0,55.16,5.2403,4.8396,14.663,10.035,410.0,0,3,"Scenario C1 — Wind 3 m/s
(Static mass, 3 m/s)",
83.0,2500.0,3.0,54.62,5.189,4.8986,14.663,10.025,415.0,0,3,"Scenario C1 — Wind 3 m/s
(Static mass, 3 m/s)",
84.0,2500.0,3.0,54.08,5.1377,4.9576,14.663,10.016,420.0,0,3,"Scenario C1 — Wind 3 m/s
(Static mass, 3 m/s)",
85.0,2500.0,3.0,53.54,5.0864,5.0166,14.663,10.006,425.0,0,3,"Scenario C1 — Wind 3 m/s
(Static mass, 3 m/s)",
86.0,2500.0,3.0,53.0,5.0351,5.0757,14.663,9.997,430.0,1,3,"Scenario C1 — Wind 3 m/s
(Static mass, 3 m/s)",1000.0
0.0,2500.0,7.0,99.42,9.4445,0.1276,15.845,10.799,0.0,0,1,"Scenario C2 — Wind 7 m/s
(Static mass, 7 m/s)",
1.0,2500.0,7.0,98.83,9.3891,0.1276,15.845,10.799,5.0,0,1,"Scenario C2 — Wind 7 m/s
(Static mass, 7 m/s)",
2.0,2500.0,7.0,98.25,9.3336,0.1276,15.845,10.798,10.0,0,1,"Scenario C2 — Wind 7 m/s
(Static mass, 7 m/s)",
3.0,2500.0,7.0,97.66,9.2782,0.1913,15.845,10.796,15.0,0,1,"Scenario C2 — Wind 7 m/s
(Static mass, 7 m/s)",
4.0,2500.0,7.0,97.08,9.2227,0.2551,15.845,10.793,20.0,0,1,"Scenario C2 — Wind 7 m/s
(Static mass, 7 m/s)",
5.0,2500.0,7.0,96.5,9.1672,0.3189,15.845,10.789,25.0,0,1,"Scenario C2 — Wind 7 m/s
(Static mass, 7 m/s)",
6.0,2500.0,7.0,95.91,9.1118,0.3827,15.845,10.784,30.0,0,1,"Scenario C2 — Wind 7 m/s
(Static mass, 7 m/s)",
7.0,2500.0,7.0,95.33,9.0563,0.4464,15.845,10.779,35.0,0,1,"Scenario C2 — Wind 7 m/s
(Static mass, 7 m/s)",
8.0,2500.0,7.0,94.75,9.0009,0.5102,15.845,10.773,40.0,0,1,"Scenario C2 — Wind 7 m/s
(Static mass, 7 m/s)",
9.0,2500.0,7.0,94.16,8.9454,0.574,15.845,10.766,45.0,0,1,"Scenario C2 — Wind 7 m/s
(Static mass, 7 m/s)",
10.0,2500.0,7.0,93.58,8.89,0.6378,15.845,10.759,50.0,0,1,"Scenario C2 — Wind 7 m/s
(Static mass, 7 m/s)",
11.0,2500.0,7.0,92.99,8.8345,0.7016,15.845,10.75,55.0,0,1,"Scenario C2 — Wind 7 m/s
(Static mass, 7 m/s)",
12.0,2500.0,7.0,92.41,8.779,0.7653,15.845,10.742,60.0,0,1,"Scenario C2 — Wind 7 m/s
(Static mass, 7 m/s)",
13.0,2500.0,7.0,91.83,8.7236,0.8291,15.845,10.732,65.0,0,1,"Scenario C2 — Wind 7 m/s
(Static mass, 7 m/s)",
14.0,2500.0,7.0,91.24,8.6681,0.8929,15.845,10.723,70.0,0,1,"Scenario C2 — Wind 7 m/s
(Static mass, 7 m/s)",
15.0,2500.0,7.0,90.66,8.6127,0.9567,15.845,10.712,75.0,0,1,"Scenario C2 — Wind 7 m/s
(Static mass, 7 m/s)",
16.0,2500.0,7.0,90.08,8.5572,1.0204,15.845,10.701,80.0,0,1,"Scenario C2 — Wind 7 m/s
(Static mass, 7 m/s)",
17.0,2500.0,7.0,89.49,8.5017,1.0842,15.845,10.69,85.0,0,1,"Scenario C2 — Wind 7 m/s
(Static mass, 7 m/s)",
18.0,2500.0,7.0,88.91,8.4463,1.148,15.845,10.679,90.0,0,1,"Scenario C2 — Wind 7 m/s
(Static mass, 7 m/s)",
19.0,2500.0,7.0,88.32,8.3908,1.2118,15.845,10.666,95.0,0,1,"Scenario C2 — Wind 7 m/s
(Static mass, 7 m/s)",
20.0,2500.0,7.0,87.74,8.3354,1.2756,15.845,10.654,100.0,0,1,"Scenario C2 — Wind 7 m/s
(Static mass, 7 m/s)",
21.0,2500.0,7.0,87.16,8.2799,1.3393,15.845,10.641,105.0,0,1,"Scenario C2 — Wind 7 m/s
(Static mass, 7 m/s)",
22.0,2500.0,7.0,86.57,8.2244,1.4031,15.845,10.628,110.0,0,1,"Scenario C2 — Wind 7 m/s
(Static mass, 7 m/s)",
23.0,2500.0,7.0,85.99,8.169,1.4669,15.845,10.614,115.0,0,1,"Scenario C2 — Wind 7 m/s
(Static mass, 7 m/s)",
24.0,2500.0,7.0,85.41,8.1135,1.5307,15.845,10.601,120.0,0,1,"Scenario C2 — Wind 7 m/s
(Static mass, 7 m/s)",
25.0,2500.0,7.0,84.82,8.0581,1.5944,15.845,10.587,125.0,0,1,"Scenario C2 — Wind 7 m/s
(Static mass, 7 m/s)",
26.0,2500.0,7.0,84.24,8.0026,1.6582,15.845,10.572,130.0,0,1,"Scenario C2 — Wind 7 m/s
(Static mass, 7 m/s)",
27.0,2500.0,7.0,83.65,7.9472,1.722,15.845,10.558,135.0,0,1,"Scenario C2 — Wind 7 m/s
(Static mass, 7 m/s)",
28.0,2500.0,7.0,83.07,7.8917,1.7858,15.845,10.543,140.0,0,1,"Scenario C2 — Wind 7 m/s
(Static mass, 7 m/s)",
29.0,2500.0,7.0,82.49,7.8362,1.8496,15.845,10.528,145.0,0,1,"Scenario C2 — Wind 7 m/s
(Static mass, 7 m/s)",
30.0,2500.0,7.0,81.9,7.7808,1.9133,15.845,10.513,150.0,0,1,"Scenario C2 — Wind 7 m/s
(Static mass, 7 m/s)",
31.0,2500.0,7.0,81.32,7.7253,1.9771,15.845,10.498,155.0,0,1,"Scenario C2 — Wind 7 m/s
(Static mass, 7 m/s)",
32.0,2500.0,7.0,80.74,7.6699,2.0409,15.845,10.483,160.0,0,1,"Scenario C2 — Wind 7 m/s
(Static mass, 7 m/s)",
33.0,2500.0,7.0,80.15,7.6144,2.1047,15.845,10.468,165.0,0,1,"Scenario C2 — Wind 7 m/s
(Static mass, 7 m/s)",
34.0,2500.0,7.0,79.57,7.5589,2.1684,15.845,10.452,170.0,0,1,"Scenario C2 — Wind 7 m/s
(Static mass, 7 m/s)",
35.0,2500.0,7.0,78.98,7.5035,2.2322,15.845,10.437,175.0,0,1,"Scenario C2 — Wind 7 m/s
(Static mass, 7 m/s)",
36.0,2500.0,7.0,78.4,7.448,2.296,15.845,10.421,180.0,0,1,"Scenario C2 — Wind 7 m/s
(Static mass, 7 m/s)",
37.0,2500.0,7.0,77.82,7.3926,2.3598,15.845,10.405,185.0,0,1,"Scenario C2 — Wind 7 m/s
(Static mass, 7 m/s)",
38.0,2500.0,7.0,77.23,7.3371,2.4236,15.845,10.39,190.0,0,1,"Scenario C2 — Wind 7 m/s
(Static mass, 7 m/s)",
39.0,2500.0,7.0,76.65,7.2816,2.4873,15.845,10.374,195.0,0,1,"Scenario C2 — Wind 7 m/s
(Static mass, 7 m/s)",
40.0,2500.0,7.0,76.07,7.2262,2.5511,15.845,10.359,200.0,0,1,"Scenario C2 — Wind 7 m/s
(Static mass, 7 m/s)",
41.0,2500.0,7.0,75.48,7.1707,2.6149,15.845,10.343,205.0,0,1,"Scenario C2 — Wind 7 m/s
(Static mass, 7 m/s)",
42.0,2500.0,7.0,74.9,7.1153,2.6787,15.845,10.328,210.0,0,1,"Scenario C2 — Wind 7 m/s
(Static mass, 7 m/s)",
43.0,2500.0,7.0,74.31,7.0598,2.7424,15.845,10.312,215.0,0,1,"Scenario C2 — Wind 7 m/s
(Static mass, 7 m/s)",
44.0,2500.0,7.0,73.73,7.0043,2.8062,15.845,10.297,220.0,0,1,"Scenario C2 — Wind 7 m/s
(Static mass, 7 m/s)",
45.0,2500.0,7.0,73.15,6.9489,2.87,15.845,10.282,225.0,0,1,"Scenario C2 — Wind 7 m/s
(Static mass, 7 m/s)",
46.0,2500.0,7.0,72.56,6.8934,2.9338,15.845,10.267,230.0,0,1,"Scenario C2 — Wind 7 m/s
(Static mass, 7 m/s)",
47.0,2500.0,7.0,71.98,6.838,2.9976,15.845,10.251,235.0,0,1,"Scenario C2 — Wind 7 m/s
(Static mass, 7 m/s)",
48.0,2500.0,7.0,71.39,6.7825,3.0613,15.845,10.236,240.0,0,1,"Scenario C2 — Wind 7 m/s
(Static mass, 7 m/s)",
49.0,2500.0,7.0,70.81,6.7271,3.1251,15.845,10.222,245.0,0,1,"Scenario C2 — Wind 7 m/s
(Static mass, 7 m/s)",
50.0,2500.0,7.0,70.23,6.6716,3.1889,15.845,10.207,250.0,0,1,"Scenario C2 — Wind 7 m/s
(Static mass, 7 m/s)",
51.0,2500.0,7.0,69.64,6.6161,3.2527,15.845,10.192,255.0,0,1,"Scenario C2 — Wind 7 m/s
(Static mass, 7 m/s)",
52.0,2500.0,7.0,69.06,6.5607,3.3164,15.845,10.178,260.0,0,1,"Scenario C2 — Wind 7 m/s
(Static mass, 7 m/s)",
53.0,2500.0,7.0,68.48,6.5052,3.3802,15.845,10.164,265.0,0,1,"Scenario C2 — Wind 7 m/s
(Static mass, 7 m/s)",
54.0,2500.0,7.0,67.89,6.4498,3.444,15.845,10.149,270.0,0,1,"Scenario C2 — Wind 7 m/s
(Static mass, 7 m/s)",
55.0,2500.0,7.0,67.31,6.3943,3.5078,15.845,10.135,275.0,0,1,"Scenario C2 — Wind 7 m/s
(Static mass, 7 m/s)",
56.0,2500.0,7.0,66.72,6.3388,3.5716,15.845,10.122,280.0,0,1,"Scenario C2 — Wind 7 m/s
(Static mass, 7 m/s)",
57.0,2500.0,7.0,66.14,6.2834,3.6353,15.845,10.108,285.0,0,1,"Scenario C2 — Wind 7 m/s
(Static mass, 7 m/s)",
58.0,2500.0,7.0,65.56,6.2279,3.6991,15.845,10.094,290.0,0,1,"Scenario C2 — Wind 7 m/s
(Static mass, 7 m/s)",
59.0,2500.0,7.0,64.97,6.1725,3.7629,15.845,10.081,295.0,0,1,"Scenario C2 — Wind 7 m/s
(Static mass, 7 m/s)",
60.0,2500.0,7.0,64.39,6.117,3.8267,15.845,10.068,300.0,0,1,"Scenario C2 — Wind 7 m/s
(Static mass, 7 m/s)",
61.0,2500.0,7.0,63.81,6.0615,3.8904,15.845,10.055,305.0,0,1,"Scenario C2 — Wind 7 m/s
(Static mass, 7 m/s)",
62.0,2500.0,7.0,63.22,6.0061,3.9542,15.845,10.042,310.0,0,1,"Scenario C2 — Wind 7 m/s
(Static mass, 7 m/s)",
63.0,2500.0,7.0,62.64,5.9506,4.018,15.845,10.03,315.0,0,1,"Scenario C2 — Wind 7 m/s
(Static mass, 7 m/s)",
64.0,2500.0,7.0,62.05,5.8952,4.0818,15.845,10.017,320.0,0,1,"Scenario C2 — Wind 7 m/s
(Static mass, 7 m/s)",
65.0,2500.0,7.0,61.47,5.8397,4.1456,15.845,10.005,325.0,0,1,"Scenario C2 — Wind 7 m/s
(Static mass, 7 m/s)",
66.0,2500.0,7.0,60.89,5.7843,4.2093,15.845,9.993,330.0,0,1,"Scenario C2 — Wind 7 m/s
(Static mass, 7 m/s)",
67.0,2500.0,7.0,60.3,5.7288,4.2731,15.845,9.981,335.0,0,1,"Scenario C2 — Wind 7 m/s
(Static mass, 7 m/s)",
68.0,2500.0,7.0,59.72,5.6733,4.3369,15.845,9.969,340.0,0,1,"Scenario C2 — Wind 7 m/s
(Static mass, 7 m/s)",
69.0,2500.0,7.0,59.14,5.6179,4.4007,15.845,9.958,345.0,0,1,"Scenario C2 — Wind 7 m/s
(Static mass, 7 m/s)",
70.0,2500.0,7.0,58.55,5.5624,4.4644,15.845,9.946,350.0,0,1,"Scenario C2 — Wind 7 m/s
(Static mass, 7 m/s)",
71.0,2500.0,7.0,57.97,5.507,4.5282,15.845,9.935,355.0,0,1,"Scenario C2 — Wind 7 m/s
(Static mass, 7 m/s)",
72.0,2500.0,7.0,57.38,5.4515,4.592,15.845,9.924,360.0,0,1,"Scenario C2 — Wind 7 m/s
(Static mass, 7 m/s)",
73.0,2500.0,7.0,56.8,5.396,4.6558,15.845,9.913,365.0,0,1,"Scenario C2 — Wind 7 m/s
(Static mass, 7 m/s)",
74.0,2500.0,7.0,56.22,5.3406,4.7196,15.845,9.902,370.0,0,1,"Scenario C2 — Wind 7 m/s
(Static mass, 7 m/s)",
75.0,2500.0,7.0,55.63,5.2851,4.7833,15.845,9.892,375.0,0,1,"Scenario C2 — Wind 7 m/s
(Static mass, 7 m/s)",
76.0,2500.0,7.0,55.05,5.2297,4.8471,15.845,9.881,380.0,0,1,"Scenario C2 — Wind 7 m/s
(Static mass, 7 m/s)",
77.0,2500.0,7.0,54.47,5.1742,4.9109,15.845,9.871,385.0,0,1,"Scenario C2 — Wind 7 m/s
(Static mass, 7 m/s)",
78.0,2500.0,7.0,53.88,5.1187,4.9747,15.845,9.86,390.0,0,1,"Scenario C2 — Wind 7 m/s
(Static mass, 7 m/s)",
79.0,2500.0,7.0,53.3,5.0633,5.0384,15.845,9.85,395.0,0,1,"Scenario C2 — Wind 7 m/s
(Static mass, 7 m/s)",
80.0,2500.0,7.0,52.71,5.0078,5.1022,15.845,9.84,400.0,1,1,"Scenario C2 — Wind 7 m/s
(Static mass, 7 m/s)",1000.0
0.0,2500.0,7.0,99.42,9.4445,0.1276,15.845,10.799,0.0,0,2,"Scenario C2 — Wind 7 m/s
(Static mass, 7 m/s)",
1.0,2500.0,7.0,98.83,9.3891,0.1276,15.845,10.799,5.0,0,2,"Scenario C2 — Wind 7 m/s
(Static mass, 7 m/s)",
2.0,2500.0,7.0,98.25,9.3336,0.1276,15.845,10.798,10.0,0,2,"Scenario C2 — Wind 7 m/s
(Static mass, 7 m/s)",
3.0,2500.0,7.0,97.66,9.2782,0.1913,15.845,10.796,15.0,0,2,"Scenario C2 — Wind 7 m/s
(Static mass, 7 m/s)",
4.0,2500.0,7.0,97.08,9.2227,0.2551,15.845,10.793,20.0,0,2,"Scenario C2 — Wind 7 m/s
(Static mass, 7 m/s)",
5.0,2500.0,7.0,96.5,9.1672,0.3189,15.845,10.789,25.0,0,2,"Scenario C2 — Wind 7 m/s
(Static mass, 7 m/s)",
6.0,2500.0,7.0,95.91,9.1118,0.3827,15.845,10.784,30.0,0,2,"Scenario C2 — Wind 7 m/s
(Static mass, 7 m/s)",
7.0,2500.0,7.0,95.33,9.0563,0.4464,15.845,10.779,35.0,0,2,"Scenario C2 — Wind 7 m/s
(Static mass, 7 m/s)",
8.0,2500.0,7.0,94.75,9.0009,0.5102,15.845,10.773,40.0,0,2,"Scenario C2 — Wind 7 m/s
(Static mass, 7 m/s)",
9.0,2500.0,7.0,94.16,8.9454,0.574,15.845,10.766,45.0,0,2,"Scenario C2 — Wind 7 m/s
(Static mass, 7 m/s)",
10.0,2500.0,7.0,93.58,8.89,0.6378,15.845,10.759,50.0,0,2,"Scenario C2 — Wind 7 m/s
(Static mass, 7 m/s)",
11.0,2500.0,7.0,92.99,8.8345,0.7016,15.845,10.75,55.0,0,2,"Scenario C2 — Wind 7 m/s
(Static mass, 7 m/s)",
12.0,2500.0,7.0,92.41,8.779,0.7653,15.845,10.742,60.0,0,2,"Scenario C2 — Wind 7 m/s
(Static mass, 7 m/s)",
13.0,2500.0,7.0,91.83,8.7236,0.8291,15.845,10.732,65.0,0,2,"Scenario C2 — Wind 7 m/s
(Static mass, 7 m/s)",
14.0,2500.0,7.0,91.24,8.6681,0.8929,15.845,10.723,70.0,0,2,"Scenario C2 — Wind 7 m/s
(Static mass, 7 m/s)",
15.0,2500.0,7.0,90.66,8.6127,0.9567,15.845,10.712,75.0,0,2,"Scenario C2 — Wind 7 m/s
(Static mass, 7 m/s)",
16.0,2500.0,7.0,90.08,8.5572,1.0204,15.845,10.701,80.0,0,2,"Scenario C2 — Wind 7 m/s
(Static mass, 7 m/s)",
17.0,2500.0,7.0,89.49,8.5017,1.0842,15.845,10.69,85.0,0,2,"Scenario C2 — Wind 7 m/s
(Static mass, 7 m/s)",
18.0,2500.0,7.0,88.91,8.4463,1.148,15.845,10.679,90.0,0,2,"Scenario C2 — Wind 7 m/s
(Static mass, 7 m/s)",
19.0,2500.0,7.0,88.32,8.3908,1.2118,15.845,10.666,95.0,0,2,"Scenario C2 — Wind 7 m/s
(Static mass, 7 m/s)",
20.0,2500.0,7.0,87.74,8.3354,1.2756,15.845,10.654,100.0,0,2,"Scenario C2 — Wind 7 m/s
(Static mass, 7 m/s)",
21.0,2500.0,7.0,87.16,8.2799,1.3393,15.845,10.641,105.0,0,2,"Scenario C2 — Wind 7 m/s
(Static mass, 7 m/s)",
22.0,2500.0,7.0,86.57,8.2244,1.4031,15.845,10.628,110.0,0,2,"Scenario C2 — Wind 7 m/s
(Static mass, 7 m/s)",
23.0,2500.0,7.0,85.99,8.169,1.4669,15.845,10.614,115.0,0,2,"Scenario C2 — Wind 7 m/s
(Static mass, 7 m/s)",
24.0,2500.0,7.0,85.41,8.1135,1.5307,15.845,10.601,120.0,0,2,"Scenario C2 — Wind 7 m/s
(Static mass, 7 m/s)",
25.0,2500.0,7.0,84.82,8.0581,1.5944,15.845,10.587,125.0,0,2,"Scenario C2 — Wind 7 m/s
(Static mass, 7 m/s)",
26.0,2500.0,7.0,84.24,8.0026,1.6582,15.845,10.572,130.0,0,2,"Scenario C2 — Wind 7 m/s
(Static mass, 7 m/s)",
27.0,2500.0,7.0,83.65,7.9472,1.722,15.845,10.558,135.0,0,2,"Scenario C2 — Wind 7 m/s
(Static mass, 7 m/s)",
28.0,2500.0,7.0,83.07,7.8917,1.7858,15.845,10.543,140.0,0,2,"Scenario C2 — Wind 7 m/s
(Static mass, 7 m/s)",
29.0,2500.0,7.0,82.49,7.8362,1.8496,15.845,10.528,145.0,0,2,"Scenario C2 — Wind 7 m/s
(Static mass, 7 m/s)",
30.0,2500.0,7.0,81.9,7.7808,1.9133,15.845,10.513,150.0,0,2,"Scenario C2 — Wind 7 m/s
(Static mass, 7 m/s)",
31.0,2500.0,7.0,81.32,7.7253,1.9771,15.845,10.498,155.0,0,2,"Scenario C2 — Wind 7 m/s
(Static mass, 7 m/s)",
32.0,2500.0,7.0,80.74,7.6699,2.0409,15.845,10.483,160.0,0,2,"Scenario C2 — Wind 7 m/s
(Static mass, 7 m/s)",
33.0,2500.0,7.0,80.15,7.6144,2.1047,15.845,10.468,165.0,0,2,"Scenario C2 — Wind 7 m/s
(Static mass, 7 m/s)",
34.0,2500.0,7.0,79.57,7.5589,2.1684,15.845,10.452,170.0,0,2,"Scenario C2 — Wind 7 m/s
(Static mass, 7 m/s)",
35.0,2500.0,7.0,78.98,7.5035,2.2322,15.845,10.437,175.0,0,2,"Scenario C2 — Wind 7 m/s
(Static mass, 7 m/s)",
36.0,2500.0,7.0,78.4,7.448,2.296,15.845,10.421,180.0,0,2,"Scenario C2 — Wind 7 m/s
(Static mass, 7 m/s)",
37.0,2500.0,7.0,77.82,7.3926,2.3598,15.845,10.405,185.0,0,2,"Scenario C2 — Wind 7 m/s
(Static mass, 7 m/s)",
38.0,2500.0,7.0,77.23,7.3371,2.4236,15.845,10.39,190.0,0,2,"Scenario C2 — Wind 7 m/s
(Static mass, 7 m/s)",
39.0,2500.0,7.0,76.65,7.2816,2.4873,15.845,10.374,195.0,0,2,"Scenario C2 — Wind 7 m/s
(Static mass, 7 m/s)",
40.0,2500.0,7.0,76.07,7.2262,2.5511,15.845,10.359,200.0,0,2,"Scenario C2 — Wind 7 m/s
(Static mass, 7 m/s)",
41.0,2500.0,7.0,75.48,7.1707,2.6149,15.845,10.343,205.0,0,2,"Scenario C2 — Wind 7 m/s
(Static mass, 7 m/s)",
42.0,2500.0,7.0,74.9,7.1153,2.6787,15.845,10.328,210.0,0,2,"Scenario C2 — Wind 7 m/s
(Static mass, 7 m/s)",
43.0,2500.0,7.0,74.31,7.0598,2.7424,15.845,10.312,215.0,0,2,"Scenario C2 — Wind 7 m/s
(Static mass, 7 m/s)",
44.0,2500.0,7.0,73.73,7.0043,2.8062,15.845,10.297,220.0,0,2,"Scenario C2 — Wind 7 m/s
(Static mass, 7 m/s)",
45.0,2500.0,7.0,73.15,6.9489,2.87,15.845,10.282,225.0,0,2,"Scenario C2 — Wind 7 m/s
(Static mass, 7 m/s)",
46.0,2500.0,7.0,72.56,6.8934,2.9338,15.845,10.267,230.0,0,2,"Scenario C2 — Wind 7 m/s
(Static mass, 7 m/s)",
47.0,2500.0,7.0,71.98,6.838,2.9976,15.845,10.251,235.0,0,2,"Scenario C2 — Wind 7 m/s
(Static mass, 7 m/s)",
48.0,2500.0,7.0,71.39,6.7825,3.0613,15.845,10.236,240.0,0,2,"Scenario C2 — Wind 7 m/s
(Static mass, 7 m/s)",
49.0,2500.0,7.0,70.81,6.7271,3.1251,15.845,10.222,245.0,0,2,"Scenario C2 — Wind 7 m/s
(Static mass, 7 m/s)",
50.0,2500.0,7.0,70.23,6.6716,3.1889,15.845,10.207,250.0,0,2,"Scenario C2 — Wind 7 m/s
(Static mass, 7 m/s)",
51.0,2500.0,7.0,69.64,6.6161,3.2527,15.845,10.192,255.0,0,2,"Scenario C2 — Wind 7 m/s
(Static mass, 7 m/s)",
52.0,2500.0,7.0,69.06,6.5607,3.3164,15.845,10.178,260.0,0,2,"Scenario C2 — Wind 7 m/s
(Static mass, 7 m/s)",
53.0,2500.0,7.0,68.48,6.5052,3.3802,15.845,10.164,265.0,0,2,"Scenario C2 — Wind 7 m/s
(Static mass, 7 m/s)",
54.0,2500.0,7.0,67.89,6.4498,3.444,15.845,10.149,270.0,0,2,"Scenario C2 — Wind 7 m/s
(Static mass, 7 m/s)",
55.0,2500.0,7.0,67.31,6.3943,3.5078,15.845,10.135,275.0,0,2,"Scenario C2 — Wind 7 m/s
(Static mass, 7 m/s)",
56.0,2500.0,7.0,66.72,6.3388,3.5716,15.845,10.122,280.0,0,2,"Scenario C2 — Wind 7 m/s
(Static mass, 7 m/s)",
57.0,2500.0,7.0,66.14,6.2834,3.6353,15.845,10.108,285.0,0,2,"Scenario C2 — Wind 7 m/s
(Static mass, 7 m/s)",
58.0,2500.0,7.0,65.56,6.2279,3.6991,15.845,10.094,290.0,0,2,"Scenario C2 — Wind 7 m/s
(Static mass, 7 m/s)",
59.0,2500.0,7.0,64.97,6.1725,3.7629,15.845,10.081,295.0,0,2,"Scenario C2 — Wind 7 m/s
(Static mass, 7 m/s)",
60.0,2500.0,7.0,64.39,6.117,3.8267,15.845,10.068,300.0,0,2,"Scenario C2 — Wind 7 m/s
(Static mass, 7 m/s)",
61.0,2500.0,7.0,63.81,6.0615,3.8904,15.845,10.055,305.0,0,2,"Scenario C2 — Wind 7 m/s
(Static mass, 7 m/s)",
62.0,2500.0,7.0,63.22,6.0061,3.9542,15.845,10.042,310.0,0,2,"Scenario C2 — Wind 7 m/s
(Static mass, 7 m/s)",
63.0,2500.0,7.0,62.64,5.9506,4.018,15.845,10.03,315.0,0,2,"Scenario C2 — Wind 7 m/s
(Static mass, 7 m/s)",
64.0,2500.0,7.0,62.05,5.8952,4.0818,15.845,10.017,320.0,0,2,"Scenario C2 — Wind 7 m/s
(Static mass, 7 m/s)",
65.0,2500.0,7.0,61.47,5.8397,4.1456,15.845,10.005,325.0,0,2,"Scenario C2 — Wind 7 m/s
(Static mass, 7 m/s)",
66.0,2500.0,7.0,60.89,5.7843,4.2093,15.845,9.993,330.0,0,2,"Scenario C2 — Wind 7 m/s
(Static mass, 7 m/s)",
67.0,2500.0,7.0,60.3,5.7288,4.2731,15.845,9.981,335.0,0,2,"Scenario C2 — Wind 7 m/s
(Static mass, 7 m/s)",
68.0,2500.0,7.0,59.72,5.6733,4.3369,15.845,9.969,340.0,0,2,"Scenario C2 — Wind 7 m/s
(Static mass, 7 m/s)",
69.0,2500.0,7.0,59.14,5.6179,4.4007,15.845,9.958,345.0,0,2,"Scenario C2 — Wind 7 m/s
(Static mass, 7 m/s)",
70.0,2500.0,7.0,58.55,5.5624,4.4644,15.845,9.946,350.0,0,2,"Scenario C2 — Wind 7 m/s
(Static mass, 7 m/s)",
71.0,2500.0,7.0,57.97,5.507,4.5282,15.845,9.935,355.0,0,2,"Scenario C2 — Wind 7 m/s
(Static mass, 7 m/s)",
72.0,2500.0,7.0,57.38,5.4515,4.592,15.845,9.924,360.0,0,2,"Scenario C2 — Wind 7 m/s
(Static mass, 7 m/s)",
73.0,2500.0,7.0,56.8,5.396,4.6558,15.845,9.913,365.0,0,2,"Scenario C2 — Wind 7 m/s
(Static mass, 7 m/s)",
74.0,2500.0,7.0,56.22,5.3406,4.7196,15.845,9.902,370.0,0,2,"Scenario C2 — Wind 7 m/s
(Static mass, 7 m/s)",
75.0,2500.0,7.0,55.63,5.2851,4.7833,15.845,9.892,375.0,0,2,"Scenario C2 — Wind 7 m/s
(Static mass, 7 m/s)",
76.0,2500.0,7.0,55.05,5.2297,4.8471,15.845,9.881,380.0,0,2,"Scenario C2 — Wind 7 m/s
(Static mass, 7 m/s)",
77.0,2500.0,7.0,54.47,5.1742,4.9109,15.845,9.871,385.0,0,2,"Scenario C2 — Wind 7 m/s
(Static mass, 7 m/s)",
78.0,2500.0,7.0,53.88,5.1187,4.9747,15.845,9.86,390.0,0,2,"Scenario C2 — Wind 7 m/s
(Static mass, 7 m/s)",
79.0,2500.0,7.0,53.3,5.0633,5.0384,15.845,9.85,395.0,0,2,"Scenario C2 — Wind 7 m/s
(Static mass, 7 m/s)",
80.0,2500.0,7.0,52.71,5.0078,5.1022,15.845,9.84,400.0,1,2,"Scenario C2 — Wind 7 m/s
(Static mass, 7 m/s)",1000.0
0.0,2500.0,7.0,99.42,9.4445,0.1276,15.845,10.799,0.0,0,3,"Scenario C2 — Wind 7 m/s
(Static mass, 7 m/s)",
1.0,2500.0,7.0,98.83,9.3891,0.1276,15.845,10.799,5.0,0,3,"Scenario C2 — Wind 7 m/s
(Static mass, 7 m/s)",
2.0,2500.0,7.0,98.25,9.3336,0.1276,15.845,10.798,10.0,0,3,"Scenario C2 — Wind 7 m/s
(Static mass, 7 m/s)",
3.0,2500.0,7.0,97.66,9.2782,0.1913,15.845,10.796,15.0,0,3,"Scenario C2 — Wind 7 m/s
(Static mass, 7 m/s)",
4.0,2500.0,7.0,97.08,9.2227,0.2551,15.845,10.793,20.0,0,3,"Scenario C2 — Wind 7 m/s
(Static mass, 7 m/s)",
5.0,2500.0,7.0,96.5,9.1672,0.3189,15.845,10.789,25.0,0,3,"Scenario C2 — Wind 7 m/s
(Static mass, 7 m/s)",
6.0,2500.0,7.0,95.91,9.1118,0.3827,15.845,10.784,30.0,0,3,"Scenario C2 — Wind 7 m/s
(Static mass, 7 m/s)",
7.0,2500.0,7.0,95.33,9.0563,0.4464,15.845,10.779,35.0,0,3,"Scenario C2 — Wind 7 m/s
(Static mass, 7 m/s)",
8.0,2500.0,7.0,94.75,9.0009,0.5102,15.845,10.773,40.0,0,3,"Scenario C2 — Wind 7 m/s
(Static mass, 7 m/s)",
9.0,2500.0,7.0,94.16,8.9454,0.574,15.845,10.766,45.0,0,3,"Scenario C2 — Wind 7 m/s
(Static mass, 7 m/s)",
10.0,2500.0,7.0,93.58,8.89,0.6378,15.845,10.759,50.0,0,3,"Scenario C2 — Wind 7 m/s
(Static mass, 7 m/s)",
11.0,2500.0,7.0,92.99,8.8345,0.7016,15.845,10.75,55.0,0,3,"Scenario C2 — Wind 7 m/s
(Static mass, 7 m/s)",
12.0,2500.0,7.0,92.41,8.779,0.7653,15.845,10.742,60.0,0,3,"Scenario C2 — Wind 7 m/s
(Static mass, 7 m/s)",
13.0,2500.0,7.0,91.83,8.7236,0.8291,15.845,10.732,65.0,0,3,"Scenario C2 — Wind 7 m/s
(Static mass, 7 m/s)",
14.0,2500.0,7.0,91.24,8.6681,0.8929,15.845,10.723,70.0,0,3,"Scenario C2 — Wind 7 m/s
(Static mass, 7 m/s)",
15.0,2500.0,7.0,90.66,8.6127,0.9567,15.845,10.712,75.0,0,3,"Scenario C2 — Wind 7 m/s
(Static mass, 7 m/s)",
16.0,2500.0,7.0,90.08,8.5572,1.0204,15.845,10.701,80.0,0,3,"Scenario C2 — Wind 7 m/s
(Static mass, 7 m/s)",
17.0,2500.0,7.0,89.49,8.5017,1.0842,15.845,10.69,85.0,0,3,"Scenario C2 — Wind 7 m/s
(Static mass, 7 m/s)",
18.0,2500.0,7.0,88.91,8.4463,1.148,15.845,10.679,90.0,0,3,"Scenario C2 — Wind 7 m/s
(Static mass, 7 m/s)",
19.0,2500.0,7.0,88.32,8.3908,1.2118,15.845,10.666,95.0,0,3,"Scenario C2 — Wind 7 m/s
(Static mass, 7 m/s)",
20.0,2500.0,7.0,87.74,8.3354,1.2756,15.845,10.654,100.0,0,3,"Scenario C2 — Wind 7 m/s
(Static mass, 7 m/s)",
21.0,2500.0,7.0,87.16,8.2799,1.3393,15.845,10.641,105.0,0,3,"Scenario C2 — Wind 7 m/s
(Static mass, 7 m/s)",
22.0,2500.0,7.0,86.57,8.2244,1.4031,15.845,10.628,110.0,0,3,"Scenario C2 — Wind 7 m/s
(Static mass, 7 m/s)",
23.0,2500.0,7.0,85.99,8.169,1.4669,15.845,10.614,115.0,0,3,"Scenario C2 — Wind 7 m/s
(Static mass, 7 m/s)",
24.0,2500.0,7.0,85.41,8.1135,1.5307,15.845,10.601,120.0,0,3,"Scenario C2 — Wind 7 m/s
(Static mass, 7 m/s)",
25.0,2500.0,7.0,84.82,8.0581,1.5944,15.845,10.587,125.0,0,3,"Scenario C2 — Wind 7 m/s
(Static mass, 7 m/s)",
26.0,2500.0,7.0,84.24,8.0026,1.6582,15.845,10.572,130.0,0,3,"Scenario C2 — Wind 7 m/s
(Static mass, 7 m/s)",
27.0,2500.0,7.0,83.65,7.9472,1.722,15.845,10.558,135.0,0,3,"Scenario C2 — Wind 7 m/s
(Static mass, 7 m/s)",
28.0,2500.0,7.0,83.07,7.8917,1.7858,15.845,10.543,140.0,0,3,"Scenario C2 — Wind 7 m/s
(Static mass, 7 m/s)",
29.0,2500.0,7.0,82.49,7.8362,1.8496,15.845,10.528,145.0,0,3,"Scenario C2 — Wind 7 m/s
(Static mass, 7 m/s)",
30.0,2500.0,7.0,81.9,7.7808,1.9133,15.845,10.513,150.0,0,3,"Scenario C2 — Wind 7 m/s
(Static mass, 7 m/s)",
31.0,2500.0,7.0,81.32,7.7253,1.9771,15.845,10.498,155.0,0,3,"Scenario C2 — Wind 7 m/s
(Static mass, 7 m/s)",
32.0,2500.0,7.0,80.74,7.6699,2.0409,15.845,10.483,160.0,0,3,"Scenario C2 — Wind 7 m/s
(Static mass, 7 m/s)",
33.0,2500.0,7.0,80.15,7.6144,2.1047,15.845,10.468,165.0,0,3,"Scenario C2 — Wind 7 m/s
(Static mass, 7 m/s)",
34.0,2500.0,7.0,79.57,7.5589,2.1684,15.845,10.452,170.0,0,3,"Scenario C2 — Wind 7 m/s
(Static mass, 7 m/s)",
35.0,2500.0,7.0,78.98,7.5035,2.2322,15.845,10.437,175.0,0,3,"Scenario C2 — Wind 7 m/s
(Static mass, 7 m/s)",
36.0,2500.0,7.0,78.4,7.448,2.296,15.845,10.421,180.0,0,3,"Scenario C2 — Wind 7 m/s
(Static mass, 7 m/s)",
37.0,2500.0,7.0,77.82,7.3926,2.3598,15.845,10.405,185.0,0,3,"Scenario C2 — Wind 7 m/s
(Static mass, 7 m/s)",
38.0,2500.0,7.0,77.23,7.3371,2.4236,15.845,10.39,190.0,0,3,"Scenario C2 — Wind 7 m/s
(Static mass, 7 m/s)",
39.0,2500.0,7.0,76.65,7.2816,2.4873,15.845,10.374,195.0,0,3,"Scenario C2 — Wind 7 m/s
(Static mass, 7 m/s)",
40.0,2500.0,7.0,76.07,7.2262,2.5511,15.845,10.359,200.0,0,3,"Scenario C2 — Wind 7 m/s
(Static mass, 7 m/s)",
41.0,2500.0,7.0,75.48,7.1707,2.6149,15.845,10.343,205.0,0,3,"Scenario C2 — Wind 7 m/s
(Static mass, 7 m/s)",
42.0,2500.0,7.0,74.9,7.1153,2.6787,15.845,10.328,210.0,0,3,"Scenario C2 — Wind 7 m/s
(Static mass, 7 m/s)",
43.0,2500.0,7.0,74.31,7.0598,2.7424,15.845,10.312,215.0,0,3,"Scenario C2 — Wind 7 m/s
(Static mass, 7 m/s)",
44.0,2500.0,7.0,73.73,7.0043,2.8062,15.845,10.297,220.0,0,3,"Scenario C2 — Wind 7 m/s
(Static mass, 7 m/s)",
45.0,2500.0,7.0,73.15,6.9489,2.87,15.845,10.282,225.0,0,3,"Scenario C2 — Wind 7 m/s
(Static mass, 7 m/s)",
46.0,2500.0,7.0,72.56,6.8934,2.9338,15.845,10.267,230.0,0,3,"Scenario C2 — Wind 7 m/s
(Static mass, 7 m/s)",
47.0,2500.0,7.0,71.98,6.838,2.9976,15.845,10.251,235.0,0,3,"Scenario C2 — Wind 7 m/s
(Static mass, 7 m/s)",
48.0,2500.0,7.0,71.39,6.7825,3.0613,15.845,10.236,240.0,0,3,"Scenario C2 — Wind 7 m/s
(Static mass, 7 m/s)",
49.0,2500.0,7.0,70.81,6.7271,3.1251,15.845,10.222,245.0,0,3,"Scenario C2 — Wind 7 m/s
(Static mass, 7 m/s)",
50.0,2500.0,7.0,70.23,6.6716,3.1889,15.845,10.207,250.0,0,3,"Scenario C2 — Wind 7 m/s
(Static mass, 7 m/s)",
51.0,2500.0,7.0,69.64,6.6161,3.2527,15.845,10.192,255.0,0,3,"Scenario C2 — Wind 7 m/s
(Static mass, 7 m/s)",
52.0,2500.0,7.0,69.06,6.5607,3.3164,15.845,10.178,260.0,0,3,"Scenario C2 — Wind 7 m/s
(Static mass, 7 m/s)",
53.0,2500.0,7.0,68.48,6.5052,3.3802,15.845,10.164,265.0,0,3,"Scenario C2 — Wind 7 m/s
(Static mass, 7 m/s)",
54.0,2500.0,7.0,67.89,6.4498,3.444,15.845,10.149,270.0,0,3,"Scenario C2 — Wind 7 m/s
(Static mass, 7 m/s)",
55.0,2500.0,7.0,67.31,6.3943,3.5078,15.845,10.135,275.0,0,3,"Scenario C2 — Wind 7 m/s
(Static mass, 7 m/s)",
56.0,2500.0,7.0,66.72,6.3388,3.5716,15.845,10.122,280.0,0,3,"Scenario C2 — Wind 7 m/s
(Static mass, 7 m/s)",
57.0,2500.0,7.0,66.14,6.2834,3.6353,15.845,10.108,285.0,0,3,"Scenario C2 — Wind 7 m/s
(Static mass, 7 m/s)",
58.0,2500.0,7.0,65.56,6.2279,3.6991,15.845,10.094,290.0,0,3,"Scenario C2 — Wind 7 m/s
(Static mass, 7 m/s)",
59.0,2500.0,7.0,64.97,6.1725,3.7629,15.845,10.081,295.0,0,3,"Scenario C2 — Wind 7 m/s
(Static mass, 7 m/s)",
60.0,2500.0,7.0,64.39,6.117,3.8267,15.845,10.068,300.0,0,3,"Scenario C2 — Wind 7 m/s
(Static mass, 7 m/s)",
61.0,2500.0,7.0,63.81,6.0615,3.8904,15.845,10.055,305.0,0,3,"Scenario C2 — Wind 7 m/s
(Static mass, 7 m/s)",
62.0,2500.0,7.0,63.22,6.0061,3.9542,15.845,10.042,310.0,0,3,"Scenario C2 — Wind 7 m/s
(Static mass, 7 m/s)",
63.0,2500.0,7.0,62.64,5.9506,4.018,15.845,10.03,315.0,0,3,"Scenario C2 — Wind 7 m/s
(Static mass, 7 m/s)",
64.0,2500.0,7.0,62.05,5.8952,4.0818,15.845,10.017,320.0,0,3,"Scenario C2 — Wind 7 m/s
(Static mass, 7 m/s)",
65.0,2500.0,7.0,61.47,5.8397,4.1456,15.845,10.005,325.0,0,3,"Scenario C2 — Wind 7 m/s
(Static mass, 7 m/s)",
66.0,2500.0,7.0,60.89,5.7843,4.2093,15.845,9.993,330.0,0,3,"Scenario C2 — Wind 7 m/s
(Static mass, 7 m/s)",
67.0,2500.0,7.0,60.3,5.7288,4.2731,15.845,9.981,335.0,0,3,"Scenario C2 — Wind 7 m/s
(Static mass, 7 m/s)",
68.0,2500.0,7.0,59.72,5.6733,4.3369,15.845,9.969,340.0,0,3,"Scenario C2 — Wind 7 m/s
(Static mass, 7 m/s)",
69.0,2500.0,7.0,59.14,5.6179,4.4007,15.845,9.958,345.0,0,3,"Scenario C2 — Wind 7 m/s
(Static mass, 7 m/s)",
70.0,2500.0,7.0,58.55,5.5624,4.4644,15.845,9.946,350.0,0,3,"Scenario C2 — Wind 7 m/s
(Static mass, 7 m/s)",
71.0,2500.0,7.0,57.97,5.507,4.5282,15.845,9.935,355.0,0,3,"Scenario C2 — Wind 7 m/s
(Static mass, 7 m/s)",
72.0,2500.0,7.0,57.38,5.4515,4.592,15.845,9.924,360.0,0,3,"Scenario C2 — Wind 7 m/s
(Static mass, 7 m/s)",
73.0,2500.0,7.0,56.8,5.396,4.6558,15.845,9.913,365.0,0,3,"Scenario C2 — Wind 7 m/s
(Static mass, 7 m/s)",
74.0,2500.0,7.0,56.22,5.3406,4.7196,15.845,9.902,370.0,0,3,"Scenario C2 — Wind 7 m/s
(Static mass, 7 m/s)",
75.0,2500.0,7.0,55.63,5.2851,4.7833,15.845,9.892,375.0,0,3,"Scenario C2 — Wind 7 m/s
(Static mass, 7 m/s)",
76.0,2500.0,7.0,55.05,5.2297,4.8471,15.845,9.881,380.0,0,3,"Scenario C2 — Wind 7 m/s
(Static mass, 7 m/s)",
77.0,2500.0,7.0,54.47,5.1742,4.9109,15.845,9.871,385.0,0,3,"Scenario C2 — Wind 7 m/s
(Static mass, 7 m/s)",
78.0,2500.0,7.0,53.88,5.1187,4.9747,15.845,9.86,390.0,0,3,"Scenario C2 — Wind 7 m/s
(Static mass, 7 m/s)",
79.0,2500.0,7.0,53.3,5.0633,5.0384,15.845,9.85,395.0,0,3,"Scenario C2 — Wind 7 m/s
(Static mass, 7 m/s)",
80.0,2500.0,7.0,52.71,5.0078,5.1022,15.845,9.84,400.0,1,3,"Scenario C2 — Wind 7 m/s
(Static mass, 7 m/s)",1000.0
0.0,2500.0,12.0,99.3,9.4337,0.1525,18.942,10.397,0.0,0,1,"Scenario C3 — Wind 12 m/s
(Static mass, 12 m/s)",
1.0,2500.0,12.0,98.6,9.3674,0.1525,18.942,10.397,5.0,0,1,"Scenario C3 — Wind 12 m/s
(Static mass, 12 m/s)",
2.0,2500.0,12.0,97.91,9.3011,0.1525,18.942,10.395,10.0,0,1,"Scenario C3 — Wind 12 m/s
(Static mass, 12 m/s)",
3.0,2500.0,12.0,97.21,9.2348,0.2287,18.942,10.391,15.0,0,1,"Scenario C3 — Wind 12 m/s
(Static mass, 12 m/s)",
4.0,2500.0,12.0,96.51,9.1685,0.305,18.942,10.387,20.0,0,1,"Scenario C3 — Wind 12 m/s
(Static mass, 12 m/s)",
5.0,2500.0,12.0,95.81,9.1022,0.3812,18.942,10.381,25.0,0,1,"Scenario C3 — Wind 12 m/s
(Static mass, 12 m/s)",
6.0,2500.0,12.0,95.11,9.0359,0.4574,18.942,10.375,30.0,0,1,"Scenario C3 — Wind 12 m/s
(Static mass, 12 m/s)",
7.0,2500.0,12.0,94.42,8.9696,0.5337,18.942,10.367,35.0,0,1,"Scenario C3 — Wind 12 m/s
(Static mass, 12 m/s)",
8.0,2500.0,12.0,93.72,8.9033,0.6099,18.942,10.358,40.0,0,1,"Scenario C3 — Wind 12 m/s
(Static mass, 12 m/s)",
9.0,2500.0,12.0,93.02,8.837,0.6862,18.942,10.349,45.0,0,1,"Scenario C3 — Wind 12 m/s
(Static mass, 12 m/s)",
10.0,2500.0,12.0,92.32,8.7707,0.7624,18.942,10.338,50.0,0,1,"Scenario C3 — Wind 12 m/s
(Static mass, 12 m/s)",
11.0,2500.0,12.0,91.63,8.7044,0.8387,18.942,10.327,55.0,0,1,"Scenario C3 — Wind 12 m/s
(Static mass, 12 m/s)",
12.0,2500.0,12.0,90.93,8.6381,0.9149,18.942,10.315,60.0,0,1,"Scenario C3 — Wind 12 m/s
(Static mass, 12 m/s)",
13.0,2500.0,12.0,90.23,8.5718,0.9911,18.942,10.302,65.0,0,1,"Scenario C3 — Wind 12 m/s
(Static mass, 12 m/s)",
14.0,2500.0,12.0,89.53,8.5055,1.0674,18.942,10.289,70.0,0,1,"Scenario C3 — Wind 12 m/s
(Static mass, 12 m/s)",
15.0,2500.0,12.0,88.83,8.4393,1.1436,18.942,10.275,75.0,0,1,"Scenario C3 — Wind 12 m/s
(Static mass, 12 m/s)",
16.0,2500.0,12.0,88.14,8.373,1.2199,18.942,10.26,80.0,0,1,"Scenario C3 — Wind 12 m/s
(Static mass, 12 m/s)",
17.0,2500.0,12.0,87.44,8.3067,1.2961,18.942,10.245,85.0,0,1,"Scenario C3 — Wind 12 m/s
(Static mass, 12 m/s)",
18.0,2500.0,12.0,86.74,8.2404,1.3723,18.942,10.229,90.0,0,1,"Scenario C3 — Wind 12 m/s
(Static mass, 12 m/s)",
19.0,2500.0,12.0,86.04,8.1741,1.4486,18.942,10.213,95.0,0,1,"Scenario C3 — Wind 12 m/s
(Static mass, 12 m/s)",
20.0,2500.0,12.0,85.34,8.1078,1.5248,18.942,10.196,100.0,0,1,"Scenario C3 — Wind 12 m/s
(Static mass, 12 m/s)",
21.0,2500.0,12.0,84.65,8.0415,1.6011,18.942,10.18,105.0,0,1,"Scenario C3 — Wind 12 m/s
(Static mass, 12 m/s)",
22.0,2500.0,12.0,83.95,7.9752,1.6773,18.942,10.162,110.0,0,1,"Scenario C3 — Wind 12 m/s
(Static mass, 12 m/s)",
23.0,2500.0,12.0,83.25,7.9089,1.7535,18.942,10.145,115.0,0,1,"Scenario C3 — Wind 12 m/s
(Static mass, 12 m/s)",
24.0,2500.0,12.0,82.55,7.8426,1.8298,18.942,10.127,120.0,0,1,"Scenario C3 — Wind 12 m/s
(Static mass, 12 m/s)",
25.0,2500.0,12.0,81.86,7.7763,1.906,18.942,10.109,125.0,0,1,"Scenario C3 — Wind 12 m/s
(Static mass, 12 m/s)",
26.0,2500.0,12.0,81.16,7.71,1.9823,18.942,10.091,130.0,0,1,"Scenario C3 — Wind 12 m/s
(Static mass, 12 m/s)",
27.0,2500.0,12.0,80.46,7.6437,2.0585,18.942,10.073,135.0,0,1,"Scenario C3 — Wind 12 m/s
(Static mass, 12 m/s)",
28.0,2500.0,12.0,79.76,7.5774,2.1348,18.942,10.054,140.0,0,1,"Scenario C3 — Wind 12 m/s
(Static mass, 12 m/s)",
29.0,2500.0,12.0,79.06,7.5111,2.211,18.942,10.036,145.0,0,1,"Scenario C3 — Wind 12 m/s
(Static mass, 12 m/s)",
30.0,2500.0,12.0,78.37,7.4448,2.2872,18.942,10.017,150.0,0,1,"Scenario C3 — Wind 12 m/s
(Static mass, 12 m/s)",
31.0,2500.0,12.0,77.67,7.3785,2.3635,18.942,9.998,155.0,0,1,"Scenario C3 — Wind 12 m/s
(Static mass, 12 m/s)",
32.0,2500.0,12.0,76.97,7.3122,2.4397,18.942,9.98,160.0,0,1,"Scenario C3 — Wind 12 m/s
(Static mass, 12 m/s)",
33.0,2500.0,12.0,76.27,7.2459,2.516,18.942,9.961,165.0,0,1,"Scenario C3 — Wind 12 m/s
(Static mass, 12 m/s)",
34.0,2500.0,12.0,75.57,7.1796,2.5922,18.942,9.942,170.0,0,1,"Scenario C3 — Wind 12 m/s
(Static mass, 12 m/s)",
35.0,2500.0,12.0,74.88,7.1133,2.6684,18.942,9.924,175.0,0,1,"Scenario C3 — Wind 12 m/s
(Static mass, 12 m/s)",
36.0,2500.0,12.0,74.18,7.047,2.7447,18.942,9.905,180.0,0,1,"Scenario C3 — Wind 12 m/s
(Static mass, 12 m/s)",
37.0,2500.0,12.0,73.48,6.9807,2.8209,18.942,9.887,185.0,0,1,"Scenario C3 — Wind 12 m/s
(Static mass, 12 m/s)",
38.0,2500.0,12.0,72.78,6.9144,2.8972,18.942,9.868,190.0,0,1,"Scenario C3 — Wind 12 m/s
(Static mass, 12 m/s)",
39.0,2500.0,12.0,72.09,6.8481,2.9734,18.942,9.85,195.0,0,1,"Scenario C3 — Wind 12 m/s
(Static mass, 12 m/s)",
40.0,2500.0,12.0,71.39,6.7818,3.0497,18.942,9.832,200.0,0,1,"Scenario C3 — Wind 12 m/s
(Static mass, 12 m/s)",
41.0,2500.0,12.0,70.69,6.7155,3.1259,18.942,9.814,205.0,0,1,"Scenario C3 — Wind 12 m/s
(Static mass, 12 m/s)",
42.0,2500.0,12.0,69.99,6.6492,3.2021,18.942,9.796,210.0,0,1,"Scenario C3 — Wind 12 m/s
(Static mass, 12 m/s)",
43.0,2500.0,12.0,69.29,6.5829,3.2784,18.942,9.779,215.0,0,1,"Scenario C3 — Wind 12 m/s
(Static mass, 12 m/s)",
44.0,2500.0,12.0,68.6,6.5166,3.3546,18.942,9.762,220.0,0,1,"Scenario C3 — Wind 12 m/s
(Static mass, 12 m/s)",
45.0,2500.0,12.0,67.9,6.4503,3.4309,18.942,9.744,225.0,0,1,"Scenario C3 — Wind 12 m/s
(Static mass, 12 m/s)",
46.0,2500.0,12.0,67.2,6.3841,3.5071,18.942,9.728,230.0,0,1,"Scenario C3 — Wind 12 m/s
(Static mass, 12 m/s)",
47.0,2500.0,12.0,66.5,6.3178,3.5833,18.942,9.711,235.0,0,1,"Scenario C3 — Wind 12 m/s
(Static mass, 12 m/s)",
48.0,2500.0,12.0,65.8,6.2515,3.6596,18.942,9.694,240.0,0,1,"Scenario C3 — Wind 12 m/s
(Static mass, 12 m/s)",
49.0,2500.0,12.0,65.11,6.1852,3.7358,18.942,9.678,245.0,0,1,"Scenario C3 — Wind 12 m/s
(Static mass, 12 m/s)",
50.0,2500.0,12.0,64.41,6.1189,3.8121,18.942,9.662,250.0,0,1,"Scenario C3 — Wind 12 m/s
(Static mass, 12 m/s)",
51.0,2500.0,12.0,63.71,6.0526,3.8883,18.942,9.647,255.0,0,1,"Scenario C3 — Wind 12 m/s
(Static mass, 12 m/s)",
52.0,2500.0,12.0,63.01,5.9863,3.9645,18.942,9.631,260.0,0,1,"Scenario C3 — Wind 12 m/s
(Static mass, 12 m/s)",
53.0,2500.0,12.0,62.32,5.92,4.0408,18.942,9.616,265.0,0,1,"Scenario C3 — Wind 12 m/s
(Static mass, 12 m/s)",
54.0,2500.0,12.0,61.62,5.8537,4.117,18.942,9.601,270.0,0,1,"Scenario C3 — Wind 12 m/s
(Static mass, 12 m/s)",
55.0,2500.0,12.0,60.92,5.7874,4.1933,18.942,9.586,275.0,0,1,"Scenario C3 — Wind 12 m/s
(Static mass, 12 m/s)",
56.0,2500.0,12.0,60.22,5.7211,4.2695,18.942,9.572,280.0,0,1,"Scenario C3 — Wind 12 m/s
(Static mass, 12 m/s)",
57.0,2500.0,12.0,59.52,5.6548,4.3458,18.942,9.557,285.0,0,1,"Scenario C3 — Wind 12 m/s
(Static mass, 12 m/s)",
58.0,2500.0,12.0,58.83,5.5885,4.422,18.942,9.543,290.0,0,1,"Scenario C3 — Wind 12 m/s
(Static mass, 12 m/s)",
59.0,2500.0,12.0,58.13,5.5222,4.4982,18.942,9.529,295.0,0,1,"Scenario C3 — Wind 12 m/s
(Static mass, 12 m/s)",
60.0,2500.0,12.0,57.43,5.4559,4.5745,18.942,9.516,300.0,0,1,"Scenario C3 — Wind 12 m/s
(Static mass, 12 m/s)",
61.0,2500.0,12.0,56.73,5.3896,4.6507,18.942,9.502,305.0,0,1,"Scenario C3 — Wind 12 m/s
(Static mass, 12 m/s)",
62.0,2500.0,12.0,56.03,5.3233,4.727,18.942,9.489,310.0,0,1,"Scenario C3 — Wind 12 m/s
(Static mass, 12 m/s)",
63.0,2500.0,12.0,55.34,5.257,4.8032,18.942,9.476,315.0,0,1,"Scenario C3 — Wind 12 m/s
(Static mass, 12 m/s)",
64.0,2500.0,12.0,54.64,5.1907,4.8794,18.942,9.463,320.0,0,1,"Scenario C3 — Wind 12 m/s
(Static mass, 12 m/s)",
65.0,2500.0,12.0,53.94,5.1244,4.9557,18.942,9.45,325.0,0,1,"Scenario C3 — Wind 12 m/s
(Static mass, 12 m/s)",
66.0,2500.0,12.0,53.24,5.0581,5.0319,18.942,9.437,330.0,0,1,"Scenario C3 — Wind 12 m/s
(Static mass, 12 m/s)",
67.0,2500.0,12.0,52.55,4.9918,5.1082,18.942,9.424,335.0,1,1,"Scenario C3 — Wind 12 m/s
(Static mass, 12 m/s)",1000.0
0.0,2500.0,12.0,99.3,9.4337,0.1525,18.942,10.397,0.0,0,2,"Scenario C3 — Wind 12 m/s
(Static mass, 12 m/s)",
1.0,2500.0,12.0,98.6,9.3674,0.1525,18.942,10.397,5.0,0,2,"Scenario C3 — Wind 12 m/s
(Static mass, 12 m/s)",
2.0,2500.0,12.0,97.91,9.3011,0.1525,18.942,10.395,10.0,0,2,"Scenario C3 — Wind 12 m/s
(Static mass, 12 m/s)",
3.0,2500.0,12.0,97.21,9.2348,0.2287,18.942,10.391,15.0,0,2,"Scenario C3 — Wind 12 m/s
(Static mass, 12 m/s)",
4.0,2500.0,12.0,96.51,9.1685,0.305,18.942,10.387,20.0,0,2,"Scenario C3 — Wind 12 m/s
(Static mass, 12 m/s)",
5.0,2500.0,12.0,95.81,9.1022,0.3812,18.942,10.381,25.0,0,2,"Scenario C3 — Wind 12 m/s
(Static mass, 12 m/s)",
6.0,2500.0,12.0,95.11,9.0359,0.4574,18.942,10.375,30.0,0,2,"Scenario C3 — Wind 12 m/s
(Static mass, 12 m/s)",
7.0,2500.0,12.0,94.42,8.9696,0.5337,18.942,10.367,35.0,0,2,"Scenario C3 — Wind 12 m/s
(Static mass, 12 m/s)",
8.0,2500.0,12.0,93.72,8.9033,0.6099,18.942,10.358,40.0,0,2,"Scenario C3 — Wind 12 m/s
(Static mass, 12 m/s)",
9.0,2500.0,12.0,93.02,8.837,0.6862,18.942,10.349,45.0,0,2,"Scenario C3 — Wind 12 m/s
(Static mass, 12 m/s)",
10.0,2500.0,12.0,92.32,8.7707,0.7624,18.942,10.338,50.0,0,2,"Scenario C3 — Wind 12 m/s
(Static mass, 12 m/s)",
11.0,2500.0,12.0,91.63,8.7044,0.8387,18.942,10.327,55.0,0,2,"Scenario C3 — Wind 12 m/s
(Static mass, 12 m/s)",
12.0,2500.0,12.0,90.93,8.6381,0.9149,18.942,10.315,60.0,0,2,"Scenario C3 — Wind 12 m/s
(Static mass, 12 m/s)",
13.0,2500.0,12.0,90.23,8.5718,0.9911,18.942,10.302,65.0,0,2,"Scenario C3 — Wind 12 m/s
(Static mass, 12 m/s)",
14.0,2500.0,12.0,89.53,8.5055,1.0674,18.942,10.289,70.0,0,2,"Scenario C3 — Wind 12 m/s
(Static mass, 12 m/s)",
15.0,2500.0,12.0,88.83,8.4393,1.1436,18.942,10.275,75.0,0,2,"Scenario C3 — Wind 12 m/s
(Static mass, 12 m/s)",
16.0,2500.0,12.0,88.14,8.373,1.2199,18.942,10.26,80.0,0,2,"Scenario C3 — Wind 12 m/s
(Static mass, 12 m/s)",
17.0,2500.0,12.0,87.44,8.3067,1.2961,18.942,10.245,85.0,0,2,"Scenario C3 — Wind 12 m/s
(Static mass, 12 m/s)",
18.0,2500.0,12.0,86.74,8.2404,1.3723,18.942,10.229,90.0,0,2,"Scenario C3 — Wind 12 m/s
(Static mass, 12 m/s)",
19.0,2500.0,12.0,86.04,8.1741,1.4486,18.942,10.213,95.0,0,2,"Scenario C3 — Wind 12 m/s
(Static mass, 12 m/s)",
20.0,2500.0,12.0,85.34,8.1078,1.5248,18.942,10.196,100.0,0,2,"Scenario C3 — Wind 12 m/s
(Static mass, 12 m/s)",
21.0,2500.0,12.0,84.65,8.0415,1.6011,18.942,10.18,105.0,0,2,"Scenario C3 — Wind 12 m/s
(Static mass, 12 m/s)",
22.0,2500.0,12.0,83.95,7.9752,1.6773,18.942,10.162,110.0,0,2,"Scenario C3 — Wind 12 m/s
(Static mass, 12 m/s)",
23.0,2500.0,12.0,83.25,7.9089,1.7535,18.942,10.145,115.0,0,2,"Scenario C3 — Wind 12 m/s
(Static mass, 12 m/s)",
24.0,2500.0,12.0,82.55,7.8426,1.8298,18.942,10.127,120.0,0,2,"Scenario C3 — Wind 12 m/s
(Static mass, 12 m/s)",
25.0,2500.0,12.0,81.86,7.7763,1.906,18.942,10.109,125.0,0,2,"Scenario C3 — Wind 12 m/s
(Static mass, 12 m/s)",
26.0,2500.0,12.0,81.16,7.71,1.9823,18.942,10.091,130.0,0,2,"Scenario C3 — Wind 12 m/s
(Static mass, 12 m/s)",
27.0,2500.0,12.0,80.46,7.6437,2.0585,18.942,10.073,135.0,0,2,"Scenario C3 — Wind 12 m/s
(Static mass, 12 m/s)",
28.0,2500.0,12.0,79.76,7.5774,2.1348,18.942,10.054,140.0,0,2,"Scenario C3 — Wind 12 m/s
(Static mass, 12 m/s)",
29.0,2500.0,12.0,79.06,7.5111,2.211,18.942,10.036,145.0,0,2,"Scenario C3 — Wind 12 m/s
(Static mass, 12 m/s)",
30.0,2500.0,12.0,78.37,7.4448,2.2872,18.942,10.017,150.0,0,2,"Scenario C3 — Wind 12 m/s
(Static mass, 12 m/s)",
31.0,2500.0,12.0,77.67,7.3785,2.3635,18.942,9.998,155.0,0,2,"Scenario C3 — Wind 12 m/s
(Static mass, 12 m/s)",
32.0,2500.0,12.0,76.97,7.3122,2.4397,18.942,9.98,160.0,0,2,"Scenario C3 — Wind 12 m/s
(Static mass, 12 m/s)",
33.0,2500.0,12.0,76.27,7.2459,2.516,18.942,9.961,165.0,0,2,"Scenario C3 — Wind 12 m/s
(Static mass, 12 m/s)",
34.0,2500.0,12.0,75.57,7.1796,2.5922,18.942,9.942,170.0,0,2,"Scenario C3 — Wind 12 m/s
(Static mass, 12 m/s)",
35.0,2500.0,12.0,74.88,7.1133,2.6684,18.942,9.924,175.0,0,2,"Scenario C3 — Wind 12 m/s
(Static mass, 12 m/s)",
36.0,2500.0,12.0,74.18,7.047,2.7447,18.942,9.905,180.0,0,2,"Scenario C3 — Wind 12 m/s
(Static mass, 12 m/s)",
37.0,2500.0,12.0,73.48,6.9807,2.8209,18.942,9.887,185.0,0,2,"Scenario C3 — Wind 12 m/s
(Static mass, 12 m/s)",
38.0,2500.0,12.0,72.78,6.9144,2.8972,18.942,9.868,190.0,0,2,"Scenario C3 — Wind 12 m/s
(Static mass, 12 m/s)",
39.0,2500.0,12.0,72.09,6.8481,2.9734,18.942,9.85,195.0,0,2,"Scenario C3 — Wind 12 m/s
(Static mass, 12 m/s)",
40.0,2500.0,12.0,71.39,6.7818,3.0497,18.942,9.832,200.0,0,2,"Scenario C3 — Wind 12 m/s
(Static mass, 12 m/s)",
41.0,2500.0,12.0,70.69,6.7155,3.1259,18.942,9.814,205.0,0,2,"Scenario C3 — Wind 12 m/s
(Static mass, 12 m/s)",
42.0,2500.0,12.0,69.99,6.6492,3.2021,18.942,9.796,210.0,0,2,"Scenario C3 — Wind 12 m/s
(Static mass, 12 m/s)",
43.0,2500.0,12.0,69.29,6.5829,3.2784,18.942,9.779,215.0,0,2,"Scenario C3 — Wind 12 m/s
(Static mass, 12 m/s)",
44.0,2500.0,12.0,68.6,6.5166,3.3546,18.942,9.762,220.0,0,2,"Scenario C3 — Wind 12 m/s
(Static mass, 12 m/s)",
45.0,2500.0,12.0,67.9,6.4503,3.4309,18.942,9.744,225.0,0,2,"Scenario C3 — Wind 12 m/s
(Static mass, 12 m/s)",
46.0,2500.0,12.0,67.2,6.3841,3.5071,18.942,9.728,230.0,0,2,"Scenario C3 — Wind 12 m/s
(Static mass, 12 m/s)",
47.0,2500.0,12.0,66.5,6.3178,3.5833,18.942,9.711,235.0,0,2,"Scenario C3 — Wind 12 m/s
(Static mass, 12 m/s)",
48.0,2500.0,12.0,65.8,6.2515,3.6596,18.942,9.694,240.0,0,2,"Scenario C3 — Wind 12 m/s
(Static mass, 12 m/s)",
49.0,2500.0,12.0,65.11,6.1852,3.7358,18.942,9.678,245.0,0,2,"Scenario C3 — Wind 12 m/s
(Static mass, 12 m/s)",
50.0,2500.0,12.0,64.41,6.1189,3.8121,18.942,9.662,250.0,0,2,"Scenario C3 — Wind 12 m/s
(Static mass, 12 m/s)",
51.0,2500.0,12.0,63.71,6.0526,3.8883,18.942,9.647,255.0,0,2,"Scenario C3 — Wind 12 m/s
(Static mass, 12 m/s)",
52.0,2500.0,12.0,63.01,5.9863,3.9645,18.942,9.631,260.0,0,2,"Scenario C3 — Wind 12 m/s
(Static mass, 12 m/s)",
53.0,2500.0,12.0,62.32,5.92,4.0408,18.942,9.616,265.0,0,2,"Scenario C3 — Wind 12 m/s
(Static mass, 12 m/s)",
54.0,2500.0,12.0,61.62,5.8537,4.117,18.942,9.601,270.0,0,2,"Scenario C3 — Wind 12 m/s
(Static mass, 12 m/s)",
55.0,2500.0,12.0,60.92,5.7874,4.1933,18.942,9.586,275.0,0,2,"Scenario C3 — Wind 12 m/s
(Static mass, 12 m/s)",
56.0,2500.0,12.0,60.22,5.7211,4.2695,18.942,9.572,280.0,0,2,"Scenario C3 — Wind 12 m/s
(Static mass, 12 m/s)",
57.0,2500.0,12.0,59.52,5.6548,4.3458,18.942,9.557,285.0,0,2,"Scenario C3 — Wind 12 m/s
(Static mass, 12 m/s)",
58.0,2500.0,12.0,58.83,5.5885,4.422,18.942,9.543,290.0,0,2,"Scenario C3 — Wind 12 m/s
(Static mass, 12 m/s)",
59.0,2500.0,12.0,58.13,5.5222,4.4982,18.942,9.529,295.0,0,2,"Scenario C3 — Wind 12 m/s
(Static mass, 12 m/s)",
60.0,2500.0,12.0,57.43,5.4559,4.5745,18.942,9.516,300.0,0,2,"Scenario C3 — Wind 12 m/s
(Static mass, 12 m/s)",
61.0,2500.0,12.0,56.73,5.3896,4.6507,18.942,9.502,305.0,0,2,"Scenario C3 — Wind 12 m/s
(Static mass, 12 m/s)",
62.0,2500.0,12.0,56.03,5.3233,4.727,18.942,9.489,310.0,0,2,"Scenario C3 — Wind 12 m/s
(Static mass, 12 m/s)",
63.0,2500.0,12.0,55.34,5.257,4.8032,18.942,9.476,315.0,0,2,"Scenario C3 — Wind 12 m/s
(Static mass, 12 m/s)",
64.0,2500.0,12.0,54.64,5.1907,4.8794,18.942,9.463,320.0,0,2,"Scenario C3 — Wind 12 m/s
(Static mass, 12 m/s)",
65.0,2500.0,12.0,53.94,5.1244,4.9557,18.942,9.45,325.0,0,2,"Scenario C3 — Wind 12 m/s
(Static mass, 12 m/s)",
66.0,2500.0,12.0,53.24,5.0581,5.0319,18.942,9.437,330.0,0,2,"Scenario C3 — Wind 12 m/s
(Static mass, 12 m/s)",
67.0,2500.0,12.0,52.55,4.9918,5.1082,18.942,9.424,335.0,1,2,"Scenario C3 — Wind 12 m/s
(Static mass, 12 m/s)",1000.0
0.0,2500.0,12.0,99.3,9.4337,0.1525,18.942,10.397,0.0,0,3,"Scenario C3 — Wind 12 m/s
(Static mass, 12 m/s)",
1.0,2500.0,12.0,98.6,9.3674,0.1525,18.942,10.397,5.0,0,3,"Scenario C3 — Wind 12 m/s
(Static mass, 12 m/s)",
2.0,2500.0,12.0,97.91,9.3011,0.1525,18.942,10.395,10.0,0,3,"Scenario C3 — Wind 12 m/s
(Static mass, 12 m/s)",
3.0,2500.0,12.0,97.21,9.2348,0.2287,18.942,10.391,15.0,0,3,"Scenario C3 — Wind 12 m/s
(Static mass, 12 m/s)",
4.0,2500.0,12.0,96.51,9.1685,0.305,18.942,10.387,20.0,0,3,"Scenario C3 — Wind 12 m/s
(Static mass, 12 m/s)",
5.0,2500.0,12.0,95.81,9.1022,0.3812,18.942,10.381,25.0,0,3,"Scenario C3 — Wind 12 m/s
(Static mass, 12 m/s)",
6.0,2500.0,12.0,95.11,9.0359,0.4574,18.942,10.375,30.0,0,3,"Scenario C3 — Wind 12 m/s
(Static mass, 12 m/s)",
7.0,2500.0,12.0,94.42,8.9696,0.5337,18.942,10.367,35.0,0,3,"Scenario C3 — Wind 12 m/s
(Static mass, 12 m/s)",
8.0,2500.0,12.0,93.72,8.9033,0.6099,18.942,10.358,40.0,0,3,"Scenario C3 — Wind 12 m/s
(Static mass, 12 m/s)",
9.0,2500.0,12.0,93.02,8.837,0.6862,18.942,10.349,45.0,0,3,"Scenario C3 — Wind 12 m/s
(Static mass, 12 m/s)",
10.0,2500.0,12.0,92.32,8.7707,0.7624,18.942,10.338,50.0,0,3,"Scenario C3 — Wind 12 m/s
(Static mass, 12 m/s)",
11.0,2500.0,12.0,91.63,8.7044,0.8387,18.942,10.327,55.0,0,3,"Scenario C3 — Wind 12 m/s
(Static mass, 12 m/s)",
12.0,2500.0,12.0,90.93,8.6381,0.9149,18.942,10.315,60.0,0,3,"Scenario C3 — Wind 12 m/s
(Static mass, 12 m/s)",
13.0,2500.0,12.0,90.23,8.5718,0.9911,18.942,10.302,65.0,0,3,"Scenario C3 — Wind 12 m/s
(Static mass, 12 m/s)",
14.0,2500.0,12.0,89.53,8.5055,1.0674,18.942,10.289,70.0,0,3,"Scenario C3 — Wind 12 m/s
(Static mass, 12 m/s)",
15.0,2500.0,12.0,88.83,8.4393,1.1436,18.942,10.275,75.0,0,3,"Scenario C3 — Wind 12 m/s
(Static mass, 12 m/s)",
16.0,2500.0,12.0,88.14,8.373,1.2199,18.942,10.26,80.0,0,3,"Scenario C3 — Wind 12 m/s
(Static mass, 12 m/s)",
17.0,2500.0,12.0,87.44,8.3067,1.2961,18.942,10.245,85.0,0,3,"Scenario C3 — Wind 12 m/s
(Static mass, 12 m/s)",
18.0,2500.0,12.0,86.74,8.2404,1.3723,18.942,10.229,90.0,0,3,"Scenario C3 — Wind 12 m/s
(Static mass, 12 m/s)",
19.0,2500.0,12.0,86.04,8.1741,1.4486,18.942,10.213,95.0,0,3,"Scenario C3 — Wind 12 m/s
(Static mass, 12 m/s)",
20.0,2500.0,12.0,85.34,8.1078,1.5248,18.942,10.196,100.0,0,3,"Scenario C3 — Wind 12 m/s
(Static mass, 12 m/s)",
21.0,2500.0,12.0,84.65,8.0415,1.6011,18.942,10.18,105.0,0,3,"Scenario C3 — Wind 12 m/s
(Static mass, 12 m/s)",
22.0,2500.0,12.0,83.95,7.9752,1.6773,18.942,10.162,110.0,0,3,"Scenario C3 — Wind 12 m/s
(Static mass, 12 m/s)",
23.0,2500.0,12.0,83.25,7.9089,1.7535,18.942,10.145,115.0,0,3,"Scenario C3 — Wind 12 m/s
(Static mass, 12 m/s)",
24.0,2500.0,12.0,82.55,7.8426,1.8298,18.942,10.127,120.0,0,3,"Scenario C3 — Wind 12 m/s
(Static mass, 12 m/s)",
25.0,2500.0,12.0,81.86,7.7763,1.906,18.942,10.109,125.0,0,3,"Scenario C3 — Wind 12 m/s
(Static mass, 12 m/s)",
26.0,2500.0,12.0,81.16,7.71,1.9823,18.942,10.091,130.0,0,3,"Scenario C3 — Wind 12 m/s
(Static mass, 12 m/s)",
27.0,2500.0,12.0,80.46,7.6437,2.0585,18.942,10.073,135.0,0,3,"Scenario C3 — Wind 12 m/s
(Static mass, 12 m/s)",
28.0,2500.0,12.0,79.76,7.5774,2.1348,18.942,10.054,140.0,0,3,"Scenario C3 — Wind 12 m/s
(Static mass, 12 m/s)",
29.0,2500.0,12.0,79.06,7.5111,2.211,18.942,10.036,145.0,0,3,"Scenario C3 — Wind 12 m/s
(Static mass, 12 m/s)",
30.0,2500.0,12.0,78.37,7.4448,2.2872,18.942,10.017,150.0,0,3,"Scenario C3 — Wind 12 m/s
(Static mass, 12 m/s)",
31.0,2500.0,12.0,77.67,7.3785,2.3635,18.942,9.998,155.0,0,3,"Scenario C3 — Wind 12 m/s
(Static mass, 12 m/s)",
32.0,2500.0,12.0,76.97,7.3122,2.4397,18.942,9.98,160.0,0,3,"Scenario C3 — Wind 12 m/s
(Static mass, 12 m/s)",
33.0,2500.0,12.0,76.27,7.2459,2.516,18.942,9.961,165.0,0,3,"Scenario C3 — Wind 12 m/s
(Static mass, 12 m/s)",
34.0,2500.0,12.0,75.57,7.1796,2.5922,18.942,9.942,170.0,0,3,"Scenario C3 — Wind 12 m/s
(Static mass, 12 m/s)",
35.0,2500.0,12.0,74.88,7.1133,2.6684,18.942,9.924,175.0,0,3,"Scenario C3 — Wind 12 m/s
(Static mass, 12 m/s)",
36.0,2500.0,12.0,74.18,7.047,2.7447,18.942,9.905,180.0,0,3,"Scenario C3 — Wind 12 m/s
(Static mass, 12 m/s)",
37.0,2500.0,12.0,73.48,6.9807,2.8209,18.942,9.887,185.0,0,3,"Scenario C3 — Wind 12 m/s
(Static mass, 12 m/s)",
38.0,2500.0,12.0,72.78,6.9144,2.8972,18.942,9.868,190.0,0,3,"Scenario C3 — Wind 12 m/s
(Static mass, 12 m/s)",
39.0,2500.0,12.0,72.09,6.8481,2.9734,18.942,9.85,195.0,0,3,"Scenario C3 — Wind 12 m/s
(Static mass, 12 m/s)",
40.0,2500.0,12.0,71.39,6.7818,3.0497,18.942,9.832,200.0,0,3,"Scenario C3 — Wind 12 m/s
(Static mass, 12 m/s)",
41.0,2500.0,12.0,70.69,6.7155,3.1259,18.942,9.814,205.0,0,3,"Scenario C3 — Wind 12 m/s
(Static mass, 12 m/s)",
42.0,2500.0,12.0,69.99,6.6492,3.2021,18.942,9.796,210.0,0,3,"Scenario C3 — Wind 12 m/s
(Static mass, 12 m/s)",
43.0,2500.0,12.0,69.29,6.5829,3.2784,18.942,9.779,215.0,0,3,"Scenario C3 — Wind 12 m/s
(Static mass, 12 m/s)",
44.0,2500.0,12.0,68.6,6.5166,3.3546,18.942,9.762,220.0,0,3,"Scenario C3 — Wind 12 m/s
(Static mass, 12 m/s)",
45.0,2500.0,12.0,67.9,6.4503,3.4309,18.942,9.744,225.0,0,3,"Scenario C3 — Wind 12 m/s
(Static mass, 12 m/s)",
46.0,2500.0,12.0,67.2,6.3841,3.5071,18.942,9.728,230.0,0,3,"Scenario C3 — Wind 12 m/s
(Static mass, 12 m/s)",
47.0,2500.0,12.0,66.5,6.3178,3.5833,18.942,9.711,235.0,0,3,"Scenario C3 — Wind 12 m/s
(Static mass, 12 m/s)",
48.0,2500.0,12.0,65.8,6.2515,3.6596,18.942,9.694,240.0,0,3,"Scenario C3 — Wind 12 m/s
(Static mass, 12 m/s)",
49.0,2500.0,12.0,65.11,6.1852,3.7358,18.942,9.678,245.0,0,3,"Scenario C3 — Wind 12 m/s
(Static mass, 12 m/s)",
50.0,2500.0,12.0,64.41,6.1189,3.8121,18.942,9.662,250.0,0,3,"Scenario C3 — Wind 12 m/s
(Static mass, 12 m/s)",
51.0,2500.0,12.0,63.71,6.0526,3.8883,18.942,9.647,255.0,0,3,"Scenario C3 — Wind 12 m/s
(Static mass, 12 m/s)",
52.0,2500.0,12.0,63.01,5.9863,3.9645,18.942,9.631,260.0,0,3,"Scenario C3 — Wind 12 m/s
(Static mass, 12 m/s)",
53.0,2500.0,12.0,62.32,5.92,4.0408,18.942,9.616,265.0,0,3,"Scenario C3 — Wind 12 m/s
(Static mass, 12 m/s)",
54.0,2500.0,12.0,61.62,5.8537,4.117,18.942,9.601,270.0,0,3,"Scenario C3 — Wind 12 m/s
(Static mass, 12 m/s)",
55.0,2500.0,12.0,60.92,5.7874,4.1933,18.942,9.586,275.0,0,3,"Scenario C3 — Wind 12 m/s
(Static mass, 12 m/s)",
56.0,2500.0,12.0,60.22,5.7211,4.2695,18.942,9.572,280.0,0,3,"Scenario C3 — Wind 12 m/s
(Static mass, 12 m/s)",
57.0,2500.0,12.0,59.52,5.6548,4.3458,18.942,9.557,285.0,0,3,"Scenario C3 — Wind 12 m/s
(Static mass, 12 m/s)",
58.0,2500.0,12.0,58.83,5.5885,4.422,18.942,9.543,290.0,0,3,"Scenario C3 — Wind 12 m/s
(Static mass, 12 m/s)",
59.0,2500.0,12.0,58.13,5.5222,4.4982,18.942,9.529,295.0,0,3,"Scenario C3 — Wind 12 m/s
(Static mass, 12 m/s)",
60.0,2500.0,12.0,57.43,5.4559,4.5745,18.942,9.516,300.0,0,3,"Scenario C3 — Wind 12 m/s
(Static mass, 12 m/s)",
61.0,2500.0,12.0,56.73,5.3896,4.6507,18.942,9.502,305.0,0,3,"Scenario C3 — Wind 12 m/s
(Static mass, 12 m/s)",
62.0,2500.0,12.0,56.03,5.3233,4.727,18.942,9.489,310.0,0,3,"Scenario C3 — Wind 12 m/s
(Static mass, 12 m/s)",
63.0,2500.0,12.0,55.34,5.257,4.8032,18.942,9.476,315.0,0,3,"Scenario C3 — Wind 12 m/s
(Static mass, 12 m/s)",
64.0,2500.0,12.0,54.64,5.1907,4.8794,18.942,9.463,320.0,0,3,"Scenario C3 — Wind 12 m/s
(Static mass, 12 m/s)",
65.0,2500.0,12.0,53.94,5.1244,4.9557,18.942,9.45,325.0,0,3,"Scenario C3 — Wind 12 m/s
(Static mass, 12 m/s)",
66.0,2500.0,12.0,53.24,5.0581,5.0319,18.942,9.437,330.0,0,3,"Scenario C3 — Wind 12 m/s
(Static mass, 12 m/s)",
67.0,2500.0,12.0,52.55,4.9918,5.1082,18.942,9.424,335.0,1,3,"Scenario C3 — Wind 12 m/s
(Static mass, 12 m/s)",1000.0
0.0,2500.0,3.0,99.46,9.4487,0.118,14.663,10.948,0.0,0,1,"Scenario D1 — Realistic 3 m/s
(Dynamic mass, 3 m/s)",
1.0,2483.3,3.0,98.92,9.3979,0.1169,14.521,10.965,5.0,0,1,"Scenario D1 — Realistic 3 m/s
(Dynamic mass, 3 m/s)",
2.0,2466.6,3.0,98.39,9.3475,0.1158,14.38,10.982,10.0,0,1,"Scenario D1 — Realistic 3 m/s
(Dynamic mass, 3 m/s)",
3.0,2449.9,3.0,97.87,9.2977,0.1719,14.24,10.998,15.0,0,1,"Scenario D1 — Realistic 3 m/s
(Dynamic mass, 3 m/s)",
4.0,2433.2,3.0,97.35,9.2483,0.227,14.099,11.013,20.0,0,1,"Scenario D1 — Realistic 3 m/s
(Dynamic mass, 3 m/s)",
5.0,2416.5,3.0,96.84,9.1995,0.2809,13.959,11.027,25.0,0,1,"Scenario D1 — Realistic 3 m/s
(Dynamic mass, 3 m/s)",
6.0,2399.8,3.0,96.33,9.1511,0.3338,13.82,11.04,30.0,0,1,"Scenario D1 — Realistic 3 m/s
(Dynamic mass, 3 m/s)",
7.0,2383.1,3.0,95.82,9.1032,0.3855,13.681,11.053,35.0,0,1,"Scenario D1 — Realistic 3 m/s
(Dynamic mass, 3 m/s)",
8.0,2366.4,3.0,95.32,9.0558,0.4361,13.543,11.066,40.0,0,1,"Scenario D1 — Realistic 3 m/s
(Dynamic mass, 3 m/s)",
9.0,2349.7,3.0,94.83,9.0089,0.4856,13.405,11.077,45.0,0,1,"Scenario D1 — Realistic 3 m/s
(Dynamic mass, 3 m/s)",
10.0,2333.0,3.0,94.34,8.9625,0.534,13.268,11.088,50.0,0,1,"Scenario D1 — Realistic 3 m/s
(Dynamic mass, 3 m/s)",
11.0,2316.3,3.0,93.86,8.9165,0.5814,13.131,11.099,55.0,0,1,"Scenario D1 — Realistic 3 m/s
(Dynamic mass, 3 m/s)",
12.0,2299.6,3.0,93.38,8.871,0.6276,12.995,11.109,60.0,0,1,"Scenario D1 — Realistic 3 m/s
(Dynamic mass, 3 m/s)",
13.0,2282.9,3.0,92.91,8.826,0.6728,12.859,11.119,65.0,0,1,"Scenario D1 — Realistic 3 m/s
(Dynamic mass, 3 m/s)",
14.0,2266.2,3.0,92.44,8.7815,0.717,12.723,11.128,70.0,0,1,"Scenario D1 — Realistic 3 m/s
(Dynamic mass, 3 m/s)",
15.0,2249.5,3.0,91.97,8.7374,0.76,12.588,11.137,75.0,0,1,"Scenario D1 — Realistic 3 m/s
(Dynamic mass, 3 m/s)",
16.0,2232.8,3.0,91.51,8.6938,0.802,12.454,11.146,80.0,0,1,"Scenario D1 — Realistic 3 m/s
(Dynamic mass, 3 m/s)",
17.0,2216.1,3.0,91.06,8.6507,0.843,12.32,11.154,85.0,0,1,"Scenario D1 — Realistic 3 m/s
(Dynamic mass, 3 m/s)",
18.0,2199.4,3.0,90.61,8.6081,0.8829,12.187,11.162,90.0,0,1,"Scenario D1 — Realistic 3 m/s
(Dynamic mass, 3 m/s)",
19.0,2182.7,3.0,90.17,8.5659,0.9218,12.054,11.17,95.0,0,1,"Scenario D1 — Realistic 3 m/s
(Dynamic mass, 3 m/s)",
20.0,2166.0,3.0,89.73,8.5242,0.9597,11.921,11.177,100.0,0,1,"Scenario D1 — Realistic 3 m/s
(Dynamic mass, 3 m/s)",
21.0,2149.3,3.0,89.29,8.4829,0.9965,11.79,11.184,105.0,0,1,"Scenario D1 — Realistic 3 m/s
(Dynamic mass, 3 m/s)",
22.0,2132.6,3.0,88.86,8.4421,1.0323,11.658,11.191,110.0,0,1,"Scenario D1 — Realistic 3 m/s
(Dynamic mass, 3 m/s)",
23.0,2115.9,3.0,88.44,8.4017,1.0672,11.527,11.198,115.0,0,1,"Scenario D1 — Realistic 3 m/s
(Dynamic mass, 3 m/s)",
24.0,2099.2,3.0,88.02,8.3619,1.101,11.397,11.205,120.0,0,1,"Scenario D1 — Realistic 3 m/s
(Dynamic mass, 3 m/s)",
25.0,2082.5,3.0,87.6,8.3224,1.1338,11.267,11.211,125.0,0,1,"Scenario D1 — Realistic 3 m/s
(Dynamic mass, 3 m/s)",
26.0,2065.8,3.0,87.19,8.2834,1.1656,11.138,11.217,130.0,0,1,"Scenario D1 — Realistic 3 m/s
(Dynamic mass, 3 m/s)",
27.0,2049.1,3.0,86.79,8.2449,1.1964,11.009,11.223,135.0,0,1,"Scenario D1 — Realistic 3 m/s
(Dynamic mass, 3 m/s)",
28.0,2032.4,3.0,86.39,8.2068,1.2263,10.881,11.229,140.0,0,1,"Scenario D1 — Realistic 3 m/s
(Dynamic mass, 3 m/s)",
29.0,2015.7,3.0,85.99,8.1692,1.2552,10.753,11.235,145.0,0,1,"Scenario D1 — Realistic 3 m/s
(Dynamic mass, 3 m/s)",
30.0,1999.0,3.0,85.6,8.132,1.2831,10.626,11.24,150.0,0,1,"Scenario D1 — Realistic 3 m/s
(Dynamic mass, 3 m/s)",
31.0,1982.3,3.0,85.21,8.0952,1.3101,10.499,11.246,155.0,0,1,"Scenario D1 — Realistic 3 m/s
(Dynamic mass, 3 m/s)",
32.0,1965.6,3.0,84.83,8.0589,1.3361,10.373,11.251,160.0,0,1,"Scenario D1 — Realistic 3 m/s
(Dynamic mass, 3 m/s)",
33.0,1948.9,3.0,84.45,8.0231,1.3612,10.248,11.257,165.0,0,1,"Scenario D1 — Realistic 3 m/s
(Dynamic mass, 3 m/s)",
34.0,1932.2,3.0,84.08,7.9876,1.3853,10.123,11.262,170.0,0,1,"Scenario D1 — Realistic 3 m/s
(Dynamic mass, 3 m/s)",
35.0,1915.5,3.0,83.71,7.9526,1.4085,9.998,11.267,175.0,0,1,"Scenario D1 — Realistic 3 m/s
(Dynamic mass, 3 m/s)",
36.0,1898.8,3.0,83.35,7.9181,1.4308,9.874,11.273,180.0,0,1,"Scenario D1 — Realistic 3 m/s
(Dynamic mass, 3 m/s)",
37.0,1882.1,3.0,82.99,7.884,1.4521,9.751,11.278,185.0,0,1,"Scenario D1 — Realistic 3 m/s
(Dynamic mass, 3 m/s)",
38.0,1865.4,3.0,82.63,7.8503,1.4726,9.628,11.283,190.0,0,1,"Scenario D1 — Realistic 3 m/s
(Dynamic mass, 3 m/s)",
39.0,1848.7,3.0,82.28,7.817,1.4921,9.506,11.288,195.0,0,1,"Scenario D1 — Realistic 3 m/s
(Dynamic mass, 3 m/s)",
40.0,1832.0,3.0,81.94,7.7841,1.5108,9.384,11.293,200.0,0,1,"Scenario D1 — Realistic 3 m/s
(Dynamic mass, 3 m/s)",
41.0,1815.3,3.0,81.6,7.7517,1.5286,9.263,11.298,205.0,0,1,"Scenario D1 — Realistic 3 m/s
(Dynamic mass, 3 m/s)",
42.0,1798.6,3.0,81.26,7.7197,1.5454,9.142,11.303,210.0,0,1,"Scenario D1 — Realistic 3 m/s
(Dynamic mass, 3 m/s)",
43.0,1781.9,3.0,80.93,7.6882,1.5614,9.022,11.308,215.0,0,1,"Scenario D1 — Realistic 3 m/s
(Dynamic mass, 3 m/s)",
44.0,1765.2,3.0,80.6,7.657,1.5766,8.902,11.313,220.0,0,1,"Scenario D1 — Realistic 3 m/s
(Dynamic mass, 3 m/s)",
45.0,1748.5,3.0,80.28,7.6263,1.5909,8.783,11.318,225.0,0,1,"Scenario D1 — Realistic 3 m/s
(Dynamic mass, 3 m/s)",
46.0,1731.8,3.0,79.96,7.5959,1.6043,8.665,11.323,230.0,0,1,"Scenario D1 — Realistic 3 m/s
(Dynamic mass, 3 m/s)",
47.0,1715.1,3.0,79.64,7.566,1.6169,8.547,11.328,235.0,0,1,"Scenario D1 — Realistic 3 m/s
(Dynamic mass, 3 m/s)",
48.0,1698.4,3.0,79.33,7.5365,1.6286,8.43,11.333,240.0,0,1,"Scenario D1 — Realistic 3 m/s
(Dynamic mass, 3 m/s)",
49.0,1681.7,3.0,79.03,7.5074,1.6395,8.313,11.338,245.0,0,1,"Scenario D1 — Realistic 3 m/s
(Dynamic mass, 3 m/s)",
50.0,1665.0,3.0,78.72,7.4787,1.6496,8.197,11.343,250.0,0,1,"Scenario D1 — Realistic 3 m/s
(Dynamic mass, 3 m/s)",
51.0,1648.3,3.0,78.43,7.4504,1.6589,8.081,11.348,255.0,0,1,"Scenario D1 — Realistic 3 m/s
(Dynamic mass, 3 m/s)",
52.0,1631.6,3.0,78.13,7.4226,1.6674,7.966,11.353,260.0,0,1,"Scenario D1 — Realistic 3 m/s
(Dynamic mass, 3 m/s)",
53.0,1614.9,3.0,77.84,7.3951,1.675,7.852,11.358,265.0,0,1,"Scenario D1 — Realistic 3 m/s
(Dynamic mass, 3 m/s)",
54.0,1598.2,3.0,77.56,7.368,1.6819,7.738,11.363,270.0,0,1,"Scenario D1 — Realistic 3 m/s
(Dynamic mass, 3 m/s)",
55.0,1581.5,3.0,77.28,7.3413,1.688,7.625,11.369,275.0,0,1,"Scenario D1 — Realistic 3 m/s
(Dynamic mass, 3 m/s)",
56.0,1564.8,3.0,77.0,7.315,1.6933,7.512,11.374,280.0,0,1,"Scenario D1 — Realistic 3 m/s
(Dynamic mass, 3 m/s)",
57.0,1548.1,3.0,76.73,7.2891,1.6978,7.4,11.379,285.0,0,1,"Scenario D1 — Realistic 3 m/s
(Dynamic mass, 3 m/s)",
58.0,1531.4,3.0,76.46,7.2636,1.7016,7.289,11.384,290.0,0,1,"Scenario D1 — Realistic 3 m/s
(Dynamic mass, 3 m/s)",
59.0,1514.7,3.0,76.19,7.2385,1.7047,7.178,11.389,295.0,0,1,"Scenario D1 — Realistic 3 m/s
(Dynamic mass, 3 m/s)",
60.0,1500.0,3.0,75.93,7.2137,1.7101,7.081,11.393,300.0,0,1,"Scenario D1 — Realistic 3 m/s
(Dynamic mass, 3 m/s)",
61.0,1500.0,3.0,75.67,7.1889,1.7386,7.081,11.386,305.0,0,1,"Scenario D1 — Realistic 3 m/s
(Dynamic mass, 3 m/s)",
62.0,1500.0,3.0,75.41,7.1641,1.7671,7.081,11.379,310.0,0,1,"Scenario D1 — Realistic 3 m/s
(Dynamic mass, 3 m/s)",
63.0,1500.0,3.0,75.15,7.1393,1.7956,7.081,11.373,315.0,0,1,"Scenario D1 — Realistic 3 m/s
(Dynamic mass, 3 m/s)",
64.0,1500.0,3.0,74.89,7.1146,1.8241,7.081,11.366,320.0,0,1,"Scenario D1 — Realistic 3 m/s
(Dynamic mass, 3 m/s)",
65.0,1500.0,3.0,74.63,7.0898,1.8526,7.081,11.359,325.0,0,1,"Scenario D1 — Realistic 3 m/s
(Dynamic mass, 3 m/s)",
66.0,1500.0,3.0,74.37,7.065,1.8811,7.081,11.352,330.0,0,1,"Scenario D1 — Realistic 3 m/s
(Dynamic mass, 3 m/s)",
67.0,1500.0,3.0,74.11,7.0402,1.9096,7.081,11.345,335.0,0,1,"Scenario D1 — Realistic 3 m/s
(Dynamic mass, 3 m/s)",
68.0,1500.0,3.0,73.85,7.0154,1.9381,7.081,11.339,340.0,0,1,"Scenario D1 — Realistic 3 m/s
(Dynamic mass, 3 m/s)",
69.0,1500.0,3.0,73.59,6.9906,1.9666,7.081,11.332,345.0,0,1,"Scenario D1 — Realistic 3 m/s
(Dynamic mass, 3 m/s)",
70.0,1500.0,3.0,73.32,6.9658,1.9951,7.081,11.325,350.0,0,1,"Scenario D1 — Realistic 3 m/s
(Dynamic mass, 3 m/s)",
71.0,1500.0,3.0,73.06,6.9411,2.0236,7.081,11.318,355.0,0,1,"Scenario D1 — Realistic 3 m/s
(Dynamic mass, 3 m/s)",
72.0,1500.0,3.0,72.8,6.9163,2.0522,7.081,11.312,360.0,0,1,"Scenario D1 — Realistic 3 m/s
(Dynamic mass, 3 m/s)",
73.0,1500.0,3.0,72.54,6.8915,2.0807,7.081,11.305,365.0,0,1,"Scenario D1 — Realistic 3 m/s
(Dynamic mass, 3 m/s)",
74.0,1500.0,3.0,72.28,6.8667,2.1092,7.081,11.299,370.0,0,1,"Scenario D1 — Realistic 3 m/s
(Dynamic mass, 3 m/s)",
75.0,1500.0,3.0,72.02,6.8419,2.1377,7.081,11.292,375.0,0,1,"Scenario D1 — Realistic 3 m/s
(Dynamic mass, 3 m/s)",
76.0,1500.0,3.0,71.76,6.8171,2.1662,7.081,11.285,380.0,0,1,"Scenario D1 — Realistic 3 m/s
(Dynamic mass, 3 m/s)",
77.0,1500.0,3.0,71.5,6.7924,2.1947,7.081,11.279,385.0,0,1,"Scenario D1 — Realistic 3 m/s
(Dynamic mass, 3 m/s)",
78.0,1500.0,3.0,71.24,6.7676,2.2232,7.081,11.272,390.0,0,1,"Scenario D1 — Realistic 3 m/s
(Dynamic mass, 3 m/s)",
79.0,1500.0,3.0,70.98,6.7428,2.2517,7.081,11.266,395.0,0,1,"Scenario D1 — Realistic 3 m/s
(Dynamic mass, 3 m/s)",
80.0,1500.0,3.0,70.72,6.718,2.2802,7.081,11.259,400.0,0,1,"Scenario D1 — Realistic 3 m/s
(Dynamic mass, 3 m/s)",
81.0,1500.0,3.0,70.45,6.6932,2.3087,7.081,11.253,405.0,0,1,"Scenario D1 — Realistic 3 m/s
(Dynamic mass, 3 m/s)",
82.0,1500.0,3.0,70.19,6.6684,2.3372,7.081,11.246,410.0,0,1,"Scenario D1 — Realistic 3 m/s
(Dynamic mass, 3 m/s)",
83.0,1500.0,3.0,69.93,6.6436,2.3657,7.081,11.24,415.0,0,1,"Scenario D1 — Realistic 3 m/s
(Dynamic mass, 3 m/s)",
84.0,1500.0,3.0,69.67,6.6189,2.3942,7.081,11.234,420.0,0,1,"Scenario D1 — Realistic 3 m/s
(Dynamic mass, 3 m/s)",
85.0,1500.0,3.0,69.41,6.5941,2.4227,7.081,11.227,425.0,0,1,"Scenario D1 — Realistic 3 m/s
(Dynamic mass, 3 m/s)",
86.0,1500.0,3.0,69.15,6.5693,2.4512,7.081,11.221,430.0,0,1,"Scenario D1 — Realistic 3 m/s
(Dynamic mass, 3 m/s)",
87.0,1500.0,3.0,68.89,6.5445,2.4797,7.081,11.215,435.0,0,1,"Scenario D1 — Realistic 3 m/s
(Dynamic mass, 3 m/s)",
88.0,1500.0,3.0,68.63,6.5197,2.5082,7.081,11.208,440.0,0,1,"Scenario D1 — Realistic 3 m/s
(Dynamic mass, 3 m/s)",
89.0,1500.0,3.0,68.37,6.4949,2.5367,7.081,11.202,445.0,0,1,"Scenario D1 — Realistic 3 m/s
(Dynamic mass, 3 m/s)",
90.0,1500.0,3.0,68.11,6.4702,2.5652,7.081,11.196,450.0,0,1,"Scenario D1 — Realistic 3 m/s
(Dynamic mass, 3 m/s)",
91.0,1500.0,3.0,67.85,6.4454,2.5937,7.081,11.19,455.0,0,1,"Scenario D1 — Realistic 3 m/s
(Dynamic mass, 3 m/s)",
92.0,1500.0,3.0,67.59,6.4206,2.6222,7.081,11.184,460.0,0,1,"Scenario D1 — Realistic 3 m/s
(Dynamic mass, 3 m/s)",
93.0,1500.0,3.0,67.32,6.3958,2.6507,7.081,11.178,465.0,0,1,"Scenario D1 — Realistic 3 m/s
(Dynamic mass, 3 m/s)",
94.0,1500.0,3.0,67.06,6.371,2.6792,7.081,11.172,470.0,0,1,"Scenario D1 — Realistic 3 m/s
(Dynamic mass, 3 m/s)",
95.0,1500.0,3.0,66.8,6.3462,2.7077,7.081,11.166,475.0,0,1,"Scenario D1 — Realistic 3 m/s
(Dynamic mass, 3 m/s)",
96.0,1500.0,3.0,66.54,6.3215,2.7362,7.081,11.16,480.0,0,1,"Scenario D1 — Realistic 3 m/s
(Dynamic mass, 3 m/s)",
97.0,1500.0,3.0,66.28,6.2967,2.7647,7.081,11.154,485.0,0,1,"Scenario D1 — Realistic 3 m/s
(Dynamic mass, 3 m/s)",
98.0,1500.0,3.0,66.02,6.2719,2.7932,7.081,11.148,490.0,0,1,"Scenario D1 — Realistic 3 m/s
(Dynamic mass, 3 m/s)",
99.0,1500.0,3.0,65.76,6.2471,2.8217,7.081,11.142,495.0,0,1,"Scenario D1 — Realistic 3 m/s
(Dynamic mass, 3 m/s)",
100.0,1500.0,3.0,65.5,6.2223,2.8502,7.081,11.136,500.0,0,1,"Scenario D1 — Realistic 3 m/s
(Dynamic mass, 3 m/s)",
101.0,1500.0,3.0,65.24,6.1975,2.8502,7.081,11.131,500.0,0,1,"Scenario D1 — Realistic 3 m/s
(Dynamic mass, 3 m/s)",
102.0,1500.0,3.0,64.98,6.1727,2.8502,7.081,11.125,500.0,0,1,"Scenario D1 — Realistic 3 m/s
(Dynamic mass, 3 m/s)",
103.0,1500.0,3.0,64.72,6.148,2.8502,7.081,11.119,500.0,0,1,"Scenario D1 — Realistic 3 m/s
(Dynamic mass, 3 m/s)",
104.0,1500.0,3.0,64.45,6.1232,2.8502,7.081,11.114,500.0,0,1,"Scenario D1 — Realistic 3 m/s
(Dynamic mass, 3 m/s)",
105.0,1500.0,3.0,64.19,6.0984,2.8502,7.081,11.108,500.0,0,1,"Scenario D1 — Realistic 3 m/s
(Dynamic mass, 3 m/s)",
106.0,1500.0,3.0,63.93,6.0736,2.8502,7.081,11.103,500.0,0,1,"Scenario D1 — Realistic 3 m/s
(Dynamic mass, 3 m/s)",
107.0,1500.0,3.0,63.67,6.0488,2.8502,7.081,11.097,500.0,0,1,"Scenario D1 — Realistic 3 m/s
(Dynamic mass, 3 m/s)",
108.0,1500.0,3.0,63.41,6.024,2.8502,7.081,11.092,500.0,0,1,"Scenario D1 — Realistic 3 m/s
(Dynamic mass, 3 m/s)",
109.0,1500.0,3.0,63.15,5.9993,2.8502,7.081,11.086,500.0,0,1,"Scenario D1 — Realistic 3 m/s
(Dynamic mass, 3 m/s)",
110.0,1500.0,3.0,62.89,5.9745,2.8502,7.081,11.081,500.0,0,1,"Scenario D1 — Realistic 3 m/s
(Dynamic mass, 3 m/s)",
111.0,1500.0,3.0,62.63,5.9497,2.8502,7.081,11.075,500.0,0,1,"Scenario D1 — Realistic 3 m/s
(Dynamic mass, 3 m/s)",
112.0,1500.0,3.0,62.37,5.9249,2.8502,7.081,11.07,500.0,0,1,"Scenario D1 — Realistic 3 m/s
(Dynamic mass, 3 m/s)",
113.0,1500.0,3.0,62.11,5.9001,2.8502,7.081,11.065,500.0,0,1,"Scenario D1 — Realistic 3 m/s
(Dynamic mass, 3 m/s)",
114.0,1500.0,3.0,61.85,5.8753,2.8502,7.081,11.06,500.0,0,1,"Scenario D1 — Realistic 3 m/s
(Dynamic mass, 3 m/s)",
115.0,1500.0,3.0,61.58,5.8505,2.8502,7.081,11.054,500.0,0,1,"Scenario D1 — Realistic 3 m/s
(Dynamic mass, 3 m/s)",
116.0,1500.0,3.0,61.32,5.8258,2.8502,7.081,11.049,500.0,0,1,"Scenario D1 — Realistic 3 m/s
(Dynamic mass, 3 m/s)",
117.0,1500.0,3.0,61.06,5.801,2.8502,7.081,11.044,500.0,0,1,"Scenario D1 — Realistic 3 m/s
(Dynamic mass, 3 m/s)",
118.0,1500.0,3.0,60.8,5.7762,2.8502,7.081,11.039,500.0,0,1,"Scenario D1 — Realistic 3 m/s
(Dynamic mass, 3 m/s)",
119.0,1500.0,3.0,60.54,5.7514,2.8502,7.081,11.034,500.0,0,1,"Scenario D1 — Realistic 3 m/s
(Dynamic mass, 3 m/s)",
120.0,1500.0,3.0,60.28,5.7266,2.8502,7.081,11.029,500.0,0,1,"Scenario D1 — Realistic 3 m/s
(Dynamic mass, 3 m/s)",
121.0,1500.0,3.0,60.02,5.7018,2.8502,7.081,11.024,500.0,0,1,"Scenario D1 — Realistic 3 m/s
(Dynamic mass, 3 m/s)",
122.0,1500.0,3.0,59.76,5.6771,2.8502,7.081,11.019,500.0,0,1,"Scenario D1 — Realistic 3 m/s
(Dynamic mass, 3 m/s)",
123.0,1500.0,3.0,59.5,5.6523,2.8502,7.081,11.014,500.0,0,1,"Scenario D1 — Realistic 3 m/s
(Dynamic mass, 3 m/s)",
124.0,1500.0,3.0,59.24,5.6275,2.8502,7.081,11.01,500.0,0,1,"Scenario D1 — Realistic 3 m/s
(Dynamic mass, 3 m/s)",
125.0,1500.0,3.0,58.98,5.6027,2.8502,7.081,11.005,500.0,0,1,"Scenario D1 — Realistic 3 m/s
(Dynamic mass, 3 m/s)",
126.0,1500.0,3.0,58.71,5.5779,2.8502,7.081,11.0,500.0,0,1,"Scenario D1 — Realistic 3 m/s
(Dynamic mass, 3 m/s)",
127.0,1500.0,3.0,58.45,5.5531,2.8502,7.081,10.995,500.0,0,1,"Scenario D1 — Realistic 3 m/s
(Dynamic mass, 3 m/s)",
128.0,1500.0,3.0,58.19,5.5283,2.8502,7.081,10.991,500.0,0,1,"Scenario D1 — Realistic 3 m/s
(Dynamic mass, 3 m/s)",
129.0,1500.0,3.0,57.93,5.5036,2.8502,7.081,10.986,500.0,0,1,"Scenario D1 — Realistic 3 m/s
(Dynamic mass, 3 m/s)",
130.0,1500.0,3.0,57.67,5.4788,2.8502,7.081,10.981,500.0,0,1,"Scenario D1 — Realistic 3 m/s
(Dynamic mass, 3 m/s)",
131.0,1500.0,3.0,57.41,5.454,2.8502,7.081,10.977,500.0,0,1,"Scenario D1 — Realistic 3 m/s
(Dynamic mass, 3 m/s)",
132.0,1500.0,3.0,57.15,5.4292,2.8502,7.081,10.972,500.0,0,1,"Scenario D1 — Realistic 3 m/s
(Dynamic mass, 3 m/s)",
133.0,1500.0,3.0,56.89,5.4044,2.8502,7.081,10.968,500.0,0,1,"Scenario D1 — Realistic 3 m/s
(Dynamic mass, 3 m/s)",
134.0,1500.0,3.0,56.63,5.3796,2.8502,7.081,10.963,500.0,0,1,"Scenario D1 — Realistic 3 m/s
(Dynamic mass, 3 m/s)",
135.0,1500.0,3.0,56.37,5.3549,2.8502,7.081,10.959,500.0,0,1,"Scenario D1 — Realistic 3 m/s
(Dynamic mass, 3 m/s)",
136.0,1500.0,3.0,56.11,5.3301,2.8502,7.081,10.955,500.0,0,1,"Scenario D1 — Realistic 3 m/s
(Dynamic mass, 3 m/s)",
137.0,1500.0,3.0,55.85,5.3053,2.8502,7.081,10.95,500.0,0,1,"Scenario D1 — Realistic 3 m/s
(Dynamic mass, 3 m/s)",
138.0,1500.0,3.0,55.58,5.2805,2.8502,7.081,10.946,500.0,0,1,"Scenario D1 — Realistic 3 m/s
(Dynamic mass, 3 m/s)",
139.0,1500.0,3.0,55.32,5.2557,2.8502,7.081,10.942,500.0,0,1,"Scenario D1 — Realistic 3 m/s
(Dynamic mass, 3 m/s)",
140.0,1500.0,3.0,55.06,5.2309,2.8502,7.081,10.938,500.0,0,1,"Scenario D1 — Realistic 3 m/s
(Dynamic mass, 3 m/s)",
141.0,1500.0,3.0,54.8,5.2062,2.8502,7.081,10.933,500.0,0,1,"Scenario D1 — Realistic 3 m/s
(Dynamic mass, 3 m/s)",
142.0,1500.0,3.0,54.54,5.1814,2.8502,7.081,10.929,500.0,0,1,"Scenario D1 — Realistic 3 m/s
(Dynamic mass, 3 m/s)",
143.0,1500.0,3.0,54.28,5.1566,2.8502,7.081,10.925,500.0,0,1,"Scenario D1 — Realistic 3 m/s
(Dynamic mass, 3 m/s)",
144.0,1500.0,3.0,54.02,5.1318,2.8502,7.081,10.921,500.0,0,1,"Scenario D1 — Realistic 3 m/s
(Dynamic mass, 3 m/s)",
145.0,1500.0,3.0,53.76,5.107,2.8502,7.081,10.917,500.0,0,1,"Scenario D1 — Realistic 3 m/s
(Dynamic mass, 3 m/s)",
146.0,1500.0,3.0,53.5,5.0822,2.8502,7.081,10.913,500.0,0,1,"Scenario D1 — Realistic 3 m/s
(Dynamic mass, 3 m/s)",
147.0,1500.0,3.0,53.24,5.0574,2.8502,7.081,10.909,500.0,0,1,"Scenario D1 — Realistic 3 m/s
(Dynamic mass, 3 m/s)",
148.0,1500.0,3.0,52.98,5.0327,2.8502,7.081,10.905,500.0,0,1,"Scenario D1 — Realistic 3 m/s
(Dynamic mass, 3 m/s)",
149.0,1500.0,3.0,52.71,5.0079,2.8502,7.081,10.901,500.0,0,1,"Scenario D1 — Realistic 3 m/s
(Dynamic mass, 3 m/s)",
150.0,1500.0,3.0,52.45,4.9831,2.8502,7.081,10.897,500.0,0,1,"Scenario D1 — Realistic 3 m/s
(Dynamic mass, 3 m/s)",
151.0,1500.0,3.0,52.19,4.9583,2.8502,7.081,10.893,500.0,0,1,"Scenario D1 — Realistic 3 m/s
(Dynamic mass, 3 m/s)",
152.0,1500.0,3.0,51.93,4.9335,2.8502,7.081,10.889,500.0,0,1,"Scenario D1 — Realistic 3 m/s
(Dynamic mass, 3 m/s)",
153.0,1500.0,3.0,51.67,4.9087,2.8502,7.081,10.885,500.0,0,1,"Scenario D1 — Realistic 3 m/s
(Dynamic mass, 3 m/s)",
154.0,1500.0,3.0,51.41,4.884,2.8502,7.081,10.881,500.0,0,1,"Scenario D1 — Realistic 3 m/s
(Dynamic mass, 3 m/s)",
155.0,1500.0,3.0,51.15,4.8592,2.8502,7.081,10.877,500.0,0,1,"Scenario D1 — Realistic 3 m/s
(Dynamic mass, 3 m/s)",
156.0,1500.0,3.0,50.89,4.8344,2.8502,7.081,10.874,500.0,0,1,"Scenario D1 — Realistic 3 m/s
(Dynamic mass, 3 m/s)",
157.0,1500.0,3.0,50.63,4.8096,2.8502,7.081,10.87,500.0,0,1,"Scenario D1 — Realistic 3 m/s
(Dynamic mass, 3 m/s)",
158.0,1500.0,3.0,50.37,4.7848,2.8502,7.081,10.866,500.0,0,1,"Scenario D1 — Realistic 3 m/s
(Dynamic mass, 3 m/s)",
159.0,1500.0,3.0,50.11,4.76,2.8502,7.081,10.862,500.0,0,1,"Scenario D1 — Realistic 3 m/s
(Dynamic mass, 3 m/s)",
160.0,1500.0,3.0,49.84,4.7352,2.8502,7.081,10.859,500.0,0,1,"Scenario D1 — Realistic 3 m/s
(Dynamic mass, 3 m/s)",
161.0,1500.0,3.0,49.58,4.7105,2.8502,7.081,10.855,500.0,0,1,"Scenario D1 — Realistic 3 m/s
(Dynamic mass, 3 m/s)",
162.0,1500.0,3.0,49.32,4.6857,2.8502,7.081,10.851,500.0,0,1,"Scenario D1 — Realistic 3 m/s
(Dynamic mass, 3 m/s)",
163.0,1500.0,3.0,49.06,4.6609,2.8502,7.081,10.847,500.0,0,1,"Scenario D1 — Realistic 3 m/s
(Dynamic mass, 3 m/s)",
164.0,1500.0,3.0,48.8,4.6361,2.8502,7.081,10.844,500.0,0,1,"Scenario D1 — Realistic 3 m/s
(Dynamic mass, 3 m/s)",
165.0,1500.0,3.0,48.54,4.6113,2.8502,7.081,10.84,500.0,0,1,"Scenario D1 — Realistic 3 m/s
(Dynamic mass, 3 m/s)",
166.0,1500.0,3.0,48.28,4.5865,2.8502,7.081,10.836,500.0,0,1,"Scenario D1 — Realistic 3 m/s
(Dynamic mass, 3 m/s)",
167.0,1500.0,3.0,48.02,4.5618,2.8502,7.081,10.833,500.0,0,1,"Scenario D1 — Realistic 3 m/s
(Dynamic mass, 3 m/s)",
168.0,1500.0,3.0,47.76,4.537,2.8502,7.081,10.829,500.0,0,1,"Scenario D1 — Realistic 3 m/s
(Dynamic mass, 3 m/s)",
169.0,1500.0,3.0,47.5,4.5122,2.8502,7.081,10.825,500.0,0,1,"Scenario D1 — Realistic 3 m/s
(Dynamic mass, 3 m/s)",
170.0,1500.0,3.0,47.24,4.4874,2.8502,7.081,10.822,500.0,0,1,"Scenario D1 — Realistic 3 m/s
(Dynamic mass, 3 m/s)",
171.0,1500.0,3.0,46.97,4.4626,2.8502,7.081,10.818,500.0,0,1,"Scenario D1 — Realistic 3 m/s
(Dynamic mass, 3 m/s)",
172.0,1500.0,3.0,46.71,4.4378,2.8502,7.081,10.814,500.0,0,1,"Scenario D1 — Realistic 3 m/s
(Dynamic mass, 3 m/s)",
173.0,1500.0,3.0,46.45,4.4131,2.8502,7.081,10.811,500.0,0,1,"Scenario D1 — Realistic 3 m/s
(Dynamic mass, 3 m/s)",
174.0,1500.0,3.0,46.19,4.3883,2.8502,7.081,10.807,500.0,0,1,"Scenario D1 — Realistic 3 m/s
(Dynamic mass, 3 m/s)",
175.0,1500.0,3.0,45.93,4.3635,2.8502,7.081,10.803,500.0,0,1,"Scenario D1 — Realistic 3 m/s
(Dynamic mass, 3 m/s)",
176.0,1500.0,3.0,45.67,4.3387,2.8502,7.081,10.8,500.0,0,1,"Scenario D1 — Realistic 3 m/s
(Dynamic mass, 3 m/s)",
177.0,1500.0,3.0,45.41,4.3139,2.8502,7.081,10.796,500.0,0,1,"Scenario D1 — Realistic 3 m/s
(Dynamic mass, 3 m/s)",
178.0,1500.0,3.0,45.15,4.2891,2.8502,7.081,10.792,500.0,0,1,"Scenario D1 — Realistic 3 m/s
(Dynamic mass, 3 m/s)",
179.0,1500.0,3.0,44.89,4.2643,2.8502,7.081,10.788,500.0,0,1,"Scenario D1 — Realistic 3 m/s
(Dynamic mass, 3 m/s)",
180.0,1500.0,3.0,44.63,4.2396,2.8502,7.081,10.785,500.0,0,1,"Scenario D1 — Realistic 3 m/s
(Dynamic mass, 3 m/s)",
181.0,1500.0,3.0,44.37,4.2148,2.8502,7.081,10.781,500.0,0,1,"Scenario D1 — Realistic 3 m/s
(Dynamic mass, 3 m/s)",
182.0,1500.0,3.0,44.11,4.19,2.8502,7.081,10.777,500.0,0,1,"Scenario D1 — Realistic 3 m/s
(Dynamic mass, 3 m/s)",
183.0,1500.0,3.0,43.84,4.1652,2.8502,7.081,10.773,500.0,0,1,"Scenario D1 — Realistic 3 m/s
(Dynamic mass, 3 m/s)",
184.0,1500.0,3.0,43.58,4.1404,2.8502,7.081,10.77,500.0,0,1,"Scenario D1 — Realistic 3 m/s
(Dynamic mass, 3 m/s)",
185.0,1500.0,3.0,43.32,4.1156,2.8502,7.081,10.766,500.0,0,1,"Scenario D1 — Realistic 3 m/s
(Dynamic mass, 3 m/s)",
186.0,1500.0,3.0,43.06,4.0909,2.8502,7.081,10.762,500.0,0,1,"Scenario D1 — Realistic 3 m/s
(Dynamic mass, 3 m/s)",
187.0,1500.0,3.0,42.8,4.0661,2.8502,7.081,10.758,500.0,0,1,"Scenario D1 — Realistic 3 m/s
(Dynamic mass, 3 m/s)",
188.0,1500.0,3.0,42.54,4.0413,2.8502,7.081,10.754,500.0,0,1,"Scenario D1 — Realistic 3 m/s
(Dynamic mass, 3 m/s)",
189.0,1500.0,3.0,42.28,4.0165,2.8502,7.081,10.75,500.0,0,1,"Scenario D1 — Realistic 3 m/s
(Dynamic mass, 3 m/s)",
190.0,1500.0,3.0,42.02,3.9917,2.8502,7.081,10.746,500.0,0,1,"Scenario D1 — Realistic 3 m/s
(Dynamic mass, 3 m/s)",
191.0,1500.0,3.0,41.76,3.9669,2.8502,7.081,10.742,500.0,0,1,"Scenario D1 — Realistic 3 m/s
(Dynamic mass, 3 m/s)",
192.0,1500.0,3.0,41.5,3.9421,2.8502,7.081,10.738,500.0,0,1,"Scenario D1 — Realistic 3 m/s
(Dynamic mass, 3 m/s)",
193.0,1500.0,3.0,41.24,3.9174,2.8502,7.081,10.734,500.0,0,1,"Scenario D1 — Realistic 3 m/s
(Dynamic mass, 3 m/s)",
194.0,1500.0,3.0,40.97,3.8926,2.8502,7.081,10.73,500.0,0,1,"Scenario D1 — Realistic 3 m/s
(Dynamic mass, 3 m/s)",
195.0,1500.0,3.0,40.71,3.8678,2.8502,7.081,10.726,500.0,0,1,"Scenario D1 — Realistic 3 m/s
(Dynamic mass, 3 m/s)",
196.0,1500.0,3.0,40.45,3.843,2.8502,7.081,10.722,500.0,0,1,"Scenario D1 — Realistic 3 m/s
(Dynamic mass, 3 m/s)",
197.0,1500.0,3.0,40.19,3.8182,2.8502,7.081,10.717,500.0,0,1,"Scenario D1 — Realistic 3 m/s
(Dynamic mass, 3 m/s)",
198.0,1500.0,3.0,39.93,3.7934,2.8502,7.081,10.713,500.0,0,1,"Scenario D1 — Realistic 3 m/s
(Dynamic mass, 3 m/s)",
199.0,1500.0,3.0,39.67,3.7687,2.8502,7.081,10.709,500.0,0,1,"Scenario D1 — Realistic 3 m/s
(Dynamic mass, 3 m/s)",
200.0,1500.0,3.0,39.41,3.7439,2.8502,7.081,10.704,500.0,0,1,"Scenario D1 — Realistic 3 m/s
(Dynamic mass, 3 m/s)",
201.0,1500.0,3.0,39.15,3.7191,2.8502,7.081,10.7,500.0,0,1,"Scenario D1 — Realistic 3 m/s
(Dynamic mass, 3 m/s)",
202.0,1500.0,3.0,38.89,3.6943,2.8502,7.081,10.695,500.0,0,1,"Scenario D1 — Realistic 3 m/s
(Dynamic mass, 3 m/s)",
203.0,1500.0,3.0,38.63,3.6695,2.8502,7.081,10.691,500.0,0,1,"Scenario D1 — Realistic 3 m/s
(Dynamic mass, 3 m/s)",
204.0,1500.0,3.0,38.37,3.6447,2.8502,7.081,10.686,500.0,0,1,"Scenario D1 — Realistic 3 m/s
(Dynamic mass, 3 m/s)",
205.0,1500.0,3.0,38.1,3.6199,2.8502,7.081,10.681,500.0,0,1,"Scenario D1 — Realistic 3 m/s
(Dynamic mass, 3 m/s)",
206.0,1500.0,3.0,37.84,3.5952,2.8502,7.081,10.677,500.0,0,1,"Scenario D1 — Realistic 3 m/s
(Dynamic mass, 3 m/s)",
207.0,1500.0,3.0,37.58,3.5704,2.8502,7.081,10.672,500.0,0,1,"Scenario D1 — Realistic 3 m/s
(Dynamic mass, 3 m/s)",
208.0,1500.0,3.0,37.32,3.5456,2.8502,7.081,10.667,500.0,0,1,"Scenario D1 — Realistic 3 m/s
(Dynamic mass, 3 m/s)",
209.0,1500.0,3.0,37.06,3.5208,2.8502,7.081,10.662,500.0,0,1,"Scenario D1 — Realistic 3 m/s
(Dynamic mass, 3 m/s)",
210.0,1500.0,3.0,36.8,3.496,2.8502,7.081,10.657,500.0,0,1,"Scenario D1 — Realistic 3 m/s
(Dynamic mass, 3 m/s)",
211.0,1500.0,3.0,36.54,3.4712,2.8502,7.081,10.652,500.0,0,1,"Scenario D1 — Realistic 3 m/s
(Dynamic mass, 3 m/s)",
212.0,1500.0,3.0,36.28,3.4465,2.8502,7.081,10.646,500.0,0,1,"Scenario D1 — Realistic 3 m/s
(Dynamic mass, 3 m/s)",
213.0,1500.0,3.0,36.02,3.4217,2.8502,7.081,10.641,500.0,0,1,"Scenario D1 — Realistic 3 m/s
(Dynamic mass, 3 m/s)",
214.0,1500.0,3.0,35.76,3.3969,2.8502,7.081,10.636,500.0,0,1,"Scenario D1 — Realistic 3 m/s
(Dynamic mass, 3 m/s)",
215.0,1500.0,3.0,35.5,3.3721,2.8502,7.081,10.63,500.0,0,1,"Scenario D1 — Realistic 3 m/s
(Dynamic mass, 3 m/s)",
216.0,1500.0,3.0,35.23,3.3473,2.8502,7.081,10.624,500.0,0,1,"Scenario D1 — Realistic 3 m/s
(Dynamic mass, 3 m/s)",
217.0,1500.0,3.0,34.97,3.3225,2.8502,7.081,10.619,500.0,0,1,"Scenario D1 — Realistic 3 m/s
(Dynamic mass, 3 m/s)",
218.0,1500.0,3.0,34.71,3.2978,2.8502,7.081,10.613,500.0,0,1,"Scenario D1 — Realistic 3 m/s
(Dynamic mass, 3 m/s)",
219.0,1500.0,3.0,34.45,3.273,2.8502,7.081,10.607,500.0,0,1,"Scenario D1 — Realistic 3 m/s
(Dynamic mass, 3 m/s)",
220.0,1500.0,3.0,34.19,3.2482,2.8502,7.081,10.601,500.0,0,1,"Scenario D1 — Realistic 3 m/s
(Dynamic mass, 3 m/s)",
221.0,1500.0,3.0,33.93,3.2234,2.8502,7.081,10.595,500.0,0,1,"Scenario D1 — Realistic 3 m/s
(Dynamic mass, 3 m/s)",
222.0,1500.0,3.0,33.67,3.1986,2.8502,7.081,10.589,500.0,0,1,"Scenario D1 — Realistic 3 m/s
(Dynamic mass, 3 m/s)",
223.0,1500.0,3.0,33.41,3.1738,2.8502,7.081,10.582,500.0,0,1,"Scenario D1 — Realistic 3 m/s
(Dynamic mass, 3 m/s)",
224.0,1500.0,3.0,33.15,3.149,2.8502,7.081,10.576,500.0,0,1,"Scenario D1 — Realistic 3 m/s
(Dynamic mass, 3 m/s)",
225.0,1500.0,3.0,32.89,3.1243,2.8502,7.081,10.569,500.0,0,1,"Scenario D1 — Realistic 3 m/s
(Dynamic mass, 3 m/s)",
226.0,1500.0,3.0,32.63,3.0995,2.8502,7.081,10.562,500.0,0,1,"Scenario D1 — Realistic 3 m/s
(Dynamic mass, 3 m/s)",
227.0,1500.0,3.0,32.37,3.0747,2.8502,7.081,10.556,500.0,0,1,"Scenario D1 — Realistic 3 m/s
(Dynamic mass, 3 m/s)",
228.0,1500.0,3.0,32.1,3.0499,2.8502,7.081,10.549,500.0,0,1,"Scenario D1 — Realistic 3 m/s
(Dynamic mass, 3 m/s)",
229.0,1500.0,3.0,31.84,3.0251,2.8502,7.081,10.541,500.0,0,1,"Scenario D1 — Realistic 3 m/s
(Dynamic mass, 3 m/s)",
230.0,1500.0,3.0,31.58,3.0003,2.8502,7.081,10.534,500.0,0,1,"Scenario D1 — Realistic 3 m/s
(Dynamic mass, 3 m/s)",
231.0,1500.0,3.0,31.32,2.9756,2.8502,7.081,10.527,500.0,0,1,"Scenario D1 — Realistic 3 m/s
(Dynamic mass, 3 m/s)",
232.0,1500.0,3.0,31.06,2.9508,2.8502,7.081,10.519,500.0,0,1,"Scenario D1 — Realistic 3 m/s
(Dynamic mass, 3 m/s)",
233.0,1500.0,3.0,30.8,2.926,2.8502,7.081,10.511,500.0,0,1,"Scenario D1 — Realistic 3 m/s
(Dynamic mass, 3 m/s)",
234.0,1500.0,3.0,30.54,2.9012,2.8502,7.081,10.504,500.0,0,1,"Scenario D1 — Realistic 3 m/s
(Dynamic mass, 3 m/s)",
235.0,1500.0,3.0,30.28,2.8764,2.8502,7.081,10.496,500.0,0,1,"Scenario D1 — Realistic 3 m/s
(Dynamic mass, 3 m/s)",
236.0,1500.0,3.0,30.02,2.8516,2.8502,7.081,10.487,500.0,0,1,"Scenario D1 — Realistic 3 m/s
(Dynamic mass, 3 m/s)",
237.0,1500.0,3.0,29.76,2.8268,2.8502,7.081,10.479,500.0,1,1,"Scenario D1 — Realistic 3 m/s
(Dynamic mass, 3 m/s)",1000.0
0.0,2500.0,3.0,99.46,9.4487,0.118,14.663,10.948,0.0,0,2,"Scenario D1 — Realistic 3 m/s
(Dynamic mass, 3 m/s)",
1.0,2483.3,3.0,98.92,9.3979,0.1169,14.521,10.965,5.0,0,2,"Scenario D1 — Realistic 3 m/s
(Dynamic mass, 3 m/s)",
2.0,2466.6,3.0,98.39,9.3475,0.1158,14.38,10.982,10.0,0,2,"Scenario D1 — Realistic 3 m/s
(Dynamic mass, 3 m/s)",
3.0,2449.9,3.0,97.87,9.2977,0.1719,14.24,10.998,15.0,0,2,"Scenario D1 — Realistic 3 m/s
(Dynamic mass, 3 m/s)",
4.0,2433.2,3.0,97.35,9.2483,0.227,14.099,11.013,20.0,0,2,"Scenario D1 — Realistic 3 m/s
(Dynamic mass, 3 m/s)",
5.0,2416.5,3.0,96.84,9.1995,0.2809,13.959,11.027,25.0,0,2,"Scenario D1 — Realistic 3 m/s
(Dynamic mass, 3 m/s)",
6.0,2399.8,3.0,96.33,9.1511,0.3338,13.82,11.04,30.0,0,2,"Scenario D1 — Realistic 3 m/s
(Dynamic mass, 3 m/s)",
7.0,2383.1,3.0,95.82,9.1032,0.3855,13.681,11.053,35.0,0,2,"Scenario D1 — Realistic 3 m/s
(Dynamic mass, 3 m/s)",
8.0,2366.4,3.0,95.32,9.0558,0.4361,13.543,11.066,40.0,0,2,"Scenario D1 — Realistic 3 m/s
(Dynamic mass, 3 m/s)",
9.0,2349.7,3.0,94.83,9.0089,0.4856,13.405,11.077,45.0,0,2,"Scenario D1 — Realistic 3 m/s
(Dynamic mass, 3 m/s)",
10.0,2333.0,3.0,94.34,8.9625,0.534,13.268,11.088,50.0,0,2,"Scenario D1 — Realistic 3 m/s
(Dynamic mass, 3 m/s)",
11.0,2316.3,3.0,93.86,8.9165,0.5814,13.131,11.099,55.0,0,2,"Scenario D1 — Realistic 3 m/s
(Dynamic mass, 3 m/s)",
12.0,2299.6,3.0,93.38,8.871,0.6276,12.995,11.109,60.0,0,2,"Scenario D1 — Realistic 3 m/s
(Dynamic mass, 3 m/s)",
13.0,2282.9,3.0,92.91,8.826,0.6728,12.859,11.119,65.0,0,2,"Scenario D1 — Realistic 3 m/s
(Dynamic mass, 3 m/s)",
14.0,2266.2,3.0,92.44,8.7815,0.717,12.723,11.128,70.0,0,2,"Scenario D1 — Realistic 3 m/s
(Dynamic mass, 3 m/s)",
15.0,2249.5,3.0,91.97,8.7374,0.76,12.588,11.137,75.0,0,2,"Scenario D1 — Realistic 3 m/s
(Dynamic mass, 3 m/s)",
16.0,2232.8,3.0,91.51,8.6938,0.802,12.454,11.146,80.0,0,2,"Scenario D1 — Realistic 3 m/s
(Dynamic mass, 3 m/s)",
17.0,2216.1,3.0,91.06,8.6507,0.843,12.32,11.154,85.0,0,2,"Scenario D1 — Realistic 3 m/s
(Dynamic mass, 3 m/s)",
18.0,2199.4,3.0,90.61,8.6081,0.8829,12.187,11.162,90.0,0,2,"Scenario D1 — Realistic 3 m/s
(Dynamic mass, 3 m/s)",
19.0,2182.7,3.0,90.17,8.5659,0.9218,12.054,11.17,95.0,0,2,"Scenario D1 — Realistic 3 m/s
(Dynamic mass, 3 m/s)",
20.0,2166.0,3.0,89.73,8.5242,0.9597,11.921,11.177,100.0,0,2,"Scenario D1 — Realistic 3 m/s
(Dynamic mass, 3 m/s)",
21.0,2149.3,3.0,89.29,8.4829,0.9965,11.79,11.184,105.0,0,2,"Scenario D1 — Realistic 3 m/s
(Dynamic mass, 3 m/s)",
22.0,2132.6,3.0,88.86,8.4421,1.0323,11.658,11.191,110.0,0,2,"Scenario D1 — Realistic 3 m/s
(Dynamic mass, 3 m/s)",
23.0,2115.9,3.0,88.44,8.4017,1.0672,11.527,11.198,115.0,0,2,"Scenario D1 — Realistic 3 m/s
(Dynamic mass, 3 m/s)",
24.0,2099.2,3.0,88.02,8.3619,1.101,11.397,11.205,120.0,0,2,"Scenario D1 — Realistic 3 m/s
(Dynamic mass, 3 m/s)",
25.0,2082.5,3.0,87.6,8.3224,1.1338,11.267,11.211,125.0,0,2,"Scenario D1 — Realistic 3 m/s
(Dynamic mass, 3 m/s)",
26.0,2065.8,3.0,87.19,8.2834,1.1656,11.138,11.217,130.0,0,2,"Scenario D1 — Realistic 3 m/s
(Dynamic mass, 3 m/s)",
27.0,2049.1,3.0,86.79,8.2449,1.1964,11.009,11.223,135.0,0,2,"Scenario D1 — Realistic 3 m/s
(Dynamic mass, 3 m/s)",
28.0,2032.4,3.0,86.39,8.2068,1.2263,10.881,11.229,140.0,0,2,"Scenario D1 — Realistic 3 m/s
(Dynamic mass, 3 m/s)",
29.0,2015.7,3.0,85.99,8.1692,1.2552,10.753,11.235,145.0,0,2,"Scenario D1 — Realistic 3 m/s
(Dynamic mass, 3 m/s)",
30.0,1999.0,3.0,85.6,8.132,1.2831,10.626,11.24,150.0,0,2,"Scenario D1 — Realistic 3 m/s
(Dynamic mass, 3 m/s)",
31.0,1982.3,3.0,85.21,8.0952,1.3101,10.499,11.246,155.0,0,2,"Scenario D1 — Realistic 3 m/s
(Dynamic mass, 3 m/s)",
32.0,1965.6,3.0,84.83,8.0589,1.3361,10.373,11.251,160.0,0,2,"Scenario D1 — Realistic 3 m/s
(Dynamic mass, 3 m/s)",
33.0,1948.9,3.0,84.45,8.0231,1.3612,10.248,11.257,165.0,0,2,"Scenario D1 — Realistic 3 m/s
(Dynamic mass, 3 m/s)",
34.0,1932.2,3.0,84.08,7.9876,1.3853,10.123,11.262,170.0,0,2,"Scenario D1 — Realistic 3 m/s
(Dynamic mass, 3 m/s)",
35.0,1915.5,3.0,83.71,7.9526,1.4085,9.998,11.267,175.0,0,2,"Scenario D1 — Realistic 3 m/s
(Dynamic mass, 3 m/s)",
36.0,1898.8,3.0,83.35,7.9181,1.4308,9.874,11.273,180.0,0,2,"Scenario D1 — Realistic 3 m/s
(Dynamic mass, 3 m/s)",
37.0,1882.1,3.0,82.99,7.884,1.4521,9.751,11.278,185.0,0,2,"Scenario D1 — Realistic 3 m/s
(Dynamic mass, 3 m/s)",
38.0,1865.4,3.0,82.63,7.8503,1.4726,9.628,11.283,190.0,0,2,"Scenario D1 — Realistic 3 m/s
(Dynamic mass, 3 m/s)",
39.0,1848.7,3.0,82.28,7.817,1.4921,9.506,11.288,195.0,0,2,"Scenario D1 — Realistic 3 m/s
(Dynamic mass, 3 m/s)",
40.0,1832.0,3.0,81.94,7.7841,1.5108,9.384,11.293,200.0,0,2,"Scenario D1 — Realistic 3 m/s
(Dynamic mass, 3 m/s)",
41.0,1815.3,3.0,81.6,7.7517,1.5286,9.263,11.298,205.0,0,2,"Scenario D1 — Realistic 3 m/s
(Dynamic mass, 3 m/s)",
42.0,1798.6,3.0,81.26,7.7197,1.5454,9.142,11.303,210.0,0,2,"Scenario D1 — Realistic 3 m/s
(Dynamic mass, 3 m/s)",
43.0,1781.9,3.0,80.93,7.6882,1.5614,9.022,11.308,215.0,0,2,"Scenario D1 — Realistic 3 m/s
(Dynamic mass, 3 m/s)",
44.0,1765.2,3.0,80.6,7.657,1.5766,8.902,11.313,220.0,0,2,"Scenario D1 — Realistic 3 m/s
(Dynamic mass, 3 m/s)",
45.0,1748.5,3.0,80.28,7.6263,1.5909,8.783,11.318,225.0,0,2,"Scenario D1 — Realistic 3 m/s
(Dynamic mass, 3 m/s)",
46.0,1731.8,3.0,79.96,7.5959,1.6043,8.665,11.323,230.0,0,2,"Scenario D1 — Realistic 3 m/s
(Dynamic mass, 3 m/s)",
47.0,1715.1,3.0,79.64,7.566,1.6169,8.547,11.328,235.0,0,2,"Scenario D1 — Realistic 3 m/s
(Dynamic mass, 3 m/s)",
48.0,1698.4,3.0,79.33,7.5365,1.6286,8.43,11.333,240.0,0,2,"Scenario D1 — Realistic 3 m/s
(Dynamic mass, 3 m/s)",
49.0,1681.7,3.0,79.03,7.5074,1.6395,8.313,11.338,245.0,0,2,"Scenario D1 — Realistic 3 m/s
(Dynamic mass, 3 m/s)",
50.0,1665.0,3.0,78.72,7.4787,1.6496,8.197,11.343,250.0,0,2,"Scenario D1 — Realistic 3 m/s
(Dynamic mass, 3 m/s)",
51.0,1648.3,3.0,78.43,7.4504,1.6589,8.081,11.348,255.0,0,2,"Scenario D1 — Realistic 3 m/s
(Dynamic mass, 3 m/s)",
52.0,1631.6,3.0,78.13,7.4226,1.6674,7.966,11.353,260.0,0,2,"Scenario D1 — Realistic 3 m/s
(Dynamic mass, 3 m/s)",
53.0,1614.9,3.0,77.84,7.3951,1.675,7.852,11.358,265.0,0,2,"Scenario D1 — Realistic 3 m/s
(Dynamic mass, 3 m/s)",
54.0,1598.2,3.0,77.56,7.368,1.6819,7.738,11.363,270.0,0,2,"Scenario D1 — Realistic 3 m/s
(Dynamic mass, 3 m/s)",
55.0,1581.5,3.0,77.28,7.3413,1.688,7.625,11.369,275.0,0,2,"Scenario D1 — Realistic 3 m/s
(Dynamic mass, 3 m/s)",
56.0,1564.8,3.0,77.0,7.315,1.6933,7.512,11.374,280.0,0,2,"Scenario D1 — Realistic 3 m/s
(Dynamic mass, 3 m/s)",
57.0,1548.1,3.0,76.73,7.2891,1.6978,7.4,11.379,285.0,0,2,"Scenario D1 — Realistic 3 m/s
(Dynamic mass, 3 m/s)",
58.0,1531.4,3.0,76.46,7.2636,1.7016,7.289,11.384,290.0,0,2,"Scenario D1 — Realistic 3 m/s
(Dynamic mass, 3 m/s)",
59.0,1514.7,3.0,76.19,7.2385,1.7047,7.178,11.389,295.0,0,2,"Scenario D1 — Realistic 3 m/s
(Dynamic mass, 3 m/s)",
60.0,1500.0,3.0,75.93,7.2137,1.7101,7.081,11.393,300.0,0,2,"Scenario D1 — Realistic 3 m/s
(Dynamic mass, 3 m/s)",
61.0,1500.0,3.0,75.67,7.1889,1.7386,7.081,11.386,305.0,0,2,"Scenario D1 — Realistic 3 m/s
(Dynamic mass, 3 m/s)",
62.0,1500.0,3.0,75.41,7.1641,1.7671,7.081,11.379,310.0,0,2,"Scenario D1 — Realistic 3 m/s
(Dynamic mass, 3 m/s)",
63.0,1500.0,3.0,75.15,7.1393,1.7956,7.081,11.373,315.0,0,2,"Scenario D1 — Realistic 3 m/s
(Dynamic mass, 3 m/s)",
64.0,1500.0,3.0,74.89,7.1146,1.8241,7.081,11.366,320.0,0,2,"Scenario D1 — Realistic 3 m/s
(Dynamic mass, 3 m/s)",
65.0,1500.0,3.0,74.63,7.0898,1.8526,7.081,11.359,325.0,0,2,"Scenario D1 — Realistic 3 m/s
(Dynamic mass, 3 m/s)",
66.0,1500.0,3.0,74.37,7.065,1.8811,7.081,11.352,330.0,0,2,"Scenario D1 — Realistic 3 m/s
(Dynamic mass, 3 m/s)",
67.0,1500.0,3.0,74.11,7.0402,1.9096,7.081,11.345,335.0,0,2,"Scenario D1 — Realistic 3 m/s
(Dynamic mass, 3 m/s)",
68.0,1500.0,3.0,73.85,7.0154,1.9381,7.081,11.339,340.0,0,2,"Scenario D1 — Realistic 3 m/s
(Dynamic mass, 3 m/s)",
69.0,1500.0,3.0,73.59,6.9906,1.9666,7.081,11.332,345.0,0,2,"Scenario D1 — Realistic 3 m/s
(Dynamic mass, 3 m/s)",
70.0,1500.0,3.0,73.32,6.9658,1.9951,7.081,11.325,350.0,0,2,"Scenario D1 — Realistic 3 m/s
(Dynamic mass, 3 m/s)",
71.0,1500.0,3.0,73.06,6.9411,2.0236,7.081,11.318,355.0,0,2,"Scenario D1 — Realistic 3 m/s
(Dynamic mass, 3 m/s)",
72.0,1500.0,3.0,72.8,6.9163,2.0522,7.081,11.312,360.0,0,2,"Scenario D1 — Realistic 3 m/s
(Dynamic mass, 3 m/s)",
73.0,1500.0,3.0,72.54,6.8915,2.0807,7.081,11.305,365.0,0,2,"Scenario D1 — Realistic 3 m/s
(Dynamic mass, 3 m/s)",
74.0,1500.0,3.0,72.28,6.8667,2.1092,7.081,11.299,370.0,0,2,"Scenario D1 — Realistic 3 m/s
(Dynamic mass, 3 m/s)",
75.0,1500.0,3.0,72.02,6.8419,2.1377,7.081,11.292,375.0,0,2,"Scenario D1 — Realistic 3 m/s
(Dynamic mass, 3 m/s)",
76.0,1500.0,3.0,71.76,6.8171,2.1662,7.081,11.285,380.0,0,2,"Scenario D1 — Realistic 3 m/s
(Dynamic mass, 3 m/s)",
77.0,1500.0,3.0,71.5,6.7924,2.1947,7.081,11.279,385.0,0,2,"Scenario D1 — Realistic 3 m/s
(Dynamic mass, 3 m/s)",
78.0,1500.0,3.0,71.24,6.7676,2.2232,7.081,11.272,390.0,0,2,"Scenario D1 — Realistic 3 m/s
(Dynamic mass, 3 m/s)",
79.0,1500.0,3.0,70.98,6.7428,2.2517,7.081,11.266,395.0,0,2,"Scenario D1 — Realistic 3 m/s
(Dynamic mass, 3 m/s)",
80.0,1500.0,3.0,70.72,6.718,2.2802,7.081,11.259,400.0,0,2,"Scenario D1 — Realistic 3 m/s
(Dynamic mass, 3 m/s)",
81.0,1500.0,3.0,70.45,6.6932,2.3087,7.081,11.253,405.0,0,2,"Scenario D1 — Realistic 3 m/s
(Dynamic mass, 3 m/s)",
82.0,1500.0,3.0,70.19,6.6684,2.3372,7.081,11.246,410.0,0,2,"Scenario D1 — Realistic 3 m/s
(Dynamic mass, 3 m/s)",
83.0,1500.0,3.0,69.93,6.6436,2.3657,7.081,11.24,415.0,0,2,"Scenario D1 — Realistic 3 m/s
(Dynamic mass, 3 m/s)",
84.0,1500.0,3.0,69.67,6.6189,2.3942,7.081,11.234,420.0,0,2,"Scenario D1 — Realistic 3 m/s
(Dynamic mass, 3 m/s)",
85.0,1500.0,3.0,69.41,6.5941,2.4227,7.081,11.227,425.0,0,2,"Scenario D1 — Realistic 3 m/s
(Dynamic mass, 3 m/s)",
86.0,1500.0,3.0,69.15,6.5693,2.4512,7.081,11.221,430.0,0,2,"Scenario D1 — Realistic 3 m/s
(Dynamic mass, 3 m/s)",
87.0,1500.0,3.0,68.89,6.5445,2.4797,7.081,11.215,435.0,0,2,"Scenario D1 — Realistic 3 m/s
(Dynamic mass, 3 m/s)",
88.0,1500.0,3.0,68.63,6.5197,2.5082,7.081,11.208,440.0,0,2,"Scenario D1 — Realistic 3 m/s
(Dynamic mass, 3 m/s)",
89.0,1500.0,3.0,68.37,6.4949,2.5367,7.081,11.202,445.0,0,2,"Scenario D1 — Realistic 3 m/s
(Dynamic mass, 3 m/s)",
90.0,1500.0,3.0,68.11,6.4702,2.5652,7.081,11.196,450.0,0,2,"Scenario D1 — Realistic 3 m/s
(Dynamic mass, 3 m/s)",
91.0,1500.0,3.0,67.85,6.4454,2.5937,7.081,11.19,455.0,0,2,"Scenario D1 — Realistic 3 m/s
(Dynamic mass, 3 m/s)",
92.0,1500.0,3.0,67.59,6.4206,2.6222,7.081,11.184,460.0,0,2,"Scenario D1 — Realistic 3 m/s
(Dynamic mass, 3 m/s)",
93.0,1500.0,3.0,67.32,6.3958,2.6507,7.081,11.178,465.0,0,2,"Scenario D1 — Realistic 3 m/s
(Dynamic mass, 3 m/s)",
94.0,1500.0,3.0,67.06,6.371,2.6792,7.081,11.172,470.0,0,2,"Scenario D1 — Realistic 3 m/s
(Dynamic mass, 3 m/s)",
95.0,1500.0,3.0,66.8,6.3462,2.7077,7.081,11.166,475.0,0,2,"Scenario D1 — Realistic 3 m/s
(Dynamic mass, 3 m/s)",
96.0,1500.0,3.0,66.54,6.3215,2.7362,7.081,11.16,480.0,0,2,"Scenario D1 — Realistic 3 m/s
(Dynamic mass, 3 m/s)",
97.0,1500.0,3.0,66.28,6.2967,2.7647,7.081,11.154,485.0,0,2,"Scenario D1 — Realistic 3 m/s
(Dynamic mass, 3 m/s)",
98.0,1500.0,3.0,66.02,6.2719,2.7932,7.081,11.148,490.0,0,2,"Scenario D1 — Realistic 3 m/s
(Dynamic mass, 3 m/s)",
99.0,1500.0,3.0,65.76,6.2471,2.8217,7.081,11.142,495.0,0,2,"Scenario D1 — Realistic 3 m/s
(Dynamic mass, 3 m/s)",
100.0,1500.0,3.0,65.5,6.2223,2.8502,7.081,11.136,500.0,0,2,"Scenario D1 — Realistic 3 m/s
(Dynamic mass, 3 m/s)",
101.0,1500.0,3.0,65.24,6.1975,2.8502,7.081,11.131,500.0,0,2,"Scenario D1 — Realistic 3 m/s
(Dynamic mass, 3 m/s)",
102.0,1500.0,3.0,64.98,6.1727,2.8502,7.081,11.125,500.0,0,2,"Scenario D1 — Realistic 3 m/s
(Dynamic mass, 3 m/s)",
103.0,1500.0,3.0,64.72,6.148,2.8502,7.081,11.119,500.0,0,2,"Scenario D1 — Realistic 3 m/s
(Dynamic mass, 3 m/s)",
104.0,1500.0,3.0,64.45,6.1232,2.8502,7.081,11.114,500.0,0,2,"Scenario D1 — Realistic 3 m/s
(Dynamic mass, 3 m/s)",
105.0,1500.0,3.0,64.19,6.0984,2.8502,7.081,11.108,500.0,0,2,"Scenario D1 — Realistic 3 m/s
(Dynamic mass, 3 m/s)",
106.0,1500.0,3.0,63.93,6.0736,2.8502,7.081,11.103,500.0,0,2,"Scenario D1 — Realistic 3 m/s
(Dynamic mass, 3 m/s)",
107.0,1500.0,3.0,63.67,6.0488,2.8502,7.081,11.097,500.0,0,2,"Scenario D1 — Realistic 3 m/s
(Dynamic mass, 3 m/s)",
108.0,1500.0,3.0,63.41,6.024,2.8502,7.081,11.092,500.0,0,2,"Scenario D1 — Realistic 3 m/s
(Dynamic mass, 3 m/s)",
109.0,1500.0,3.0,63.15,5.9993,2.8502,7.081,11.086,500.0,0,2,"Scenario D1 — Realistic 3 m/s
(Dynamic mass, 3 m/s)",
110.0,1500.0,3.0,62.89,5.9745,2.8502,7.081,11.081,500.0,0,2,"Scenario D1 — Realistic 3 m/s
(Dynamic mass, 3 m/s)",
111.0,1500.0,3.0,62.63,5.9497,2.8502,7.081,11.075,500.0,0,2,"Scenario D1 — Realistic 3 m/s
(Dynamic mass, 3 m/s)",
112.0,1500.0,3.0,62.37,5.9249,2.8502,7.081,11.07,500.0,0,2,"Scenario D1 — Realistic 3 m/s
(Dynamic mass, 3 m/s)",
113.0,1500.0,3.0,62.11,5.9001,2.8502,7.081,11.065,500.0,0,2,"Scenario D1 — Realistic 3 m/s
(Dynamic mass, 3 m/s)",
114.0,1500.0,3.0,61.85,5.8753,2.8502,7.081,11.06,500.0,0,2,"Scenario D1 — Realistic 3 m/s
(Dynamic mass, 3 m/s)",
115.0,1500.0,3.0,61.58,5.8505,2.8502,7.081,11.054,500.0,0,2,"Scenario D1 — Realistic 3 m/s
(Dynamic mass, 3 m/s)",
116.0,1500.0,3.0,61.32,5.8258,2.8502,7.081,11.049,500.0,0,2,"Scenario D1 — Realistic 3 m/s
(Dynamic mass, 3 m/s)",
117.0,1500.0,3.0,61.06,5.801,2.8502,7.081,11.044,500.0,0,2,"Scenario D1 — Realistic 3 m/s
(Dynamic mass, 3 m/s)",
118.0,1500.0,3.0,60.8,5.7762,2.8502,7.081,11.039,500.0,0,2,"Scenario D1 — Realistic 3 m/s
(Dynamic mass, 3 m/s)",
119.0,1500.0,3.0,60.54,5.7514,2.8502,7.081,11.034,500.0,0,2,"Scenario D1 — Realistic 3 m/s
(Dynamic mass, 3 m/s)",
120.0,1500.0,3.0,60.28,5.7266,2.8502,7.081,11.029,500.0,0,2,"Scenario D1 — Realistic 3 m/s
(Dynamic mass, 3 m/s)",
121.0,1500.0,3.0,60.02,5.7018,2.8502,7.081,11.024,500.0,0,2,"Scenario D1 — Realistic 3 m/s
(Dynamic mass, 3 m/s)",
122.0,1500.0,3.0,59.76,5.6771,2.8502,7.081,11.019,500.0,0,2,"Scenario D1 — Realistic 3 m/s
(Dynamic mass, 3 m/s)",
123.0,1500.0,3.0,59.5,5.6523,2.8502,7.081,11.014,500.0,0,2,"Scenario D1 — Realistic 3 m/s
(Dynamic mass, 3 m/s)",
124.0,1500.0,3.0,59.24,5.6275,2.8502,7.081,11.01,500.0,0,2,"Scenario D1 — Realistic 3 m/s
(Dynamic mass, 3 m/s)",
125.0,1500.0,3.0,58.98,5.6027,2.8502,7.081,11.005,500.0,0,2,"Scenario D1 — Realistic 3 m/s
(Dynamic mass, 3 m/s)",
126.0,1500.0,3.0,58.71,5.5779,2.8502,7.081,11.0,500.0,0,2,"Scenario D1 — Realistic 3 m/s
(Dynamic mass, 3 m/s)",
127.0,1500.0,3.0,58.45,5.5531,2.8502,7.081,10.995,500.0,0,2,"Scenario D1 — Realistic 3 m/s
(Dynamic mass, 3 m/s)",
128.0,1500.0,3.0,58.19,5.5283,2.8502,7.081,10.991,500.0,0,2,"Scenario D1 — Realistic 3 m/s
(Dynamic mass, 3 m/s)",
129.0,1500.0,3.0,57.93,5.5036,2.8502,7.081,10.986,500.0,0,2,"Scenario D1 — Realistic 3 m/s
(Dynamic mass, 3 m/s)",
130.0,1500.0,3.0,57.67,5.4788,2.8502,7.081,10.981,500.0,0,2,"Scenario D1 — Realistic 3 m/s
(Dynamic mass, 3 m/s)",
131.0,1500.0,3.0,57.41,5.454,2.8502,7.081,10.977,500.0,0,2,"Scenario D1 — Realistic 3 m/s
(Dynamic mass, 3 m/s)",
132.0,1500.0,3.0,57.15,5.4292,2.8502,7.081,10.972,500.0,0,2,"Scenario D1 — Realistic 3 m/s
(Dynamic mass, 3 m/s)",
133.0,1500.0,3.0,56.89,5.4044,2.8502,7.081,10.968,500.0,0,2,"Scenario D1 — Realistic 3 m/s
(Dynamic mass, 3 m/s)",
134.0,1500.0,3.0,56.63,5.3796,2.8502,7.081,10.963,500.0,0,2,"Scenario D1 — Realistic 3 m/s
(Dynamic mass, 3 m/s)",
135.0,1500.0,3.0,56.37,5.3549,2.8502,7.081,10.959,500.0,0,2,"Scenario D1 — Realistic 3 m/s
(Dynamic mass, 3 m/s)",
136.0,1500.0,3.0,56.11,5.3301,2.8502,7.081,10.955,500.0,0,2,"Scenario D1 — Realistic 3 m/s
(Dynamic mass, 3 m/s)",
137.0,1500.0,3.0,55.85,5.3053,2.8502,7.081,10.95,500.0,0,2,"Scenario D1 — Realistic 3 m/s
(Dynamic mass, 3 m/s)",
138.0,1500.0,3.0,55.58,5.2805,2.8502,7.081,10.946,500.0,0,2,"Scenario D1 — Realistic 3 m/s
(Dynamic mass, 3 m/s)",
139.0,1500.0,3.0,55.32,5.2557,2.8502,7.081,10.942,500.0,0,2,"Scenario D1 — Realistic 3 m/s
(Dynamic mass, 3 m/s)",
140.0,1500.0,3.0,55.06,5.2309,2.8502,7.081,10.938,500.0,0,2,"Scenario D1 — Realistic 3 m/s
(Dynamic mass, 3 m/s)",
141.0,1500.0,3.0,54.8,5.2062,2.8502,7.081,10.933,500.0,0,2,"Scenario D1 — Realistic 3 m/s
(Dynamic mass, 3 m/s)",
142.0,1500.0,3.0,54.54,5.1814,2.8502,7.081,10.929,500.0,0,2,"Scenario D1 — Realistic 3 m/s
(Dynamic mass, 3 m/s)",
143.0,1500.0,3.0,54.28,5.1566,2.8502,7.081,10.925,500.0,0,2,"Scenario D1 — Realistic 3 m/s
(Dynamic mass, 3 m/s)",
144.0,1500.0,3.0,54.02,5.1318,2.8502,7.081,10.921,500.0,0,2,"Scenario D1 — Realistic 3 m/s
(Dynamic mass, 3 m/s)",
145.0,1500.0,3.0,53.76,5.107,2.8502,7.081,10.917,500.0,0,2,"Scenario D1 — Realistic 3 m/s
(Dynamic mass, 3 m/s)",
146.0,1500.0,3.0,53.5,5.0822,2.8502,7.081,10.913,500.0,0,2,"Scenario D1 — Realistic 3 m/s
(Dynamic mass, 3 m/s)",
147.0,1500.0,3.0,53.24,5.0574,2.8502,7.081,10.909,500.0,0,2,"Scenario D1 — Realistic 3 m/s
(Dynamic mass, 3 m/s)",
148.0,1500.0,3.0,52.98,5.0327,2.8502,7.081,10.905,500.0,0,2,"Scenario D1 — Realistic 3 m/s
(Dynamic mass, 3 m/s)",
149.0,1500.0,3.0,52.71,5.0079,2.8502,7.081,10.901,500.0,0,2,"Scenario D1 — Realistic 3 m/s
(Dynamic mass, 3 m/s)",
150.0,1500.0,3.0,52.45,4.9831,2.8502,7.081,10.897,500.0,0,2,"Scenario D1 — Realistic 3 m/s
(Dynamic mass, 3 m/s)",
151.0,1500.0,3.0,52.19,4.9583,2.8502,7.081,10.893,500.0,0,2,"Scenario D1 — Realistic 3 m/s
(Dynamic mass, 3 m/s)",
152.0,1500.0,3.0,51.93,4.9335,2.8502,7.081,10.889,500.0,0,2,"Scenario D1 — Realistic 3 m/s
(Dynamic mass, 3 m/s)",
153.0,1500.0,3.0,51.67,4.9087,2.8502,7.081,10.885,500.0,0,2,"Scenario D1 — Realistic 3 m/s
(Dynamic mass, 3 m/s)",
154.0,1500.0,3.0,51.41,4.884,2.8502,7.081,10.881,500.0,0,2,"Scenario D1 — Realistic 3 m/s
(Dynamic mass, 3 m/s)",
155.0,1500.0,3.0,51.15,4.8592,2.8502,7.081,10.877,500.0,0,2,"Scenario D1 — Realistic 3 m/s
(Dynamic mass, 3 m/s)",
156.0,1500.0,3.0,50.89,4.8344,2.8502,7.081,10.874,500.0,0,2,"Scenario D1 — Realistic 3 m/s
(Dynamic mass, 3 m/s)",
157.0,1500.0,3.0,50.63,4.8096,2.8502,7.081,10.87,500.0,0,2,"Scenario D1 — Realistic 3 m/s
(Dynamic mass, 3 m/s)",
158.0,1500.0,3.0,50.37,4.7848,2.8502,7.081,10.866,500.0,0,2,"Scenario D1 — Realistic 3 m/s
(Dynamic mass, 3 m/s)",
159.0,1500.0,3.0,50.11,4.76,2.8502,7.081,10.862,500.0,0,2,"Scenario D1 — Realistic 3 m/s
(Dynamic mass, 3 m/s)",
160.0,1500.0,3.0,49.84,4.7352,2.8502,7.081,10.859,500.0,0,2,"Scenario D1 — Realistic 3 m/s
(Dynamic mass, 3 m/s)",
161.0,1500.0,3.0,49.58,4.7105,2.8502,7.081,10.855,500.0,0,2,"Scenario D1 — Realistic 3 m/s
(Dynamic mass, 3 m/s)",
162.0,1500.0,3.0,49.32,4.6857,2.8502,7.081,10.851,500.0,0,2,"Scenario D1 — Realistic 3 m/s
(Dynamic mass, 3 m/s)",
163.0,1500.0,3.0,49.06,4.6609,2.8502,7.081,10.847,500.0,0,2,"Scenario D1 — Realistic 3 m/s
(Dynamic mass, 3 m/s)",
164.0,1500.0,3.0,48.8,4.6361,2.8502,7.081,10.844,500.0,0,2,"Scenario D1 — Realistic 3 m/s
(Dynamic mass, 3 m/s)",
165.0,1500.0,3.0,48.54,4.6113,2.8502,7.081,10.84,500.0,0,2,"Scenario D1 — Realistic 3 m/s
(Dynamic mass, 3 m/s)",
166.0,1500.0,3.0,48.28,4.5865,2.8502,7.081,10.836,500.0,0,2,"Scenario D1 — Realistic 3 m/s
(Dynamic mass, 3 m/s)",
167.0,1500.0,3.0,48.02,4.5618,2.8502,7.081,10.833,500.0,0,2,"Scenario D1 — Realistic 3 m/s
(Dynamic mass, 3 m/s)",
168.0,1500.0,3.0,47.76,4.537,2.8502,7.081,10.829,500.0,0,2,"Scenario D1 — Realistic 3 m/s
(Dynamic mass, 3 m/s)",
169.0,1500.0,3.0,47.5,4.5122,2.8502,7.081,10.825,500.0,0,2,"Scenario D1 — Realistic 3 m/s
(Dynamic mass, 3 m/s)",
170.0,1500.0,3.0,47.24,4.4874,2.8502,7.081,10.822,500.0,0,2,"Scenario D1 — Realistic 3 m/s
(Dynamic mass, 3 m/s)",
171.0,1500.0,3.0,46.97,4.4626,2.8502,7.081,10.818,500.0,0,2,"Scenario D1 — Realistic 3 m/s
(Dynamic mass, 3 m/s)",
172.0,1500.0,3.0,46.71,4.4378,2.8502,7.081,10.814,500.0,0,2,"Scenario D1 — Realistic 3 m/s
(Dynamic mass, 3 m/s)",
173.0,1500.0,3.0,46.45,4.4131,2.8502,7.081,10.811,500.0,0,2,"Scenario D1 — Realistic 3 m/s
(Dynamic mass, 3 m/s)",
174.0,1500.0,3.0,46.19,4.3883,2.8502,7.081,10.807,500.0,0,2,"Scenario D1 — Realistic 3 m/s
(Dynamic mass, 3 m/s)",
175.0,1500.0,3.0,45.93,4.3635,2.8502,7.081,10.803,500.0,0,2,"Scenario D1 — Realistic 3 m/s
(Dynamic mass, 3 m/s)",
176.0,1500.0,3.0,45.67,4.3387,2.8502,7.081,10.8,500.0,0,2,"Scenario D1 — Realistic 3 m/s
(Dynamic mass, 3 m/s)",
177.0,1500.0,3.0,45.41,4.3139,2.8502,7.081,10.796,500.0,0,2,"Scenario D1 — Realistic 3 m/s
(Dynamic mass, 3 m/s)",
178.0,1500.0,3.0,45.15,4.2891,2.8502,7.081,10.792,500.0,0,2,"Scenario D1 — Realistic 3 m/s
(Dynamic mass, 3 m/s)",
179.0,1500.0,3.0,44.89,4.2643,2.8502,7.081,10.788,500.0,0,2,"Scenario D1 — Realistic 3 m/s
(Dynamic mass, 3 m/s)",
180.0,1500.0,3.0,44.63,4.2396,2.8502,7.081,10.785,500.0,0,2,"Scenario D1 — Realistic 3 m/s
(Dynamic mass, 3 m/s)",
181.0,1500.0,3.0,44.37,4.2148,2.8502,7.081,10.781,500.0,0,2,"Scenario D1 — Realistic 3 m/s
(Dynamic mass, 3 m/s)",
182.0,1500.0,3.0,44.11,4.19,2.8502,7.081,10.777,500.0,0,2,"Scenario D1 — Realistic 3 m/s
(Dynamic mass, 3 m/s)",
183.0,1500.0,3.0,43.84,4.1652,2.8502,7.081,10.773,500.0,0,2,"Scenario D1 — Realistic 3 m/s
(Dynamic mass, 3 m/s)",
184.0,1500.0,3.0,43.58,4.1404,2.8502,7.081,10.77,500.0,0,2,"Scenario D1 — Realistic 3 m/s
(Dynamic mass, 3 m/s)",
185.0,1500.0,3.0,43.32,4.1156,2.8502,7.081,10.766,500.0,0,2,"Scenario D1 — Realistic 3 m/s
(Dynamic mass, 3 m/s)",
186.0,1500.0,3.0,43.06,4.0909,2.8502,7.081,10.762,500.0,0,2,"Scenario D1 — Realistic 3 m/s
(Dynamic mass, 3 m/s)",
187.0,1500.0,3.0,42.8,4.0661,2.8502,7.081,10.758,500.0,0,2,"Scenario D1 — Realistic 3 m/s
(Dynamic mass, 3 m/s)",
188.0,1500.0,3.0,42.54,4.0413,2.8502,7.081,10.754,500.0,0,2,"Scenario D1 — Realistic 3 m/s
(Dynamic mass, 3 m/s)",
189.0,1500.0,3.0,42.28,4.0165,2.8502,7.081,10.75,500.0,0,2,"Scenario D1 — Realistic 3 m/s
(Dynamic mass, 3 m/s)",
190.0,1500.0,3.0,42.02,3.9917,2.8502,7.081,10.746,500.0,0,2,"Scenario D1 — Realistic 3 m/s
(Dynamic mass, 3 m/s)",
191.0,1500.0,3.0,41.76,3.9669,2.8502,7.081,10.742,500.0,0,2,"Scenario D1 — Realistic 3 m/s
(Dynamic mass, 3 m/s)",
192.0,1500.0,3.0,41.5,3.9421,2.8502,7.081,10.738,500.0,0,2,"Scenario D1 — Realistic 3 m/s
(Dynamic mass, 3 m/s)",
193.0,1500.0,3.0,41.24,3.9174,2.8502,7.081,10.734,500.0,0,2,"Scenario D1 — Realistic 3 m/s
(Dynamic mass, 3 m/s)",
194.0,1500.0,3.0,40.97,3.8926,2.8502,7.081,10.73,500.0,0,2,"Scenario D1 — Realistic 3 m/s
(Dynamic mass, 3 m/s)",
195.0,1500.0,3.0,40.71,3.8678,2.8502,7.081,10.726,500.0,0,2,"Scenario D1 — Realistic 3 m/s
(Dynamic mass, 3 m/s)",
196.0,1500.0,3.0,40.45,3.843,2.8502,7.081,10.722,500.0,0,2,"Scenario D1 — Realistic 3 m/s
(Dynamic mass, 3 m/s)",
197.0,1500.0,3.0,40.19,3.8182,2.8502,7.081,10.717,500.0,0,2,"Scenario D1 — Realistic 3 m/s
(Dynamic mass, 3 m/s)",
198.0,1500.0,3.0,39.93,3.7934,2.8502,7.081,10.713,500.0,0,2,"Scenario D1 — Realistic 3 m/s
(Dynamic mass, 3 m/s)",
199.0,1500.0,3.0,39.67,3.7687,2.8502,7.081,10.709,500.0,0,2,"Scenario D1 — Realistic 3 m/s
(Dynamic mass, 3 m/s)",
200.0,1500.0,3.0,39.41,3.7439,2.8502,7.081,10.704,500.0,0,2,"Scenario D1 — Realistic 3 m/s
(Dynamic mass, 3 m/s)",
201.0,1500.0,3.0,39.15,3.7191,2.8502,7.081,10.7,500.0,0,2,"Scenario D1 — Realistic 3 m/s
(Dynamic mass, 3 m/s)",
202.0,1500.0,3.0,38.89,3.6943,2.8502,7.081,10.695,500.0,0,2,"Scenario D1 — Realistic 3 m/s
(Dynamic mass, 3 m/s)",
203.0,1500.0,3.0,38.63,3.6695,2.8502,7.081,10.691,500.0,0,2,"Scenario D1 — Realistic 3 m/s
(Dynamic mass, 3 m/s)",
204.0,1500.0,3.0,38.37,3.6447,2.8502,7.081,10.686,500.0,0,2,"Scenario D1 — Realistic 3 m/s
(Dynamic mass, 3 m/s)",
205.0,1500.0,3.0,38.1,3.6199,2.8502,7.081,10.681,500.0,0,2,"Scenario D1 — Realistic 3 m/s
(Dynamic mass, 3 m/s)",
206.0,1500.0,3.0,37.84,3.5952,2.8502,7.081,10.677,500.0,0,2,"Scenario D1 — Realistic 3 m/s
(Dynamic mass, 3 m/s)",
207.0,1500.0,3.0,37.58,3.5704,2.8502,7.081,10.672,500.0,0,2,"Scenario D1 — Realistic 3 m/s
(Dynamic mass, 3 m/s)",
208.0,1500.0,3.0,37.32,3.5456,2.8502,7.081,10.667,500.0,0,2,"Scenario D1 — Realistic 3 m/s
(Dynamic mass, 3 m/s)",
209.0,1500.0,3.0,37.06,3.5208,2.8502,7.081,10.662,500.0,0,2,"Scenario D1 — Realistic 3 m/s
(Dynamic mass, 3 m/s)",
210.0,1500.0,3.0,36.8,3.496,2.8502,7.081,10.657,500.0,0,2,"Scenario D1 — Realistic 3 m/s
(Dynamic mass, 3 m/s)",
211.0,1500.0,3.0,36.54,3.4712,2.8502,7.081,10.652,500.0,0,2,"Scenario D1 — Realistic 3 m/s
(Dynamic mass, 3 m/s)",
212.0,1500.0,3.0,36.28,3.4465,2.8502,7.081,10.646,500.0,0,2,"Scenario D1 — Realistic 3 m/s
(Dynamic mass, 3 m/s)",
213.0,1500.0,3.0,36.02,3.4217,2.8502,7.081,10.641,500.0,0,2,"Scenario D1 — Realistic 3 m/s
(Dynamic mass, 3 m/s)",
214.0,1500.0,3.0,35.76,3.3969,2.8502,7.081,10.636,500.0,0,2,"Scenario D1 — Realistic 3 m/s
(Dynamic mass, 3 m/s)",
215.0,1500.0,3.0,35.5,3.3721,2.8502,7.081,10.63,500.0,0,2,"Scenario D1 — Realistic 3 m/s
(Dynamic mass, 3 m/s)",
216.0,1500.0,3.0,35.23,3.3473,2.8502,7.081,10.624,500.0,0,2,"Scenario D1 — Realistic 3 m/s
(Dynamic mass, 3 m/s)",
217.0,1500.0,3.0,34.97,3.3225,2.8502,7.081,10.619,500.0,0,2,"Scenario D1 — Realistic 3 m/s
(Dynamic mass, 3 m/s)",
218.0,1500.0,3.0,34.71,3.2978,2.8502,7.081,10.613,500.0,0,2,"Scenario D1 — Realistic 3 m/s
(Dynamic mass, 3 m/s)",
219.0,1500.0,3.0,34.45,3.273,2.8502,7.081,10.607,500.0,0,2,"Scenario D1 — Realistic 3 m/s
(Dynamic mass, 3 m/s)",
220.0,1500.0,3.0,34.19,3.2482,2.8502,7.081,10.601,500.0,0,2,"Scenario D1 — Realistic 3 m/s
(Dynamic mass, 3 m/s)",
221.0,1500.0,3.0,33.93,3.2234,2.8502,7.081,10.595,500.0,0,2,"Scenario D1 — Realistic 3 m/s
(Dynamic mass, 3 m/s)",
222.0,1500.0,3.0,33.67,3.1986,2.8502,7.081,10.589,500.0,0,2,"Scenario D1 — Realistic 3 m/s
(Dynamic mass, 3 m/s)",
223.0,1500.0,3.0,33.41,3.1738,2.8502,7.081,10.582,500.0,0,2,"Scenario D1 — Realistic 3 m/s
(Dynamic mass, 3 m/s)",
224.0,1500.0,3.0,33.15,3.149,2.8502,7.081,10.576,500.0,0,2,"Scenario D1 — Realistic 3 m/s
(Dynamic mass, 3 m/s)",
225.0,1500.0,3.0,32.89,3.1243,2.8502,7.081,10.569,500.0,0,2,"Scenario D1 — Realistic 3 m/s
(Dynamic mass, 3 m/s)",
226.0,1500.0,3.0,32.63,3.0995,2.8502,7.081,10.562,500.0,0,2,"Scenario D1 — Realistic 3 m/s
(Dynamic mass, 3 m/s)",
227.0,1500.0,3.0,32.37,3.0747,2.8502,7.081,10.556,500.0,0,2,"Scenario D1 — Realistic 3 m/s
(Dynamic mass, 3 m/s)",
228.0,1500.0,3.0,32.1,3.0499,2.8502,7.081,10.549,500.0,0,2,"Scenario D1 — Realistic 3 m/s
(Dynamic mass, 3 m/s)",
229.0,1500.0,3.0,31.84,3.0251,2.8502,7.081,10.541,500.0,0,2,"Scenario D1 — Realistic 3 m/s
(Dynamic mass, 3 m/s)",
230.0,1500.0,3.0,31.58,3.0003,2.8502,7.081,10.534,500.0,0,2,"Scenario D1 — Realistic 3 m/s
(Dynamic mass, 3 m/s)",
231.0,1500.0,3.0,31.32,2.9756,2.8502,7.081,10.527,500.0,0,2,"Scenario D1 — Realistic 3 m/s
(Dynamic mass, 3 m/s)",
232.0,1500.0,3.0,31.06,2.9508,2.8502,7.081,10.519,500.0,0,2,"Scenario D1 — Realistic 3 m/s
(Dynamic mass, 3 m/s)",
233.0,1500.0,3.0,30.8,2.926,2.8502,7.081,10.511,500.0,0,2,"Scenario D1 — Realistic 3 m/s
(Dynamic mass, 3 m/s)",
234.0,1500.0,3.0,30.54,2.9012,2.8502,7.081,10.504,500.0,0,2,"Scenario D1 — Realistic 3 m/s
(Dynamic mass, 3 m/s)",
235.0,1500.0,3.0,30.28,2.8764,2.8502,7.081,10.496,500.0,0,2,"Scenario D1 — Realistic 3 m/s
(Dynamic mass, 3 m/s)",
236.0,1500.0,3.0,30.02,2.8516,2.8502,7.081,10.487,500.0,0,2,"Scenario D1 — Realistic 3 m/s
(Dynamic mass, 3 m/s)",
237.0,1500.0,3.0,29.76,2.8268,2.8502,7.081,10.479,500.0,1,2,"Scenario D1 — Realistic 3 m/s
(Dynamic mass, 3 m/s)",1000.0
0.0,2500.0,3.0,99.46,9.4487,0.118,14.663,10.948,0.0,0,3,"Scenario D1 — Realistic 3 m/s
(Dynamic mass, 3 m/s)",
1.0,2483.3,3.0,98.92,9.3979,0.1169,14.521,10.965,5.0,0,3,"Scenario D1 — Realistic 3 m/s
(Dynamic mass, 3 m/s)",
2.0,2466.6,3.0,98.39,9.3475,0.1158,14.38,10.982,10.0,0,3,"Scenario D1 — Realistic 3 m/s
(Dynamic mass, 3 m/s)",
3.0,2449.9,3.0,97.87,9.2977,0.1719,14.24,10.998,15.0,0,3,"Scenario D1 — Realistic 3 m/s
(Dynamic mass, 3 m/s)",
4.0,2433.2,3.0,97.35,9.2483,0.227,14.099,11.013,20.0,0,3,"Scenario D1 — Realistic 3 m/s
(Dynamic mass, 3 m/s)",
5.0,2416.5,3.0,96.84,9.1995,0.2809,13.959,11.027,25.0,0,3,"Scenario D1 — Realistic 3 m/s
(Dynamic mass, 3 m/s)",
6.0,2399.8,3.0,96.33,9.1511,0.3338,13.82,11.04,30.0,0,3,"Scenario D1 — Realistic 3 m/s
(Dynamic mass, 3 m/s)",
7.0,2383.1,3.0,95.82,9.1032,0.3855,13.681,11.053,35.0,0,3,"Scenario D1 — Realistic 3 m/s
(Dynamic mass, 3 m/s)",
8.0,2366.4,3.0,95.32,9.0558,0.4361,13.543,11.066,40.0,0,3,"Scenario D1 — Realistic 3 m/s
(Dynamic mass, 3 m/s)",
9.0,2349.7,3.0,94.83,9.0089,0.4856,13.405,11.077,45.0,0,3,"Scenario D1 — Realistic 3 m/s
(Dynamic mass, 3 m/s)",
10.0,2333.0,3.0,94.34,8.9625,0.534,13.268,11.088,50.0,0,3,"Scenario D1 — Realistic 3 m/s
(Dynamic mass, 3 m/s)",
11.0,2316.3,3.0,93.86,8.9165,0.5814,13.131,11.099,55.0,0,3,"Scenario D1 — Realistic 3 m/s
(Dynamic mass, 3 m/s)",
12.0,2299.6,3.0,93.38,8.871,0.6276,12.995,11.109,60.0,0,3,"Scenario D1 — Realistic 3 m/s
(Dynamic mass, 3 m/s)",
13.0,2282.9,3.0,92.91,8.826,0.6728,12.859,11.119,65.0,0,3,"Scenario D1 — Realistic 3 m/s
(Dynamic mass, 3 m/s)",
14.0,2266.2,3.0,92.44,8.7815,0.717,12.723,11.128,70.0,0,3,"Scenario D1 — Realistic 3 m/s
(Dynamic mass, 3 m/s)",
15.0,2249.5,3.0,91.97,8.7374,0.76,12.588,11.137,75.0,0,3,"Scenario D1 — Realistic 3 m/s
(Dynamic mass, 3 m/s)",
16.0,2232.8,3.0,91.51,8.6938,0.802,12.454,11.146,80.0,0,3,"Scenario D1 — Realistic 3 m/s
(Dynamic mass, 3 m/s)",
17.0,2216.1,3.0,91.06,8.6507,0.843,12.32,11.154,85.0,0,3,"Scenario D1 — Realistic 3 m/s
(Dynamic mass, 3 m/s)",
18.0,2199.4,3.0,90.61,8.6081,0.8829,12.187,11.162,90.0,0,3,"Scenario D1 — Realistic 3 m/s
(Dynamic mass, 3 m/s)",
19.0,2182.7,3.0,90.17,8.5659,0.9218,12.054,11.17,95.0,0,3,"Scenario D1 — Realistic 3 m/s
(Dynamic mass, 3 m/s)",
20.0,2166.0,3.0,89.73,8.5242,0.9597,11.921,11.177,100.0,0,3,"Scenario D1 — Realistic 3 m/s
(Dynamic mass, 3 m/s)",
21.0,2149.3,3.0,89.29,8.4829,0.9965,11.79,11.184,105.0,0,3,"Scenario D1 — Realistic 3 m/s
(Dynamic mass, 3 m/s)",
22.0,2132.6,3.0,88.86,8.4421,1.0323,11.658,11.191,110.0,0,3,"Scenario D1 — Realistic 3 m/s
(Dynamic mass, 3 m/s)",
23.0,2115.9,3.0,88.44,8.4017,1.0672,11.527,11.198,115.0,0,3,"Scenario D1 — Realistic 3 m/s
(Dynamic mass, 3 m/s)",
24.0,2099.2,3.0,88.02,8.3619,1.101,11.397,11.205,120.0,0,3,"Scenario D1 — Realistic 3 m/s
(Dynamic mass, 3 m/s)",
25.0,2082.5,3.0,87.6,8.3224,1.1338,11.267,11.211,125.0,0,3,"Scenario D1 — Realistic 3 m/s
(Dynamic mass, 3 m/s)",
26.0,2065.8,3.0,87.19,8.2834,1.1656,11.138,11.217,130.0,0,3,"Scenario D1 — Realistic 3 m/s
(Dynamic mass, 3 m/s)",
27.0,2049.1,3.0,86.79,8.2449,1.1964,11.009,11.223,135.0,0,3,"Scenario D1 — Realistic 3 m/s
(Dynamic mass, 3 m/s)",
28.0,2032.4,3.0,86.39,8.2068,1.2263,10.881,11.229,140.0,0,3,"Scenario D1 — Realistic 3 m/s
(Dynamic mass, 3 m/s)",
29.0,2015.7,3.0,85.99,8.1692,1.2552,10.753,11.235,145.0,0,3,"Scenario D1 — Realistic 3 m/s
(Dynamic mass, 3 m/s)",
30.0,1999.0,3.0,85.6,8.132,1.2831,10.626,11.24,150.0,0,3,"Scenario D1 — Realistic 3 m/s
(Dynamic mass, 3 m/s)",
31.0,1982.3,3.0,85.21,8.0952,1.3101,10.499,11.246,155.0,0,3,"Scenario D1 — Realistic 3 m/s
(Dynamic mass, 3 m/s)",
32.0,1965.6,3.0,84.83,8.0589,1.3361,10.373,11.251,160.0,0,3,"Scenario D1 — Realistic 3 m/s
(Dynamic mass, 3 m/s)",
33.0,1948.9,3.0,84.45,8.0231,1.3612,10.248,11.257,165.0,0,3,"Scenario D1 — Realistic 3 m/s
(Dynamic mass, 3 m/s)",
34.0,1932.2,3.0,84.08,7.9876,1.3853,10.123,11.262,170.0,0,3,"Scenario D1 — Realistic 3 m/s
(Dynamic mass, 3 m/s)",
35.0,1915.5,3.0,83.71,7.9526,1.4085,9.998,11.267,175.0,0,3,"Scenario D1 — Realistic 3 m/s
(Dynamic mass, 3 m/s)",
36.0,1898.8,3.0,83.35,7.9181,1.4308,9.874,11.273,180.0,0,3,"Scenario D1 — Realistic 3 m/s
(Dynamic mass, 3 m/s)",
37.0,1882.1,3.0,82.99,7.884,1.4521,9.751,11.278,185.0,0,3,"Scenario D1 — Realistic 3 m/s
(Dynamic mass, 3 m/s)",
38.0,1865.4,3.0,82.63,7.8503,1.4726,9.628,11.283,190.0,0,3,"Scenario D1 — Realistic 3 m/s
(Dynamic mass, 3 m/s)",
39.0,1848.7,3.0,82.28,7.817,1.4921,9.506,11.288,195.0,0,3,"Scenario D1 — Realistic 3 m/s
(Dynamic mass, 3 m/s)",
40.0,1832.0,3.0,81.94,7.7841,1.5108,9.384,11.293,200.0,0,3,"Scenario D1 — Realistic 3 m/s
(Dynamic mass, 3 m/s)",
41.0,1815.3,3.0,81.6,7.7517,1.5286,9.263,11.298,205.0,0,3,"Scenario D1 — Realistic 3 m/s
(Dynamic mass, 3 m/s)",
42.0,1798.6,3.0,81.26,7.7197,1.5454,9.142,11.303,210.0,0,3,"Scenario D1 — Realistic 3 m/s
(Dynamic mass, 3 m/s)",
43.0,1781.9,3.0,80.93,7.6882,1.5614,9.022,11.308,215.0,0,3,"Scenario D1 — Realistic 3 m/s
(Dynamic mass, 3 m/s)",
44.0,1765.2,3.0,80.6,7.657,1.5766,8.902,11.313,220.0,0,3,"Scenario D1 — Realistic 3 m/s
(Dynamic mass, 3 m/s)",
45.0,1748.5,3.0,80.28,7.6263,1.5909,8.783,11.318,225.0,0,3,"Scenario D1 — Realistic 3 m/s
(Dynamic mass, 3 m/s)",
46.0,1731.8,3.0,79.96,7.5959,1.6043,8.665,11.323,230.0,0,3,"Scenario D1 — Realistic 3 m/s
(Dynamic mass, 3 m/s)",
47.0,1715.1,3.0,79.64,7.566,1.6169,8.547,11.328,235.0,0,3,"Scenario D1 — Realistic 3 m/s
(Dynamic mass, 3 m/s)",
48.0,1698.4,3.0,79.33,7.5365,1.6286,8.43,11.333,240.0,0,3,"Scenario D1 — Realistic 3 m/s
(Dynamic mass, 3 m/s)",
49.0,1681.7,3.0,79.03,7.5074,1.6395,8.313,11.338,245.0,0,3,"Scenario D1 — Realistic 3 m/s
(Dynamic mass, 3 m/s)",
50.0,1665.0,3.0,78.72,7.4787,1.6496,8.197,11.343,250.0,0,3,"Scenario D1 — Realistic 3 m/s
(Dynamic mass, 3 m/s)",
51.0,1648.3,3.0,78.43,7.4504,1.6589,8.081,11.348,255.0,0,3,"Scenario D1 — Realistic 3 m/s
(Dynamic mass, 3 m/s)",
52.0,1631.6,3.0,78.13,7.4226,1.6674,7.966,11.353,260.0,0,3,"Scenario D1 — Realistic 3 m/s
(Dynamic mass, 3 m/s)",
53.0,1614.9,3.0,77.84,7.3951,1.675,7.852,11.358,265.0,0,3,"Scenario D1 — Realistic 3 m/s
(Dynamic mass, 3 m/s)",
54.0,1598.2,3.0,77.56,7.368,1.6819,7.738,11.363,270.0,0,3,"Scenario D1 — Realistic 3 m/s
(Dynamic mass, 3 m/s)",
55.0,1581.5,3.0,77.28,7.3413,1.688,7.625,11.369,275.0,0,3,"Scenario D1 — Realistic 3 m/s
(Dynamic mass, 3 m/s)",
56.0,1564.8,3.0,77.0,7.315,1.6933,7.512,11.374,280.0,0,3,"Scenario D1 — Realistic 3 m/s
(Dynamic mass, 3 m/s)",
57.0,1548.1,3.0,76.73,7.2891,1.6978,7.4,11.379,285.0,0,3,"Scenario D1 — Realistic 3 m/s
(Dynamic mass, 3 m/s)",
58.0,1531.4,3.0,76.46,7.2636,1.7016,7.289,11.384,290.0,0,3,"Scenario D1 — Realistic 3 m/s
(Dynamic mass, 3 m/s)",
59.0,1514.7,3.0,76.19,7.2385,1.7047,7.178,11.389,295.0,0,3,"Scenario D1 — Realistic 3 m/s
(Dynamic mass, 3 m/s)",
60.0,1500.0,3.0,75.93,7.2137,1.7101,7.081,11.393,300.0,0,3,"Scenario D1 — Realistic 3 m/s
(Dynamic mass, 3 m/s)",
61.0,1500.0,3.0,75.67,7.1889,1.7386,7.081,11.386,305.0,0,3,"Scenario D1 — Realistic 3 m/s
(Dynamic mass, 3 m/s)",
62.0,1500.0,3.0,75.41,7.1641,1.7671,7.081,11.379,310.0,0,3,"Scenario D1 — Realistic 3 m/s
(Dynamic mass, 3 m/s)",
63.0,1500.0,3.0,75.15,7.1393,1.7956,7.081,11.373,315.0,0,3,"Scenario D1 — Realistic 3 m/s
(Dynamic mass, 3 m/s)",
64.0,1500.0,3.0,74.89,7.1146,1.8241,7.081,11.366,320.0,0,3,"Scenario D1 — Realistic 3 m/s
(Dynamic mass, 3 m/s)",
65.0,1500.0,3.0,74.63,7.0898,1.8526,7.081,11.359,325.0,0,3,"Scenario D1 — Realistic 3 m/s
(Dynamic mass, 3 m/s)",
66.0,1500.0,3.0,74.37,7.065,1.8811,7.081,11.352,330.0,0,3,"Scenario D1 — Realistic 3 m/s
(Dynamic mass, 3 m/s)",
67.0,1500.0,3.0,74.11,7.0402,1.9096,7.081,11.345,335.0,0,3,"Scenario D1 — Realistic 3 m/s
(Dynamic mass, 3 m/s)",
68.0,1500.0,3.0,73.85,7.0154,1.9381,7.081,11.339,340.0,0,3,"Scenario D1 — Realistic 3 m/s
(Dynamic mass, 3 m/s)",
69.0,1500.0,3.0,73.59,6.9906,1.9666,7.081,11.332,345.0,0,3,"Scenario D1 — Realistic 3 m/s
(Dynamic mass, 3 m/s)",
70.0,1500.0,3.0,73.32,6.9658,1.9951,7.081,11.325,350.0,0,3,"Scenario D1 — Realistic 3 m/s
(Dynamic mass, 3 m/s)",
71.0,1500.0,3.0,73.06,6.9411,2.0236,7.081,11.318,355.0,0,3,"Scenario D1 — Realistic 3 m/s
(Dynamic mass, 3 m/s)",
72.0,1500.0,3.0,72.8,6.9163,2.0522,7.081,11.312,360.0,0,3,"Scenario D1 — Realistic 3 m/s
(Dynamic mass, 3 m/s)",
73.0,1500.0,3.0,72.54,6.8915,2.0807,7.081,11.305,365.0,0,3,"Scenario D1 — Realistic 3 m/s
(Dynamic mass, 3 m/s)",
74.0,1500.0,3.0,72.28,6.8667,2.1092,7.081,11.299,370.0,0,3,"Scenario D1 — Realistic 3 m/s
(Dynamic mass, 3 m/s)",
75.0,1500.0,3.0,72.02,6.8419,2.1377,7.081,11.292,375.0,0,3,"Scenario D1 — Realistic 3 m/s
(Dynamic mass, 3 m/s)",
76.0,1500.0,3.0,71.76,6.8171,2.1662,7.081,11.285,380.0,0,3,"Scenario D1 — Realistic 3 m/s
(Dynamic mass, 3 m/s)",
77.0,1500.0,3.0,71.5,6.7924,2.1947,7.081,11.279,385.0,0,3,"Scenario D1 — Realistic 3 m/s
(Dynamic mass, 3 m/s)",
78.0,1500.0,3.0,71.24,6.7676,2.2232,7.081,11.272,390.0,0,3,"Scenario D1 — Realistic 3 m/s
(Dynamic mass, 3 m/s)",
79.0,1500.0,3.0,70.98,6.7428,2.2517,7.081,11.266,395.0,0,3,"Scenario D1 — Realistic 3 m/s
(Dynamic mass, 3 m/s)",
80.0,1500.0,3.0,70.72,6.718,2.2802,7.081,11.259,400.0,0,3,"Scenario D1 — Realistic 3 m/s
(Dynamic mass, 3 m/s)",
81.0,1500.0,3.0,70.45,6.6932,2.3087,7.081,11.253,405.0,0,3,"Scenario D1 — Realistic 3 m/s
(Dynamic mass, 3 m/s)",
82.0,1500.0,3.0,70.19,6.6684,2.3372,7.081,11.246,410.0,0,3,"Scenario D1 — Realistic 3 m/s
(Dynamic mass, 3 m/s)",
83.0,1500.0,3.0,69.93,6.6436,2.3657,7.081,11.24,415.0,0,3,"Scenario D1 — Realistic 3 m/s
(Dynamic mass, 3 m/s)",
84.0,1500.0,3.0,69.67,6.6189,2.3942,7.081,11.234,420.0,0,3,"Scenario D1 — Realistic 3 m/s
(Dynamic mass, 3 m/s)",
85.0,1500.0,3.0,69.41,6.5941,2.4227,7.081,11.227,425.0,0,3,"Scenario D1 — Realistic 3 m/s
(Dynamic mass, 3 m/s)",
86.0,1500.0,3.0,69.15,6.5693,2.4512,7.081,11.221,430.0,0,3,"Scenario D1 — Realistic 3 m/s
(Dynamic mass, 3 m/s)",
87.0,1500.0,3.0,68.89,6.5445,2.4797,7.081,11.215,435.0,0,3,"Scenario D1 — Realistic 3 m/s
(Dynamic mass, 3 m/s)",
88.0,1500.0,3.0,68.63,6.5197,2.5082,7.081,11.208,440.0,0,3,"Scenario D1 — Realistic 3 m/s
(Dynamic mass, 3 m/s)",
89.0,1500.0,3.0,68.37,6.4949,2.5367,7.081,11.202,445.0,0,3,"Scenario D1 — Realistic 3 m/s
(Dynamic mass, 3 m/s)",
90.0,1500.0,3.0,68.11,6.4702,2.5652,7.081,11.196,450.0,0,3,"Scenario D1 — Realistic 3 m/s
(Dynamic mass, 3 m/s)",
91.0,1500.0,3.0,67.85,6.4454,2.5937,7.081,11.19,455.0,0,3,"Scenario D1 — Realistic 3 m/s
(Dynamic mass, 3 m/s)",
92.0,1500.0,3.0,67.59,6.4206,2.6222,7.081,11.184,460.0,0,3,"Scenario D1 — Realistic 3 m/s
(Dynamic mass, 3 m/s)",
93.0,1500.0,3.0,67.32,6.3958,2.6507,7.081,11.178,465.0,0,3,"Scenario D1 — Realistic 3 m/s
(Dynamic mass, 3 m/s)",
94.0,1500.0,3.0,67.06,6.371,2.6792,7.081,11.172,470.0,0,3,"Scenario D1 — Realistic 3 m/s
(Dynamic mass, 3 m/s)",
95.0,1500.0,3.0,66.8,6.3462,2.7077,7.081,11.166,475.0,0,3,"Scenario D1 — Realistic 3 m/s
(Dynamic mass, 3 m/s)",
96.0,1500.0,3.0,66.54,6.3215,2.7362,7.081,11.16,480.0,0,3,"Scenario D1 — Realistic 3 m/s
(Dynamic mass, 3 m/s)",
97.0,1500.0,3.0,66.28,6.2967,2.7647,7.081,11.154,485.0,0,3,"Scenario D1 — Realistic 3 m/s
(Dynamic mass, 3 m/s)",
98.0,1500.0,3.0,66.02,6.2719,2.7932,7.081,11.148,490.0,0,3,"Scenario D1 — Realistic 3 m/s
(Dynamic mass, 3 m/s)",
99.0,1500.0,3.0,65.76,6.2471,2.8217,7.081,11.142,495.0,0,3,"Scenario D1 — Realistic 3 m/s
(Dynamic mass, 3 m/s)",
100.0,1500.0,3.0,65.5,6.2223,2.8502,7.081,11.136,500.0,0,3,"Scenario D1 — Realistic 3 m/s
(Dynamic mass, 3 m/s)",
101.0,1500.0,3.0,65.24,6.1975,2.8502,7.081,11.131,500.0,0,3,"Scenario D1 — Realistic 3 m/s
(Dynamic mass, 3 m/s)",
102.0,1500.0,3.0,64.98,6.1727,2.8502,7.081,11.125,500.0,0,3,"Scenario D1 — Realistic 3 m/s
(Dynamic mass, 3 m/s)",
103.0,1500.0,3.0,64.72,6.148,2.8502,7.081,11.119,500.0,0,3,"Scenario D1 — Realistic 3 m/s
(Dynamic mass, 3 m/s)",
104.0,1500.0,3.0,64.45,6.1232,2.8502,7.081,11.114,500.0,0,3,"Scenario D1 — Realistic 3 m/s
(Dynamic mass, 3 m/s)",
105.0,1500.0,3.0,64.19,6.0984,2.8502,7.081,11.108,500.0,0,3,"Scenario D1 — Realistic 3 m/s
(Dynamic mass, 3 m/s)",
106.0,1500.0,3.0,63.93,6.0736,2.8502,7.081,11.103,500.0,0,3,"Scenario D1 — Realistic 3 m/s
(Dynamic mass, 3 m/s)",
107.0,1500.0,3.0,63.67,6.0488,2.8502,7.081,11.097,500.0,0,3,"Scenario D1 — Realistic 3 m/s
(Dynamic mass, 3 m/s)",
108.0,1500.0,3.0,63.41,6.024,2.8502,7.081,11.092,500.0,0,3,"Scenario D1 — Realistic 3 m/s
(Dynamic mass, 3 m/s)",
109.0,1500.0,3.0,63.15,5.9993,2.8502,7.081,11.086,500.0,0,3,"Scenario D1 — Realistic 3 m/s
(Dynamic mass, 3 m/s)",
110.0,1500.0,3.0,62.89,5.9745,2.8502,7.081,11.081,500.0,0,3,"Scenario D1 — Realistic 3 m/s
(Dynamic mass, 3 m/s)",
111.0,1500.0,3.0,62.63,5.9497,2.8502,7.081,11.075,500.0,0,3,"Scenario D1 — Realistic 3 m/s
(Dynamic mass, 3 m/s)",
112.0,1500.0,3.0,62.37,5.9249,2.8502,7.081,11.07,500.0,0,3,"Scenario D1 — Realistic 3 m/s
(Dynamic mass, 3 m/s)",
113.0,1500.0,3.0,62.11,5.9001,2.8502,7.081,11.065,500.0,0,3,"Scenario D1 — Realistic 3 m/s
(Dynamic mass, 3 m/s)",
114.0,1500.0,3.0,61.85,5.8753,2.8502,7.081,11.06,500.0,0,3,"Scenario D1 — Realistic 3 m/s
(Dynamic mass, 3 m/s)",
115.0,1500.0,3.0,61.58,5.8505,2.8502,7.081,11.054,500.0,0,3,"Scenario D1 — Realistic 3 m/s
(Dynamic mass, 3 m/s)",
116.0,1500.0,3.0,61.32,5.8258,2.8502,7.081,11.049,500.0,0,3,"Scenario D1 — Realistic 3 m/s
(Dynamic mass, 3 m/s)",
117.0,1500.0,3.0,61.06,5.801,2.8502,7.081,11.044,500.0,0,3,"Scenario D1 — Realistic 3 m/s
(Dynamic mass, 3 m/s)",
118.0,1500.0,3.0,60.8,5.7762,2.8502,7.081,11.039,500.0,0,3,"Scenario D1 — Realistic 3 m/s
(Dynamic mass, 3 m/s)",
119.0,1500.0,3.0,60.54,5.7514,2.8502,7.081,11.034,500.0,0,3,"Scenario D1 — Realistic 3 m/s
(Dynamic mass, 3 m/s)",
120.0,1500.0,3.0,60.28,5.7266,2.8502,7.081,11.029,500.0,0,3,"Scenario D1 — Realistic 3 m/s
(Dynamic mass, 3 m/s)",
121.0,1500.0,3.0,60.02,5.7018,2.8502,7.081,11.024,500.0,0,3,"Scenario D1 — Realistic 3 m/s
(Dynamic mass, 3 m/s)",
122.0,1500.0,3.0,59.76,5.6771,2.8502,7.081,11.019,500.0,0,3,"Scenario D1 — Realistic 3 m/s
(Dynamic mass, 3 m/s)",
123.0,1500.0,3.0,59.5,5.6523,2.8502,7.081,11.014,500.0,0,3,"Scenario D1 — Realistic 3 m/s
(Dynamic mass, 3 m/s)",
124.0,1500.0,3.0,59.24,5.6275,2.8502,7.081,11.01,500.0,0,3,"Scenario D1 — Realistic 3 m/s
(Dynamic mass, 3 m/s)",
125.0,1500.0,3.0,58.98,5.6027,2.8502,7.081,11.005,500.0,0,3,"Scenario D1 — Realistic 3 m/s
(Dynamic mass, 3 m/s)",
126.0,1500.0,3.0,58.71,5.5779,2.8502,7.081,11.0,500.0,0,3,"Scenario D1 — Realistic 3 m/s
(Dynamic mass, 3 m/s)",
127.0,1500.0,3.0,58.45,5.5531,2.8502,7.081,10.995,500.0,0,3,"Scenario D1 — Realistic 3 m/s
(Dynamic mass, 3 m/s)",
128.0,1500.0,3.0,58.19,5.5283,2.8502,7.081,10.991,500.0,0,3,"Scenario D1 — Realistic 3 m/s
(Dynamic mass, 3 m/s)",
129.0,1500.0,3.0,57.93,5.5036,2.8502,7.081,10.986,500.0,0,3,"Scenario D1 — Realistic 3 m/s
(Dynamic mass, 3 m/s)",
130.0,1500.0,3.0,57.67,5.4788,2.8502,7.081,10.981,500.0,0,3,"Scenario D1 — Realistic 3 m/s
(Dynamic mass, 3 m/s)",
131.0,1500.0,3.0,57.41,5.454,2.8502,7.081,10.977,500.0,0,3,"Scenario D1 — Realistic 3 m/s
(Dynamic mass, 3 m/s)",
132.0,1500.0,3.0,57.15,5.4292,2.8502,7.081,10.972,500.0,0,3,"Scenario D1 — Realistic 3 m/s
(Dynamic mass, 3 m/s)",
133.0,1500.0,3.0,56.89,5.4044,2.8502,7.081,10.968,500.0,0,3,"Scenario D1 — Realistic 3 m/s
(Dynamic mass, 3 m/s)",
134.0,1500.0,3.0,56.63,5.3796,2.8502,7.081,10.963,500.0,0,3,"Scenario D1 — Realistic 3 m/s
(Dynamic mass, 3 m/s)",
135.0,1500.0,3.0,56.37,5.3549,2.8502,7.081,10.959,500.0,0,3,"Scenario D1 — Realistic 3 m/s
(Dynamic mass, 3 m/s)",
136.0,1500.0,3.0,56.11,5.3301,2.8502,7.081,10.955,500.0,0,3,"Scenario D1 — Realistic 3 m/s
(Dynamic mass, 3 m/s)",
137.0,1500.0,3.0,55.85,5.3053,2.8502,7.081,10.95,500.0,0,3,"Scenario D1 — Realistic 3 m/s
(Dynamic mass, 3 m/s)",
138.0,1500.0,3.0,55.58,5.2805,2.8502,7.081,10.946,500.0,0,3,"Scenario D1 — Realistic 3 m/s
(Dynamic mass, 3 m/s)",
139.0,1500.0,3.0,55.32,5.2557,2.8502,7.081,10.942,500.0,0,3,"Scenario D1 — Realistic 3 m/s
(Dynamic mass, 3 m/s)",
140.0,1500.0,3.0,55.06,5.2309,2.8502,7.081,10.938,500.0,0,3,"Scenario D1 — Realistic 3 m/s
(Dynamic mass, 3 m/s)",
141.0,1500.0,3.0,54.8,5.2062,2.8502,7.081,10.933,500.0,0,3,"Scenario D1 — Realistic 3 m/s
(Dynamic mass, 3 m/s)",
142.0,1500.0,3.0,54.54,5.1814,2.8502,7.081,10.929,500.0,0,3,"Scenario D1 — Realistic 3 m/s
(Dynamic mass, 3 m/s)",
143.0,1500.0,3.0,54.28,5.1566,2.8502,7.081,10.925,500.0,0,3,"Scenario D1 — Realistic 3 m/s
(Dynamic mass, 3 m/s)",
144.0,1500.0,3.0,54.02,5.1318,2.8502,7.081,10.921,500.0,0,3,"Scenario D1 — Realistic 3 m/s
(Dynamic mass, 3 m/s)",
145.0,1500.0,3.0,53.76,5.107,2.8502,7.081,10.917,500.0,0,3,"Scenario D1 — Realistic 3 m/s
(Dynamic mass, 3 m/s)",
146.0,1500.0,3.0,53.5,5.0822,2.8502,7.081,10.913,500.0,0,3,"Scenario D1 — Realistic 3 m/s
(Dynamic mass, 3 m/s)",
147.0,1500.0,3.0,53.24,5.0574,2.8502,7.081,10.909,500.0,0,3,"Scenario D1 — Realistic 3 m/s
(Dynamic mass, 3 m/s)",
148.0,1500.0,3.0,52.98,5.0327,2.8502,7.081,10.905,500.0,0,3,"Scenario D1 — Realistic 3 m/s
(Dynamic mass, 3 m/s)",
149.0,1500.0,3.0,52.71,5.0079,2.8502,7.081,10.901,500.0,0,3,"Scenario D1 — Realistic 3 m/s
(Dynamic mass, 3 m/s)",
150.0,1500.0,3.0,52.45,4.9831,2.8502,7.081,10.897,500.0,0,3,"Scenario D1 — Realistic 3 m/s
(Dynamic mass, 3 m/s)",
151.0,1500.0,3.0,52.19,4.9583,2.8502,7.081,10.893,500.0,0,3,"Scenario D1 — Realistic 3 m/s
(Dynamic mass, 3 m/s)",
152.0,1500.0,3.0,51.93,4.9335,2.8502,7.081,10.889,500.0,0,3,"Scenario D1 — Realistic 3 m/s
(Dynamic mass, 3 m/s)",
153.0,1500.0,3.0,51.67,4.9087,2.8502,7.081,10.885,500.0,0,3,"Scenario D1 — Realistic 3 m/s
(Dynamic mass, 3 m/s)",
154.0,1500.0,3.0,51.41,4.884,2.8502,7.081,10.881,500.0,0,3,"Scenario D1 — Realistic 3 m/s
(Dynamic mass, 3 m/s)",
155.0,1500.0,3.0,51.15,4.8592,2.8502,7.081,10.877,500.0,0,3,"Scenario D1 — Realistic 3 m/s
(Dynamic mass, 3 m/s)",
156.0,1500.0,3.0,50.89,4.8344,2.8502,7.081,10.874,500.0,0,3,"Scenario D1 — Realistic 3 m/s
(Dynamic mass, 3 m/s)",
157.0,1500.0,3.0,50.63,4.8096,2.8502,7.081,10.87,500.0,0,3,"Scenario D1 — Realistic 3 m/s
(Dynamic mass, 3 m/s)",
158.0,1500.0,3.0,50.37,4.7848,2.8502,7.081,10.866,500.0,0,3,"Scenario D1 — Realistic 3 m/s
(Dynamic mass, 3 m/s)",
159.0,1500.0,3.0,50.11,4.76,2.8502,7.081,10.862,500.0,0,3,"Scenario D1 — Realistic 3 m/s
(Dynamic mass, 3 m/s)",
160.0,1500.0,3.0,49.84,4.7352,2.8502,7.081,10.859,500.0,0,3,"Scenario D1 — Realistic 3 m/s
(Dynamic mass, 3 m/s)",
161.0,1500.0,3.0,49.58,4.7105,2.8502,7.081,10.855,500.0,0,3,"Scenario D1 — Realistic 3 m/s
(Dynamic mass, 3 m/s)",
162.0,1500.0,3.0,49.32,4.6857,2.8502,7.081,10.851,500.0,0,3,"Scenario D1 — Realistic 3 m/s
(Dynamic mass, 3 m/s)",
163.0,1500.0,3.0,49.06,4.6609,2.8502,7.081,10.847,500.0,0,3,"Scenario D1 — Realistic 3 m/s
(Dynamic mass, 3 m/s)",
164.0,1500.0,3.0,48.8,4.6361,2.8502,7.081,10.844,500.0,0,3,"Scenario D1 — Realistic 3 m/s
(Dynamic mass, 3 m/s)",
165.0,1500.0,3.0,48.54,4.6113,2.8502,7.081,10.84,500.0,0,3,"Scenario D1 — Realistic 3 m/s
(Dynamic mass, 3 m/s)",
166.0,1500.0,3.0,48.28,4.5865,2.8502,7.081,10.836,500.0,0,3,"Scenario D1 — Realistic 3 m/s
(Dynamic mass, 3 m/s)",
167.0,1500.0,3.0,48.02,4.5618,2.8502,7.081,10.833,500.0,0,3,"Scenario D1 — Realistic 3 m/s
(Dynamic mass, 3 m/s)",
168.0,1500.0,3.0,47.76,4.537,2.8502,7.081,10.829,500.0,0,3,"Scenario D1 — Realistic 3 m/s
(Dynamic mass, 3 m/s)",
169.0,1500.0,3.0,47.5,4.5122,2.8502,7.081,10.825,500.0,0,3,"Scenario D1 — Realistic 3 m/s
(Dynamic mass, 3 m/s)",
170.0,1500.0,3.0,47.24,4.4874,2.8502,7.081,10.822,500.0,0,3,"Scenario D1 — Realistic 3 m/s
(Dynamic mass, 3 m/s)",
171.0,1500.0,3.0,46.97,4.4626,2.8502,7.081,10.818,500.0,0,3,"Scenario D1 — Realistic 3 m/s
(Dynamic mass, 3 m/s)",
172.0,1500.0,3.0,46.71,4.4378,2.8502,7.081,10.814,500.0,0,3,"Scenario D1 — Realistic 3 m/s
(Dynamic mass, 3 m/s)",
173.0,1500.0,3.0,46.45,4.4131,2.8502,7.081,10.811,500.0,0,3,"Scenario D1 — Realistic 3 m/s
(Dynamic mass, 3 m/s)",
174.0,1500.0,3.0,46.19,4.3883,2.8502,7.081,10.807,500.0,0,3,"Scenario D1 — Realistic 3 m/s
(Dynamic mass, 3 m/s)",
175.0,1500.0,3.0,45.93,4.3635,2.8502,7.081,10.803,500.0,0,3,"Scenario D1 — Realistic 3 m/s
(Dynamic mass, 3 m/s)",
176.0,1500.0,3.0,45.67,4.3387,2.8502,7.081,10.8,500.0,0,3,"Scenario D1 — Realistic 3 m/s
(Dynamic mass, 3 m/s)",
177.0,1500.0,3.0,45.41,4.3139,2.8502,7.081,10.796,500.0,0,3,"Scenario D1 — Realistic 3 m/s
(Dynamic mass, 3 m/s)",
178.0,1500.0,3.0,45.15,4.2891,2.8502,7.081,10.792,500.0,0,3,"Scenario D1 — Realistic 3 m/s
(Dynamic mass, 3 m/s)",
179.0,1500.0,3.0,44.89,4.2643,2.8502,7.081,10.788,500.0,0,3,"Scenario D1 — Realistic 3 m/s
(Dynamic mass, 3 m/s)",
180.0,1500.0,3.0,44.63,4.2396,2.8502,7.081,10.785,500.0,0,3,"Scenario D1 — Realistic 3 m/s
(Dynamic mass, 3 m/s)",
181.0,1500.0,3.0,44.37,4.2148,2.8502,7.081,10.781,500.0,0,3,"Scenario D1 — Realistic 3 m/s
(Dynamic mass, 3 m/s)",
182.0,1500.0,3.0,44.11,4.19,2.8502,7.081,10.777,500.0,0,3,"Scenario D1 — Realistic 3 m/s
(Dynamic mass, 3 m/s)",
183.0,1500.0,3.0,43.84,4.1652,2.8502,7.081,10.773,500.0,0,3,"Scenario D1 — Realistic 3 m/s
(Dynamic mass, 3 m/s)",
184.0,1500.0,3.0,43.58,4.1404,2.8502,7.081,10.77,500.0,0,3,"Scenario D1 — Realistic 3 m/s
(Dynamic mass, 3 m/s)",
185.0,1500.0,3.0,43.32,4.1156,2.8502,7.081,10.766,500.0,0,3,"Scenario D1 — Realistic 3 m/s
(Dynamic mass, 3 m/s)",
186.0,1500.0,3.0,43.06,4.0909,2.8502,7.081,10.762,500.0,0,3,"Scenario D1 — Realistic 3 m/s
(Dynamic mass, 3 m/s)",
187.0,1500.0,3.0,42.8,4.0661,2.8502,7.081,10.758,500.0,0,3,"Scenario D1 — Realistic 3 m/s
(Dynamic mass, 3 m/s)",
188.0,1500.0,3.0,42.54,4.0413,2.8502,7.081,10.754,500.0,0,3,"Scenario D1 — Realistic 3 m/s
(Dynamic mass, 3 m/s)",
189.0,1500.0,3.0,42.28,4.0165,2.8502,7.081,10.75,500.0,0,3,"Scenario D1 — Realistic 3 m/s
(Dynamic mass, 3 m/s)",
190.0,1500.0,3.0,42.02,3.9917,2.8502,7.081,10.746,500.0,0,3,"Scenario D1 — Realistic 3 m/s
(Dynamic mass, 3 m/s)",
191.0,1500.0,3.0,41.76,3.9669,2.8502,7.081,10.742,500.0,0,3,"Scenario D1 — Realistic 3 m/s
(Dynamic mass, 3 m/s)",
192.0,1500.0,3.0,41.5,3.9421,2.8502,7.081,10.738,500.0,0,3,"Scenario D1 — Realistic 3 m/s
(Dynamic mass, 3 m/s)",
193.0,1500.0,3.0,41.24,3.9174,2.8502,7.081,10.734,500.0,0,3,"Scenario D1 — Realistic 3 m/s
(Dynamic mass, 3 m/s)",
194.0,1500.0,3.0,40.97,3.8926,2.8502,7.081,10.73,500.0,0,3,"Scenario D1 — Realistic 3 m/s
(Dynamic mass, 3 m/s)",
195.0,1500.0,3.0,40.71,3.8678,2.8502,7.081,10.726,500.0,0,3,"Scenario D1 — Realistic 3 m/s
(Dynamic mass, 3 m/s)",
196.0,1500.0,3.0,40.45,3.843,2.8502,7.081,10.722,500.0,0,3,"Scenario D1 — Realistic 3 m/s
(Dynamic mass, 3 m/s)",
197.0,1500.0,3.0,40.19,3.8182,2.8502,7.081,10.717,500.0,0,3,"Scenario D1 — Realistic 3 m/s
(Dynamic mass, 3 m/s)",
198.0,1500.0,3.0,39.93,3.7934,2.8502,7.081,10.713,500.0,0,3,"Scenario D1 — Realistic 3 m/s
(Dynamic mass, 3 m/s)",
199.0,1500.0,3.0,39.67,3.7687,2.8502,7.081,10.709,500.0,0,3,"Scenario D1 — Realistic 3 m/s
(Dynamic mass, 3 m/s)",
200.0,1500.0,3.0,39.41,3.7439,2.8502,7.081,10.704,500.0,0,3,"Scenario D1 — Realistic 3 m/s
(Dynamic mass, 3 m/s)",
201.0,1500.0,3.0,39.15,3.7191,2.8502,7.081,10.7,500.0,0,3,"Scenario D1 — Realistic 3 m/s
(Dynamic mass, 3 m/s)",
202.0,1500.0,3.0,38.89,3.6943,2.8502,7.081,10.695,500.0,0,3,"Scenario D1 — Realistic 3 m/s
(Dynamic mass, 3 m/s)",
203.0,1500.0,3.0,38.63,3.6695,2.8502,7.081,10.691,500.0,0,3,"Scenario D1 — Realistic 3 m/s
(Dynamic mass, 3 m/s)",
204.0,1500.0,3.0,38.37,3.6447,2.8502,7.081,10.686,500.0,0,3,"Scenario D1 — Realistic 3 m/s
(Dynamic mass, 3 m/s)",
205.0,1500.0,3.0,38.1,3.6199,2.8502,7.081,10.681,500.0,0,3,"Scenario D1 — Realistic 3 m/s
(Dynamic mass, 3 m/s)",
206.0,1500.0,3.0,37.84,3.5952,2.8502,7.081,10.677,500.0,0,3,"Scenario D1 — Realistic 3 m/s
(Dynamic mass, 3 m/s)",
207.0,1500.0,3.0,37.58,3.5704,2.8502,7.081,10.672,500.0,0,3,"Scenario D1 — Realistic 3 m/s
(Dynamic mass, 3 m/s)",
208.0,1500.0,3.0,37.32,3.5456,2.8502,7.081,10.667,500.0,0,3,"Scenario D1 — Realistic 3 m/s
(Dynamic mass, 3 m/s)",
209.0,1500.0,3.0,37.06,3.5208,2.8502,7.081,10.662,500.0,0,3,"Scenario D1 — Realistic 3 m/s
(Dynamic mass, 3 m/s)",
210.0,1500.0,3.0,36.8,3.496,2.8502,7.081,10.657,500.0,0,3,"Scenario D1 — Realistic 3 m/s
(Dynamic mass, 3 m/s)",
211.0,1500.0,3.0,36.54,3.4712,2.8502,7.081,10.652,500.0,0,3,"Scenario D1 — Realistic 3 m/s
(Dynamic mass, 3 m/s)",
212.0,1500.0,3.0,36.28,3.4465,2.8502,7.081,10.646,500.0,0,3,"Scenario D1 — Realistic 3 m/s
(Dynamic mass, 3 m/s)",
213.0,1500.0,3.0,36.02,3.4217,2.8502,7.081,10.641,500.0,0,3,"Scenario D1 — Realistic 3 m/s
(Dynamic mass, 3 m/s)",
214.0,1500.0,3.0,35.76,3.3969,2.8502,7.081,10.636,500.0,0,3,"Scenario D1 — Realistic 3 m/s
(Dynamic mass, 3 m/s)",
215.0,1500.0,3.0,35.5,3.3721,2.8502,7.081,10.63,500.0,0,3,"Scenario D1 — Realistic 3 m/s
(Dynamic mass, 3 m/s)",
216.0,1500.0,3.0,35.23,3.3473,2.8502,7.081,10.624,500.0,0,3,"Scenario D1 — Realistic 3 m/s
(Dynamic mass, 3 m/s)",
217.0,1500.0,3.0,34.97,3.3225,2.8502,7.081,10.619,500.0,0,3,"Scenario D1 — Realistic 3 m/s
(Dynamic mass, 3 m/s)",
218.0,1500.0,3.0,34.71,3.2978,2.8502,7.081,10.613,500.0,0,3,"Scenario D1 — Realistic 3 m/s
(Dynamic mass, 3 m/s)",
219.0,1500.0,3.0,34.45,3.273,2.8502,7.081,10.607,500.0,0,3,"Scenario D1 — Realistic 3 m/s
(Dynamic mass, 3 m/s)",
220.0,1500.0,3.0,34.19,3.2482,2.8502,7.081,10.601,500.0,0,3,"Scenario D1 — Realistic 3 m/s
(Dynamic mass, 3 m/s)",
221.0,1500.0,3.0,33.93,3.2234,2.8502,7.081,10.595,500.0,0,3,"Scenario D1 — Realistic 3 m/s
(Dynamic mass, 3 m/s)",
222.0,1500.0,3.0,33.67,3.1986,2.8502,7.081,10.589,500.0,0,3,"Scenario D1 — Realistic 3 m/s
(Dynamic mass, 3 m/s)",
223.0,1500.0,3.0,33.41,3.1738,2.8502,7.081,10.582,500.0,0,3,"Scenario D1 — Realistic 3 m/s
(Dynamic mass, 3 m/s)",
224.0,1500.0,3.0,33.15,3.149,2.8502,7.081,10.576,500.0,0,3,"Scenario D1 — Realistic 3 m/s
(Dynamic mass, 3 m/s)",
225.0,1500.0,3.0,32.89,3.1243,2.8502,7.081,10.569,500.0,0,3,"Scenario D1 — Realistic 3 m/s
(Dynamic mass, 3 m/s)",
226.0,1500.0,3.0,32.63,3.0995,2.8502,7.081,10.562,500.0,0,3,"Scenario D1 — Realistic 3 m/s
(Dynamic mass, 3 m/s)",
227.0,1500.0,3.0,32.37,3.0747,2.8502,7.081,10.556,500.0,0,3,"Scenario D1 — Realistic 3 m/s
(Dynamic mass, 3 m/s)",
228.0,1500.0,3.0,32.1,3.0499,2.8502,7.081,10.549,500.0,0,3,"Scenario D1 — Realistic 3 m/s
(Dynamic mass, 3 m/s)",
229.0,1500.0,3.0,31.84,3.0251,2.8502,7.081,10.541,500.0,0,3,"Scenario D1 — Realistic 3 m/s
(Dynamic mass, 3 m/s)",
230.0,1500.0,3.0,31.58,3.0003,2.8502,7.081,10.534,500.0,0,3,"Scenario D1 — Realistic 3 m/s
(Dynamic mass, 3 m/s)",
231.0,1500.0,3.0,31.32,2.9756,2.8502,7.081,10.527,500.0,0,3,"Scenario D1 — Realistic 3 m/s
(Dynamic mass, 3 m/s)",
232.0,1500.0,3.0,31.06,2.9508,2.8502,7.081,10.519,500.0,0,3,"Scenario D1 — Realistic 3 m/s
(Dynamic mass, 3 m/s)",
233.0,1500.0,3.0,30.8,2.926,2.8502,7.081,10.511,500.0,0,3,"Scenario D1 — Realistic 3 m/s
(Dynamic mass, 3 m/s)",
234.0,1500.0,3.0,30.54,2.9012,2.8502,7.081,10.504,500.0,0,3,"Scenario D1 — Realistic 3 m/s
(Dynamic mass, 3 m/s)",
235.0,1500.0,3.0,30.28,2.8764,2.8502,7.081,10.496,500.0,0,3,"Scenario D1 — Realistic 3 m/s
(Dynamic mass, 3 m/s)",
236.0,1500.0,3.0,30.02,2.8516,2.8502,7.081,10.487,500.0,0,3,"Scenario D1 — Realistic 3 m/s
(Dynamic mass, 3 m/s)",
237.0,1500.0,3.0,29.76,2.8268,2.8502,7.081,10.479,500.0,1,3,"Scenario D1 — Realistic 3 m/s
(Dynamic mass, 3 m/s)",1000.0
0.0,2500.0,7.0,99.42,9.4445,0.1276,15.845,10.799,0.0,0,1,"Scenario D2 — Realistic 7 m/s
(Dynamic mass, 7 m/s)",
1.0,2483.3,7.0,98.84,9.3896,0.1264,15.704,10.817,5.0,0,1,"Scenario D2 — Realistic 7 m/s
(Dynamic mass, 7 m/s)",
2.0,2466.6,7.0,98.26,9.3351,0.1253,15.562,10.834,10.0,0,1,"Scenario D2 — Realistic 7 m/s
(Dynamic mass, 7 m/s)",
3.0,2449.9,7.0,97.7,9.2811,0.1862,15.422,10.849,15.0,0,1,"Scenario D2 — Realistic 7 m/s
(Dynamic mass, 7 m/s)",
4.0,2433.2,7.0,97.13,9.2276,0.246,15.281,10.864,20.0,0,1,"Scenario D2 — Realistic 7 m/s
(Dynamic mass, 7 m/s)",
5.0,2416.5,7.0,96.58,9.1747,0.3047,15.142,10.878,25.0,0,1,"Scenario D2 — Realistic 7 m/s
(Dynamic mass, 7 m/s)",
6.0,2399.8,7.0,96.02,9.1221,0.3623,15.002,10.891,30.0,0,1,"Scenario D2 — Realistic 7 m/s
(Dynamic mass, 7 m/s)",
7.0,2383.1,7.0,95.47,9.0701,0.4188,14.864,10.904,35.0,0,1,"Scenario D2 — Realistic 7 m/s
(Dynamic mass, 7 m/s)",
8.0,2366.4,7.0,94.93,9.0186,0.4742,14.725,10.916,40.0,0,1,"Scenario D2 — Realistic 7 m/s
(Dynamic mass, 7 m/s)",
9.0,2349.7,7.0,94.4,8.9675,0.5284,14.587,10.927,45.0,0,1,"Scenario D2 — Realistic 7 m/s
(Dynamic mass, 7 m/s)",
10.0,2333.0,7.0,93.86,8.917,0.5816,14.45,10.937,50.0,0,1,"Scenario D2 — Realistic 7 m/s
(Dynamic mass, 7 m/s)",
11.0,2316.3,7.0,93.34,8.8669,0.6337,14.313,10.947,55.0,0,1,"Scenario D2 — Realistic 7 m/s
(Dynamic mass, 7 m/s)",
12.0,2299.6,7.0,92.81,8.8172,0.6847,14.177,10.957,60.0,0,1,"Scenario D2 — Realistic 7 m/s
(Dynamic mass, 7 m/s)",
13.0,2282.9,7.0,92.3,8.7681,0.7347,14.041,10.966,65.0,0,1,"Scenario D2 — Realistic 7 m/s
(Dynamic mass, 7 m/s)",
14.0,2266.2,7.0,91.78,8.7194,0.7836,13.905,10.974,70.0,0,1,"Scenario D2 — Realistic 7 m/s
(Dynamic mass, 7 m/s)",
15.0,2249.5,7.0,91.28,8.6712,0.8314,13.771,10.982,75.0,0,1,"Scenario D2 — Realistic 7 m/s
(Dynamic mass, 7 m/s)",
16.0,2232.8,7.0,90.77,8.6235,0.8782,13.636,10.99,80.0,0,1,"Scenario D2 — Realistic 7 m/s
(Dynamic mass, 7 m/s)",
17.0,2216.1,7.0,90.28,8.5762,0.9239,13.502,10.997,85.0,0,1,"Scenario D2 — Realistic 7 m/s
(Dynamic mass, 7 m/s)",
18.0,2199.4,7.0,89.78,8.5295,0.9686,13.369,11.004,90.0,0,1,"Scenario D2 — Realistic 7 m/s
(Dynamic mass, 7 m/s)",
19.0,2182.7,7.0,89.3,8.4831,1.0122,13.236,11.011,95.0,0,1,"Scenario D2 — Realistic 7 m/s
(Dynamic mass, 7 m/s)",
20.0,2166.0,7.0,88.81,8.4373,1.0548,13.104,11.017,100.0,0,1,"Scenario D2 — Realistic 7 m/s
(Dynamic mass, 7 m/s)",
21.0,2149.3,7.0,88.34,8.3919,1.0964,12.972,11.023,105.0,0,1,"Scenario D2 — Realistic 7 m/s
(Dynamic mass, 7 m/s)",
22.0,2132.6,7.0,87.86,8.3469,1.137,12.84,11.029,110.0,0,1,"Scenario D2 — Realistic 7 m/s
(Dynamic mass, 7 m/s)",
23.0,2115.9,7.0,87.39,8.3024,1.1766,12.71,11.034,115.0,0,1,"Scenario D2 — Realistic 7 m/s
(Dynamic mass, 7 m/s)",
24.0,2099.2,7.0,86.93,8.2584,1.2152,12.579,11.04,120.0,0,1,"Scenario D2 — Realistic 7 m/s
(Dynamic mass, 7 m/s)",
25.0,2082.5,7.0,86.47,8.2148,1.2527,12.45,11.045,125.0,0,1,"Scenario D2 — Realistic 7 m/s
(Dynamic mass, 7 m/s)",
26.0,2065.8,7.0,86.02,8.1717,1.2893,12.32,11.05,130.0,0,1,"Scenario D2 — Realistic 7 m/s
(Dynamic mass, 7 m/s)",
27.0,2049.1,7.0,85.57,8.129,1.3249,12.191,11.055,135.0,0,1,"Scenario D2 — Realistic 7 m/s
(Dynamic mass, 7 m/s)",
28.0,2032.4,7.0,85.12,8.0868,1.3595,12.063,11.06,140.0,0,1,"Scenario D2 — Realistic 7 m/s
(Dynamic mass, 7 m/s)",
29.0,2015.7,7.0,84.68,8.045,1.3932,11.936,11.064,145.0,0,1,"Scenario D2 — Realistic 7 m/s
(Dynamic mass, 7 m/s)",
30.0,1999.0,7.0,84.25,8.0037,1.4259,11.808,11.069,150.0,0,1,"Scenario D2 — Realistic 7 m/s
(Dynamic mass, 7 m/s)",
31.0,1982.3,7.0,83.82,7.9628,1.4576,11.682,11.073,155.0,0,1,"Scenario D2 — Realistic 7 m/s
(Dynamic mass, 7 m/s)",
32.0,1965.6,7.0,83.39,7.9224,1.4884,11.556,11.078,160.0,0,1,"Scenario D2 — Realistic 7 m/s
(Dynamic mass, 7 m/s)",
33.0,1948.9,7.0,82.97,7.8824,1.5182,11.43,11.082,165.0,0,1,"Scenario D2 — Realistic 7 m/s
(Dynamic mass, 7 m/s)",
34.0,1932.2,7.0,82.56,7.8428,1.5471,11.305,11.086,170.0,0,1,"Scenario D2 — Realistic 7 m/s
(Dynamic mass, 7 m/s)",
35.0,1915.5,7.0,82.14,7.8037,1.575,11.18,11.09,175.0,0,1,"Scenario D2 — Realistic 7 m/s
(Dynamic mass, 7 m/s)",
36.0,1898.8,7.0,81.74,7.765,1.6021,11.056,11.094,180.0,0,1,"Scenario D2 — Realistic 7 m/s
(Dynamic mass, 7 m/s)",
37.0,1882.1,7.0,81.33,7.7267,1.6282,10.933,11.098,185.0,0,1,"Scenario D2 — Realistic 7 m/s
(Dynamic mass, 7 m/s)",
38.0,1865.4,7.0,80.94,7.6889,1.6534,10.81,11.102,190.0,0,1,"Scenario D2 — Realistic 7 m/s
(Dynamic mass, 7 m/s)",
39.0,1848.7,7.0,80.54,7.6515,1.6777,10.688,11.106,195.0,0,1,"Scenario D2 — Realistic 7 m/s
(Dynamic mass, 7 m/s)",
40.0,1832.0,7.0,80.15,7.6145,1.7011,10.566,11.11,200.0,0,1,"Scenario D2 — Realistic 7 m/s
(Dynamic mass, 7 m/s)",
41.0,1815.3,7.0,79.77,7.5779,1.7237,10.445,11.114,205.0,0,1,"Scenario D2 — Realistic 7 m/s
(Dynamic mass, 7 m/s)",
42.0,1798.6,7.0,79.39,7.5418,1.7453,10.324,11.118,210.0,0,1,"Scenario D2 — Realistic 7 m/s
(Dynamic mass, 7 m/s)",
43.0,1781.9,7.0,79.01,7.5061,1.7661,10.204,11.122,215.0,0,1,"Scenario D2 — Realistic 7 m/s
(Dynamic mass, 7 m/s)",
44.0,1765.2,7.0,78.64,7.4708,1.786,10.084,11.126,220.0,0,1,"Scenario D2 — Realistic 7 m/s
(Dynamic mass, 7 m/s)",
45.0,1748.5,7.0,78.27,7.4359,1.805,9.965,11.13,225.0,0,1,"Scenario D2 — Realistic 7 m/s
(Dynamic mass, 7 m/s)",
46.0,1731.8,7.0,77.91,7.4015,1.8232,9.847,11.135,230.0,0,1,"Scenario D2 — Realistic 7 m/s
(Dynamic mass, 7 m/s)",
47.0,1715.1,7.0,77.55,7.3674,1.8405,9.729,11.139,235.0,0,1,"Scenario D2 — Realistic 7 m/s
(Dynamic mass, 7 m/s)",
48.0,1698.4,7.0,77.2,7.3338,1.857,9.612,11.143,240.0,0,1,"Scenario D2 — Realistic 7 m/s
(Dynamic mass, 7 m/s)",
49.0,1681.7,7.0,76.85,7.3005,1.8727,9.495,11.147,245.0,0,1,"Scenario D2 — Realistic 7 m/s
(Dynamic mass, 7 m/s)",
50.0,1665.0,7.0,76.5,7.2677,1.8875,9.379,11.151,250.0,0,1,"Scenario D2 — Realistic 7 m/s
(Dynamic mass, 7 m/s)",
51.0,1648.3,7.0,76.16,7.2353,1.9016,9.264,11.155,255.0,0,1,"Scenario D2 — Realistic 7 m/s
(Dynamic mass, 7 m/s)",
52.0,1631.6,7.0,75.82,7.2033,1.9148,9.149,11.159,260.0,0,1,"Scenario D2 — Realistic 7 m/s
(Dynamic mass, 7 m/s)",
53.0,1614.9,7.0,75.49,7.1716,1.9272,9.034,11.164,265.0,0,1,"Scenario D2 — Realistic 7 m/s
(Dynamic mass, 7 m/s)",
54.0,1598.2,7.0,75.16,7.1404,1.9389,8.92,11.168,270.0,0,1,"Scenario D2 — Realistic 7 m/s
(Dynamic mass, 7 m/s)",
55.0,1581.5,7.0,74.84,7.1096,1.9497,8.807,11.172,275.0,0,1,"Scenario D2 — Realistic 7 m/s
(Dynamic mass, 7 m/s)",
56.0,1564.8,7.0,74.52,7.0792,1.9598,8.695,11.177,280.0,0,1,"Scenario D2 — Realistic 7 m/s
(Dynamic mass, 7 m/s)",
57.0,1548.1,7.0,74.2,7.0491,1.9691,8.583,11.181,285.0,0,1,"Scenario D2 — Realistic 7 m/s
(Dynamic mass, 7 m/s)",
58.0,1531.4,7.0,73.89,7.0195,1.9776,8.471,11.185,290.0,0,1,"Scenario D2 — Realistic 7 m/s
(Dynamic mass, 7 m/s)",
59.0,1514.7,7.0,73.58,6.9902,1.9854,8.36,11.19,295.0,0,1,"Scenario D2 — Realistic 7 m/s
(Dynamic mass, 7 m/s)",
60.0,1500.0,7.0,73.28,6.9613,1.9956,8.263,11.193,300.0,0,1,"Scenario D2 — Realistic 7 m/s
(Dynamic mass, 7 m/s)",
61.0,1500.0,7.0,72.97,6.9324,2.0289,8.263,11.185,305.0,0,1,"Scenario D2 — Realistic 7 m/s
(Dynamic mass, 7 m/s)",
62.0,1500.0,7.0,72.67,6.9034,2.0622,8.263,11.177,310.0,0,1,"Scenario D2 — Realistic 7 m/s
(Dynamic mass, 7 m/s)",
63.0,1500.0,7.0,72.36,6.8745,2.0954,8.263,11.169,315.0,0,1,"Scenario D2 — Realistic 7 m/s
(Dynamic mass, 7 m/s)",
64.0,1500.0,7.0,72.06,6.8456,2.1287,8.263,11.162,320.0,0,1,"Scenario D2 — Realistic 7 m/s
(Dynamic mass, 7 m/s)",
65.0,1500.0,7.0,71.75,6.8167,2.1619,8.263,11.154,325.0,0,1,"Scenario D2 — Realistic 7 m/s
(Dynamic mass, 7 m/s)",
66.0,1500.0,7.0,71.45,6.7878,2.1952,8.263,11.146,330.0,0,1,"Scenario D2 — Realistic 7 m/s
(Dynamic mass, 7 m/s)",
67.0,1500.0,7.0,71.15,6.7588,2.2285,8.263,11.139,335.0,0,1,"Scenario D2 — Realistic 7 m/s
(Dynamic mass, 7 m/s)",
68.0,1500.0,7.0,70.84,6.7299,2.2617,8.263,11.131,340.0,0,1,"Scenario D2 — Realistic 7 m/s
(Dynamic mass, 7 m/s)",
69.0,1500.0,7.0,70.54,6.701,2.295,8.263,11.124,345.0,0,1,"Scenario D2 — Realistic 7 m/s
(Dynamic mass, 7 m/s)",
70.0,1500.0,7.0,70.23,6.6721,2.3282,8.263,11.116,350.0,0,1,"Scenario D2 — Realistic 7 m/s
(Dynamic mass, 7 m/s)",
71.0,1500.0,7.0,69.93,6.6431,2.3615,8.263,11.109,355.0,0,1,"Scenario D2 — Realistic 7 m/s
(Dynamic mass, 7 m/s)",
72.0,1500.0,7.0,69.62,6.6142,2.3948,8.263,11.101,360.0,0,1,"Scenario D2 — Realistic 7 m/s
(Dynamic mass, 7 m/s)",
73.0,1500.0,7.0,69.32,6.5853,2.428,8.263,11.094,365.0,0,1,"Scenario D2 — Realistic 7 m/s
(Dynamic mass, 7 m/s)",
74.0,1500.0,7.0,69.01,6.5564,2.4613,8.263,11.086,370.0,0,1,"Scenario D2 — Realistic 7 m/s
(Dynamic mass, 7 m/s)",
75.0,1500.0,7.0,68.71,6.5275,2.4945,8.263,11.079,375.0,0,1,"Scenario D2 — Realistic 7 m/s
(Dynamic mass, 7 m/s)",
76.0,1500.0,7.0,68.41,6.4985,2.5278,8.263,11.072,380.0,0,1,"Scenario D2 — Realistic 7 m/s
(Dynamic mass, 7 m/s)",
77.0,1500.0,7.0,68.1,6.4696,2.5611,8.263,11.065,385.0,0,1,"Scenario D2 — Realistic 7 m/s
(Dynamic mass, 7 m/s)",
78.0,1500.0,7.0,67.8,6.4407,2.5943,8.263,11.057,390.0,0,1,"Scenario D2 — Realistic 7 m/s
(Dynamic mass, 7 m/s)",
79.0,1500.0,7.0,67.49,6.4118,2.6276,8.263,11.05,395.0,0,1,"Scenario D2 — Realistic 7 m/s
(Dynamic mass, 7 m/s)",
80.0,1500.0,7.0,67.19,6.3828,2.6608,8.263,11.043,400.0,0,1,"Scenario D2 — Realistic 7 m/s
(Dynamic mass, 7 m/s)",
81.0,1500.0,7.0,66.88,6.3539,2.6941,8.263,11.036,405.0,0,1,"Scenario D2 — Realistic 7 m/s
(Dynamic mass, 7 m/s)",
82.0,1500.0,7.0,66.58,6.325,2.7274,8.263,11.029,410.0,0,1,"Scenario D2 — Realistic 7 m/s
(Dynamic mass, 7 m/s)",
83.0,1500.0,7.0,66.27,6.2961,2.7606,8.263,11.022,415.0,0,1,"Scenario D2 — Realistic 7 m/s
(Dynamic mass, 7 m/s)",
84.0,1500.0,7.0,65.97,6.2672,2.7939,8.263,11.015,420.0,0,1,"Scenario D2 — Realistic 7 m/s
(Dynamic mass, 7 m/s)",
85.0,1500.0,7.0,65.67,6.2382,2.8271,8.263,11.008,425.0,0,1,"Scenario D2 — Realistic 7 m/s
(Dynamic mass, 7 m/s)",
86.0,1500.0,7.0,65.36,6.2093,2.8604,8.263,11.002,430.0,0,1,"Scenario D2 — Realistic 7 m/s
(Dynamic mass, 7 m/s)",
87.0,1500.0,7.0,65.06,6.1804,2.8937,8.263,10.995,435.0,0,1,"Scenario D2 — Realistic 7 m/s
(Dynamic mass, 7 m/s)",
88.0,1500.0,7.0,64.75,6.1515,2.9269,8.263,10.988,440.0,0,1,"Scenario D2 — Realistic 7 m/s
(Dynamic mass, 7 m/s)",
89.0,1500.0,7.0,64.45,6.1225,2.9602,8.263,10.982,445.0,0,1,"Scenario D2 — Realistic 7 m/s
(Dynamic mass, 7 m/s)",
90.0,1500.0,7.0,64.14,6.0936,2.9934,8.263,10.975,450.0,0,1,"Scenario D2 — Realistic 7 m/s
(Dynamic mass, 7 m/s)",
91.0,1500.0,7.0,63.84,6.0647,3.0267,8.263,10.969,455.0,0,1,"Scenario D2 — Realistic 7 m/s
(Dynamic mass, 7 m/s)",
92.0,1500.0,7.0,63.53,6.0358,3.06,8.263,10.962,460.0,0,1,"Scenario D2 — Realistic 7 m/s
(Dynamic mass, 7 m/s)",
93.0,1500.0,7.0,63.23,6.0069,3.0932,8.263,10.956,465.0,0,1,"Scenario D2 — Realistic 7 m/s
(Dynamic mass, 7 m/s)",
94.0,1500.0,7.0,62.93,5.9779,3.1265,8.263,10.949,470.0,0,1,"Scenario D2 — Realistic 7 m/s
(Dynamic mass, 7 m/s)",
95.0,1500.0,7.0,62.62,5.949,3.1598,8.263,10.943,475.0,0,1,"Scenario D2 — Realistic 7 m/s
(Dynamic mass, 7 m/s)",
96.0,1500.0,7.0,62.32,5.9201,3.193,8.263,10.937,480.0,0,1,"Scenario D2 — Realistic 7 m/s
(Dynamic mass, 7 m/s)",
97.0,1500.0,7.0,62.01,5.8912,3.2263,8.263,10.931,485.0,0,1,"Scenario D2 — Realistic 7 m/s
(Dynamic mass, 7 m/s)",
98.0,1500.0,7.0,61.71,5.8622,3.2595,8.263,10.925,490.0,0,1,"Scenario D2 — Realistic 7 m/s
(Dynamic mass, 7 m/s)",
99.0,1500.0,7.0,61.4,5.8333,3.2928,8.263,10.919,495.0,0,1,"Scenario D2 — Realistic 7 m/s
(Dynamic mass, 7 m/s)",
100.0,1500.0,7.0,61.1,5.8044,3.3261,8.263,10.913,500.0,0,1,"Scenario D2 — Realistic 7 m/s
(Dynamic mass, 7 m/s)",
101.0,1500.0,7.0,60.79,5.7755,3.3261,8.263,10.907,500.0,0,1,"Scenario D2 — Realistic 7 m/s
(Dynamic mass, 7 m/s)",
102.0,1500.0,7.0,60.49,5.7466,3.3261,8.263,10.901,500.0,0,1,"Scenario D2 — Realistic 7 m/s
(Dynamic mass, 7 m/s)",
103.0,1500.0,7.0,60.19,5.7176,3.3261,8.263,10.895,500.0,0,1,"Scenario D2 — Realistic 7 m/s
(Dynamic mass, 7 m/s)",
104.0,1500.0,7.0,59.88,5.6887,3.3261,8.263,10.889,500.0,0,1,"Scenario D2 — Realistic 7 m/s
(Dynamic mass, 7 m/s)",
105.0,1500.0,7.0,59.58,5.6598,3.3261,8.263,10.883,500.0,0,1,"Scenario D2 — Realistic 7 m/s
(Dynamic mass, 7 m/s)",
106.0,1500.0,7.0,59.27,5.6309,3.3261,8.263,10.878,500.0,0,1,"Scenario D2 — Realistic 7 m/s
(Dynamic mass, 7 m/s)",
107.0,1500.0,7.0,58.97,5.6019,3.3261,8.263,10.872,500.0,0,1,"Scenario D2 — Realistic 7 m/s
(Dynamic mass, 7 m/s)",
108.0,1500.0,7.0,58.66,5.573,3.3261,8.263,10.866,500.0,0,1,"Scenario D2 — Realistic 7 m/s
(Dynamic mass, 7 m/s)",
109.0,1500.0,7.0,58.36,5.5441,3.3261,8.263,10.861,500.0,0,1,"Scenario D2 — Realistic 7 m/s
(Dynamic mass, 7 m/s)",
110.0,1500.0,7.0,58.05,5.5152,3.3261,8.263,10.855,500.0,0,1,"Scenario D2 — Realistic 7 m/s
(Dynamic mass, 7 m/s)",
111.0,1500.0,7.0,57.75,5.4863,3.3261,8.263,10.85,500.0,0,1,"Scenario D2 — Realistic 7 m/s
(Dynamic mass, 7 m/s)",
112.0,1500.0,7.0,57.45,5.4573,3.3261,8.263,10.845,500.0,0,1,"Scenario D2 — Realistic 7 m/s
(Dynamic mass, 7 m/s)",
113.0,1500.0,7.0,57.14,5.4284,3.3261,8.263,10.839,500.0,0,1,"Scenario D2 — Realistic 7 m/s
(Dynamic mass, 7 m/s)",
114.0,1500.0,7.0,56.84,5.3995,3.3261,8.263,10.834,500.0,0,1,"Scenario D2 — Realistic 7 m/s
(Dynamic mass, 7 m/s)",
115.0,1500.0,7.0,56.53,5.3706,3.3261,8.263,10.829,500.0,0,1,"Scenario D2 — Realistic 7 m/s
(Dynamic mass, 7 m/s)",
116.0,1500.0,7.0,56.23,5.3416,3.3261,8.263,10.824,500.0,0,1,"Scenario D2 — Realistic 7 m/s
(Dynamic mass, 7 m/s)",
117.0,1500.0,7.0,55.92,5.3127,3.3261,8.263,10.819,500.0,0,1,"Scenario D2 — Realistic 7 m/s
(Dynamic mass, 7 m/s)",
118.0,1500.0,7.0,55.62,5.2838,3.3261,8.263,10.813,500.0,0,1,"Scenario D2 — Realistic 7 m/s
(Dynamic mass, 7 m/s)",
119.0,1500.0,7.0,55.31,5.2549,3.3261,8.263,10.808,500.0,0,1,"Scenario D2 — Realistic 7 m/s
(Dynamic mass, 7 m/s)",
120.0,1500.0,7.0,55.01,5.226,3.3261,8.263,10.803,500.0,0,1,"Scenario D2 — Realistic 7 m/s
(Dynamic mass, 7 m/s)",
121.0,1500.0,7.0,54.71,5.197,3.3261,8.263,10.798,500.0,0,1,"Scenario D2 — Realistic 7 m/s
(Dynamic mass, 7 m/s)",
122.0,1500.0,7.0,54.4,5.1681,3.3261,8.263,10.793,500.0,0,1,"Scenario D2 — Realistic 7 m/s
(Dynamic mass, 7 m/s)",
123.0,1500.0,7.0,54.1,5.1392,3.3261,8.263,10.789,500.0,0,1,"Scenario D2 — Realistic 7 m/s
(Dynamic mass, 7 m/s)",
124.0,1500.0,7.0,53.79,5.1103,3.3261,8.263,10.784,500.0,0,1,"Scenario D2 — Realistic 7 m/s
(Dynamic mass, 7 m/s)",
125.0,1500.0,7.0,53.49,5.0813,3.3261,8.263,10.779,500.0,0,1,"Scenario D2 — Realistic 7 m/s
(Dynamic mass, 7 m/s)",
126.0,1500.0,7.0,53.18,5.0524,3.3261,8.263,10.774,500.0,0,1,"Scenario D2 — Realistic 7 m/s
(Dynamic mass, 7 m/s)",
127.0,1500.0,7.0,52.88,5.0235,3.3261,8.263,10.769,500.0,0,1,"Scenario D2 — Realistic 7 m/s
(Dynamic mass, 7 m/s)",
128.0,1500.0,7.0,52.57,4.9946,3.3261,8.263,10.765,500.0,0,1,"Scenario D2 — Realistic 7 m/s
(Dynamic mass, 7 m/s)",
129.0,1500.0,7.0,52.27,4.9657,3.3261,8.263,10.76,500.0,0,1,"Scenario D2 — Realistic 7 m/s
(Dynamic mass, 7 m/s)",
130.0,1500.0,7.0,51.97,4.9367,3.3261,8.263,10.755,500.0,0,1,"Scenario D2 — Realistic 7 m/s
(Dynamic mass, 7 m/s)",
131.0,1500.0,7.0,51.66,4.9078,3.3261,8.263,10.751,500.0,0,1,"Scenario D2 — Realistic 7 m/s
(Dynamic mass, 7 m/s)",
132.0,1500.0,7.0,51.36,4.8789,3.3261,8.263,10.746,500.0,0,1,"Scenario D2 — Realistic 7 m/s
(Dynamic mass, 7 m/s)",
133.0,1500.0,7.0,51.05,4.85,3.3261,8.263,10.742,500.0,0,1,"Scenario D2 — Realistic 7 m/s
(Dynamic mass, 7 m/s)",
134.0,1500.0,7.0,50.75,4.821,3.3261,8.263,10.737,500.0,0,1,"Scenario D2 — Realistic 7 m/s
(Dynamic mass, 7 m/s)",
135.0,1500.0,7.0,50.44,4.7921,3.3261,8.263,10.733,500.0,0,1,"Scenario D2 — Realistic 7 m/s
(Dynamic mass, 7 m/s)",
136.0,1500.0,7.0,50.14,4.7632,3.3261,8.263,10.728,500.0,0,1,"Scenario D2 — Realistic 7 m/s
(Dynamic mass, 7 m/s)",
137.0,1500.0,7.0,49.83,4.7343,3.3261,8.263,10.724,500.0,0,1,"Scenario D2 — Realistic 7 m/s
(Dynamic mass, 7 m/s)",
138.0,1500.0,7.0,49.53,4.7054,3.3261,8.263,10.719,500.0,0,1,"Scenario D2 — Realistic 7 m/s
(Dynamic mass, 7 m/s)",
139.0,1500.0,7.0,49.23,4.6764,3.3261,8.263,10.715,500.0,0,1,"Scenario D2 — Realistic 7 m/s
(Dynamic mass, 7 m/s)",
140.0,1500.0,7.0,48.92,4.6475,3.3261,8.263,10.71,500.0,0,1,"Scenario D2 — Realistic 7 m/s
(Dynamic mass, 7 m/s)",
141.0,1500.0,7.0,48.62,4.6186,3.3261,8.263,10.706,500.0,0,1,"Scenario D2 — Realistic 7 m/s
(Dynamic mass, 7 m/s)",
142.0,1500.0,7.0,48.31,4.5897,3.3261,8.263,10.701,500.0,0,1,"Scenario D2 — Realistic 7 m/s
(Dynamic mass, 7 m/s)",
143.0,1500.0,7.0,48.01,4.5607,3.3261,8.263,10.697,500.0,0,1,"Scenario D2 — Realistic 7 m/s
(Dynamic mass, 7 m/s)",
144.0,1500.0,7.0,47.7,4.5318,3.3261,8.263,10.693,500.0,0,1,"Scenario D2 — Realistic 7 m/s
(Dynamic mass, 7 m/s)",
145.0,1500.0,7.0,47.4,4.5029,3.3261,8.263,10.688,500.0,0,1,"Scenario D2 — Realistic 7 m/s
(Dynamic mass, 7 m/s)",
146.0,1500.0,7.0,47.09,4.474,3.3261,8.263,10.684,500.0,0,1,"Scenario D2 — Realistic 7 m/s
(Dynamic mass, 7 m/s)",
147.0,1500.0,7.0,46.79,4.4451,3.3261,8.263,10.679,500.0,0,1,"Scenario D2 — Realistic 7 m/s
(Dynamic mass, 7 m/s)",
148.0,1500.0,7.0,46.49,4.4161,3.3261,8.263,10.675,500.0,0,1,"Scenario D2 — Realistic 7 m/s
(Dynamic mass, 7 m/s)",
149.0,1500.0,7.0,46.18,4.3872,3.3261,8.263,10.671,500.0,0,1,"Scenario D2 — Realistic 7 m/s
(Dynamic mass, 7 m/s)",
150.0,1500.0,7.0,45.88,4.3583,3.3261,8.263,10.666,500.0,0,1,"Scenario D2 — Realistic 7 m/s
(Dynamic mass, 7 m/s)",
151.0,1500.0,7.0,45.57,4.3294,3.3261,8.263,10.662,500.0,0,1,"Scenario D2 — Realistic 7 m/s
(Dynamic mass, 7 m/s)",
152.0,1500.0,7.0,45.27,4.3004,3.3261,8.263,10.657,500.0,0,1,"Scenario D2 — Realistic 7 m/s
(Dynamic mass, 7 m/s)",
153.0,1500.0,7.0,44.96,4.2715,3.3261,8.263,10.653,500.0,0,1,"Scenario D2 — Realistic 7 m/s
(Dynamic mass, 7 m/s)",
154.0,1500.0,7.0,44.66,4.2426,3.3261,8.263,10.648,500.0,0,1,"Scenario D2 — Realistic 7 m/s
(Dynamic mass, 7 m/s)",
155.0,1500.0,7.0,44.35,4.2137,3.3261,8.263,10.644,500.0,0,1,"Scenario D2 — Realistic 7 m/s
(Dynamic mass, 7 m/s)",
156.0,1500.0,7.0,44.05,4.1848,3.3261,8.263,10.639,500.0,0,1,"Scenario D2 — Realistic 7 m/s
(Dynamic mass, 7 m/s)",
157.0,1500.0,7.0,43.75,4.1558,3.3261,8.263,10.634,500.0,0,1,"Scenario D2 — Realistic 7 m/s
(Dynamic mass, 7 m/s)",
158.0,1500.0,7.0,43.44,4.1269,3.3261,8.263,10.63,500.0,0,1,"Scenario D2 — Realistic 7 m/s
(Dynamic mass, 7 m/s)",
159.0,1500.0,7.0,43.14,4.098,3.3261,8.263,10.625,500.0,0,1,"Scenario D2 — Realistic 7 m/s
(Dynamic mass, 7 m/s)",
160.0,1500.0,7.0,42.83,4.0691,3.3261,8.263,10.62,500.0,0,1,"Scenario D2 — Realistic 7 m/s
(Dynamic mass, 7 m/s)",
161.0,1500.0,7.0,42.53,4.0401,3.3261,8.263,10.616,500.0,0,1,"Scenario D2 — Realistic 7 m/s
(Dynamic mass, 7 m/s)",
162.0,1500.0,7.0,42.22,4.0112,3.3261,8.263,10.611,500.0,0,1,"Scenario D2 — Realistic 7 m/s
(Dynamic mass, 7 m/s)",
163.0,1500.0,7.0,41.92,3.9823,3.3261,8.263,10.606,500.0,0,1,"Scenario D2 — Realistic 7 m/s
(Dynamic mass, 7 m/s)",
164.0,1500.0,7.0,41.61,3.9534,3.3261,8.263,10.601,500.0,0,1,"Scenario D2 — Realistic 7 m/s
(Dynamic mass, 7 m/s)",
165.0,1500.0,7.0,41.31,3.9245,3.3261,8.263,10.596,500.0,0,1,"Scenario D2 — Realistic 7 m/s
(Dynamic mass, 7 m/s)",
166.0,1500.0,7.0,41.01,3.8955,3.3261,8.263,10.591,500.0,0,1,"Scenario D2 — Realistic 7 m/s
(Dynamic mass, 7 m/s)",
167.0,1500.0,7.0,40.7,3.8666,3.3261,8.263,10.586,500.0,0,1,"Scenario D2 — Realistic 7 m/s
(Dynamic mass, 7 m/s)",
168.0,1500.0,7.0,40.4,3.8377,3.3261,8.263,10.581,500.0,0,1,"Scenario D2 — Realistic 7 m/s
(Dynamic mass, 7 m/s)",
169.0,1500.0,7.0,40.09,3.8088,3.3261,8.263,10.576,500.0,0,1,"Scenario D2 — Realistic 7 m/s
(Dynamic mass, 7 m/s)",
170.0,1500.0,7.0,39.79,3.7798,3.3261,8.263,10.571,500.0,0,1,"Scenario D2 — Realistic 7 m/s
(Dynamic mass, 7 m/s)",
171.0,1500.0,7.0,39.48,3.7509,3.3261,8.263,10.565,500.0,0,1,"Scenario D2 — Realistic 7 m/s
(Dynamic mass, 7 m/s)",
172.0,1500.0,7.0,39.18,3.722,3.3261,8.263,10.56,500.0,0,1,"Scenario D2 — Realistic 7 m/s
(Dynamic mass, 7 m/s)",
173.0,1500.0,7.0,38.87,3.6931,3.3261,8.263,10.554,500.0,0,1,"Scenario D2 — Realistic 7 m/s
(Dynamic mass, 7 m/s)",
174.0,1500.0,7.0,38.57,3.6642,3.3261,8.263,10.549,500.0,0,1,"Scenario D2 — Realistic 7 m/s
(Dynamic mass, 7 m/s)",
175.0,1500.0,7.0,38.27,3.6352,3.3261,8.263,10.543,500.0,0,1,"Scenario D2 — Realistic 7 m/s
(Dynamic mass, 7 m/s)",
176.0,1500.0,7.0,37.96,3.6063,3.3261,8.263,10.537,500.0,0,1,"Scenario D2 — Realistic 7 m/s
(Dynamic mass, 7 m/s)",
177.0,1500.0,7.0,37.66,3.5774,3.3261,8.263,10.531,500.0,0,1,"Scenario D2 — Realistic 7 m/s
(Dynamic mass, 7 m/s)",
178.0,1500.0,7.0,37.35,3.5485,3.3261,8.263,10.525,500.0,0,1,"Scenario D2 — Realistic 7 m/s
(Dynamic mass, 7 m/s)",
179.0,1500.0,7.0,37.05,3.5195,3.3261,8.263,10.519,500.0,0,1,"Scenario D2 — Realistic 7 m/s
(Dynamic mass, 7 m/s)",
180.0,1500.0,7.0,36.74,3.4906,3.3261,8.263,10.513,500.0,0,1,"Scenario D2 — Realistic 7 m/s
(Dynamic mass, 7 m/s)",
181.0,1500.0,7.0,36.44,3.4617,3.3261,8.263,10.506,500.0,0,1,"Scenario D2 — Realistic 7 m/s
(Dynamic mass, 7 m/s)",
182.0,1500.0,7.0,36.13,3.4328,3.3261,8.263,10.5,500.0,0,1,"Scenario D2 — Realistic 7 m/s
(Dynamic mass, 7 m/s)",
183.0,1500.0,7.0,35.83,3.4039,3.3261,8.263,10.493,500.0,0,1,"Scenario D2 — Realistic 7 m/s
(Dynamic mass, 7 m/s)",
184.0,1500.0,7.0,35.53,3.3749,3.3261,8.263,10.487,500.0,0,1,"Scenario D2 — Realistic 7 m/s
(Dynamic mass, 7 m/s)",
185.0,1500.0,7.0,35.22,3.346,3.3261,8.263,10.48,500.0,0,1,"Scenario D2 — Realistic 7 m/s
(Dynamic mass, 7 m/s)",
186.0,1500.0,7.0,34.92,3.3171,3.3261,8.263,10.473,500.0,1,1,"Scenario D2 — Realistic 7 m/s
(Dynamic mass, 7 m/s)",1000.0
0.0,2500.0,7.0,99.42,9.4445,0.1276,15.845,10.799,0.0,0,2,"Scenario D2 — Realistic 7 m/s
(Dynamic mass, 7 m/s)",
1.0,2483.3,7.0,98.84,9.3896,0.1264,15.704,10.817,5.0,0,2,"Scenario D2 — Realistic 7 m/s
(Dynamic mass, 7 m/s)",
2.0,2466.6,7.0,98.26,9.3351,0.1253,15.562,10.834,10.0,0,2,"Scenario D2 — Realistic 7 m/s
(Dynamic mass, 7 m/s)",
3.0,2449.9,7.0,97.7,9.2811,0.1862,15.422,10.849,15.0,0,2,"Scenario D2 — Realistic 7 m/s
(Dynamic mass, 7 m/s)",
4.0,2433.2,7.0,97.13,9.2276,0.246,15.281,10.864,20.0,0,2,"Scenario D2 — Realistic 7 m/s
(Dynamic mass, 7 m/s)",
5.0,2416.5,7.0,96.58,9.1747,0.3047,15.142,10.878,25.0,0,2,"Scenario D2 — Realistic 7 m/s
(Dynamic mass, 7 m/s)",
6.0,2399.8,7.0,96.02,9.1221,0.3623,15.002,10.891,30.0,0,2,"Scenario D2 — Realistic 7 m/s
(Dynamic mass, 7 m/s)",
7.0,2383.1,7.0,95.47,9.0701,0.4188,14.864,10.904,35.0,0,2,"Scenario D2 — Realistic 7 m/s
(Dynamic mass, 7 m/s)",
8.0,2366.4,7.0,94.93,9.0186,0.4742,14.725,10.916,40.0,0,2,"Scenario D2 — Realistic 7 m/s
(Dynamic mass, 7 m/s)",
9.0,2349.7,7.0,94.4,8.9675,0.5284,14.587,10.927,45.0,0,2,"Scenario D2 — Realistic 7 m/s
(Dynamic mass, 7 m/s)",
10.0,2333.0,7.0,93.86,8.917,0.5816,14.45,10.937,50.0,0,2,"Scenario D2 — Realistic 7 m/s
(Dynamic mass, 7 m/s)",
11.0,2316.3,7.0,93.34,8.8669,0.6337,14.313,10.947,55.0,0,2,"Scenario D2 — Realistic 7 m/s
(Dynamic mass, 7 m/s)",
12.0,2299.6,7.0,92.81,8.8172,0.6847,14.177,10.957,60.0,0,2,"Scenario D2 — Realistic 7 m/s
(Dynamic mass, 7 m/s)",
13.0,2282.9,7.0,92.3,8.7681,0.7347,14.041,10.966,65.0,0,2,"Scenario D2 — Realistic 7 m/s
(Dynamic mass, 7 m/s)",
14.0,2266.2,7.0,91.78,8.7194,0.7836,13.905,10.974,70.0,0,2,"Scenario D2 — Realistic 7 m/s
(Dynamic mass, 7 m/s)",
15.0,2249.5,7.0,91.28,8.6712,0.8314,13.771,10.982,75.0,0,2,"Scenario D2 — Realistic 7 m/s
(Dynamic mass, 7 m/s)",
16.0,2232.8,7.0,90.77,8.6235,0.8782,13.636,10.99,80.0,0,2,"Scenario D2 — Realistic 7 m/s
(Dynamic mass, 7 m/s)",
17.0,2216.1,7.0,90.28,8.5762,0.9239,13.502,10.997,85.0,0,2,"Scenario D2 — Realistic 7 m/s
(Dynamic mass, 7 m/s)",
18.0,2199.4,7.0,89.78,8.5295,0.9686,13.369,11.004,90.0,0,2,"Scenario D2 — Realistic 7 m/s
(Dynamic mass, 7 m/s)",
19.0,2182.7,7.0,89.3,8.4831,1.0122,13.236,11.011,95.0,0,2,"Scenario D2 — Realistic 7 m/s
(Dynamic mass, 7 m/s)",
20.0,2166.0,7.0,88.81,8.4373,1.0548,13.104,11.017,100.0,0,2,"Scenario D2 — Realistic 7 m/s
(Dynamic mass, 7 m/s)",
21.0,2149.3,7.0,88.34,8.3919,1.0964,12.972,11.023,105.0,0,2,"Scenario D2 — Realistic 7 m/s
(Dynamic mass, 7 m/s)",
22.0,2132.6,7.0,87.86,8.3469,1.137,12.84,11.029,110.0,0,2,"Scenario D2 — Realistic 7 m/s
(Dynamic mass, 7 m/s)",
23.0,2115.9,7.0,87.39,8.3024,1.1766,12.71,11.034,115.0,0,2,"Scenario D2 — Realistic 7 m/s
(Dynamic mass, 7 m/s)",
24.0,2099.2,7.0,86.93,8.2584,1.2152,12.579,11.04,120.0,0,2,"Scenario D2 — Realistic 7 m/s
(Dynamic mass, 7 m/s)",
25.0,2082.5,7.0,86.47,8.2148,1.2527,12.45,11.045,125.0,0,2,"Scenario D2 — Realistic 7 m/s
(Dynamic mass, 7 m/s)",
26.0,2065.8,7.0,86.02,8.1717,1.2893,12.32,11.05,130.0,0,2,"Scenario D2 — Realistic 7 m/s
(Dynamic mass, 7 m/s)",
27.0,2049.1,7.0,85.57,8.129,1.3249,12.191,11.055,135.0,0,2,"Scenario D2 — Realistic 7 m/s
(Dynamic mass, 7 m/s)",
28.0,2032.4,7.0,85.12,8.0868,1.3595,12.063,11.06,140.0,0,2,"Scenario D2 — Realistic 7 m/s
(Dynamic mass, 7 m/s)",
29.0,2015.7,7.0,84.68,8.045,1.3932,11.936,11.064,145.0,0,2,"Scenario D2 — Realistic 7 m/s
(Dynamic mass, 7 m/s)",
30.0,1999.0,7.0,84.25,8.0037,1.4259,11.808,11.069,150.0,0,2,"Scenario D2 — Realistic 7 m/s
(Dynamic mass, 7 m/s)",
31.0,1982.3,7.0,83.82,7.9628,1.4576,11.682,11.073,155.0,0,2,"Scenario D2 — Realistic 7 m/s
(Dynamic mass, 7 m/s)",
32.0,1965.6,7.0,83.39,7.9224,1.4884,11.556,11.078,160.0,0,2,"Scenario D2 — Realistic 7 m/s
(Dynamic mass, 7 m/s)",
33.0,1948.9,7.0,82.97,7.8824,1.5182,11.43,11.082,165.0,0,2,"Scenario D2 — Realistic 7 m/s
(Dynamic mass, 7 m/s)",
34.0,1932.2,7.0,82.56,7.8428,1.5471,11.305,11.086,170.0,0,2,"Scenario D2 — Realistic 7 m/s
(Dynamic mass, 7 m/s)",
35.0,1915.5,7.0,82.14,7.8037,1.575,11.18,11.09,175.0,0,2,"Scenario D2 — Realistic 7 m/s
(Dynamic mass, 7 m/s)",
36.0,1898.8,7.0,81.74,7.765,1.6021,11.056,11.094,180.0,0,2,"Scenario D2 — Realistic 7 m/s
(Dynamic mass, 7 m/s)",
37.0,1882.1,7.0,81.33,7.7267,1.6282,10.933,11.098,185.0,0,2,"Scenario D2 — Realistic 7 m/s
(Dynamic mass, 7 m/s)",
38.0,1865.4,7.0,80.94,7.6889,1.6534,10.81,11.102,190.0,0,2,"Scenario D2 — Realistic 7 m/s
(Dynamic mass, 7 m/s)",
39.0,1848.7,7.0,80.54,7.6515,1.6777,10.688,11.106,195.0,0,2,"Scenario D2 — Realistic 7 m/s
(Dynamic mass, 7 m/s)",
40.0,1832.0,7.0,80.15,7.6145,1.7011,10.566,11.11,200.0,0,2,"Scenario D2 — Realistic 7 m/s
(Dynamic mass, 7 m/s)",
41.0,1815.3,7.0,79.77,7.5779,1.7237,10.445,11.114,205.0,0,2,"Scenario D2 — Realistic 7 m/s
(Dynamic mass, 7 m/s)",
42.0,1798.6,7.0,79.39,7.5418,1.7453,10.324,11.118,210.0,0,2,"Scenario D2 — Realistic 7 m/s
(Dynamic mass, 7 m/s)",
43.0,1781.9,7.0,79.01,7.5061,1.7661,10.204,11.122,215.0,0,2,"Scenario D2 — Realistic 7 m/s
(Dynamic mass, 7 m/s)",
44.0,1765.2,7.0,78.64,7.4708,1.786,10.084,11.126,220.0,0,2,"Scenario D2 — Realistic 7 m/s
(Dynamic mass, 7 m/s)",
45.0,1748.5,7.0,78.27,7.4359,1.805,9.965,11.13,225.0,0,2,"Scenario D2 — Realistic 7 m/s
(Dynamic mass, 7 m/s)",
46.0,1731.8,7.0,77.91,7.4015,1.8232,9.847,11.135,230.0,0,2,"Scenario D2 — Realistic 7 m/s
(Dynamic mass, 7 m/s)",
47.0,1715.1,7.0,77.55,7.3674,1.8405,9.729,11.139,235.0,0,2,"Scenario D2 — Realistic 7 m/s
(Dynamic mass, 7 m/s)",
48.0,1698.4,7.0,77.2,7.3338,1.857,9.612,11.143,240.0,0,2,"Scenario D2 — Realistic 7 m/s
(Dynamic mass, 7 m/s)",
49.0,1681.7,7.0,76.85,7.3005,1.8727,9.495,11.147,245.0,0,2,"Scenario D2 — Realistic 7 m/s
(Dynamic mass, 7 m/s)",
50.0,1665.0,7.0,76.5,7.2677,1.8875,9.379,11.151,250.0,0,2,"Scenario D2 — Realistic 7 m/s
(Dynamic mass, 7 m/s)",
51.0,1648.3,7.0,76.16,7.2353,1.9016,9.264,11.155,255.0,0,2,"Scenario D2 — Realistic 7 m/s
(Dynamic mass, 7 m/s)",
52.0,1631.6,7.0,75.82,7.2033,1.9148,9.149,11.159,260.0,0,2,"Scenario D2 — Realistic 7 m/s
(Dynamic mass, 7 m/s)",
53.0,1614.9,7.0,75.49,7.1716,1.9272,9.034,11.164,265.0,0,2,"Scenario D2 — Realistic 7 m/s
(Dynamic mass, 7 m/s)",
54.0,1598.2,7.0,75.16,7.1404,1.9389,8.92,11.168,270.0,0,2,"Scenario D2 — Realistic 7 m/s
(Dynamic mass, 7 m/s)",
55.0,1581.5,7.0,74.84,7.1096,1.9497,8.807,11.172,275.0,0,2,"Scenario D2 — Realistic 7 m/s
(Dynamic mass, 7 m/s)",
56.0,1564.8,7.0,74.52,7.0792,1.9598,8.695,11.177,280.0,0,2,"Scenario D2 — Realistic 7 m/s
(Dynamic mass, 7 m/s)",
57.0,1548.1,7.0,74.2,7.0491,1.9691,8.583,11.181,285.0,0,2,"Scenario D2 — Realistic 7 m/s
(Dynamic mass, 7 m/s)",
58.0,1531.4,7.0,73.89,7.0195,1.9776,8.471,11.185,290.0,0,2,"Scenario D2 — Realistic 7 m/s
(Dynamic mass, 7 m/s)",
59.0,1514.7,7.0,73.58,6.9902,1.9854,8.36,11.19,295.0,0,2,"Scenario D2 — Realistic 7 m/s
(Dynamic mass, 7 m/s)",
60.0,1500.0,7.0,73.28,6.9613,1.9956,8.263,11.193,300.0,0,2,"Scenario D2 — Realistic 7 m/s
(Dynamic mass, 7 m/s)",
61.0,1500.0,7.0,72.97,6.9324,2.0289,8.263,11.185,305.0,0,2,"Scenario D2 — Realistic 7 m/s
(Dynamic mass, 7 m/s)",
62.0,1500.0,7.0,72.67,6.9034,2.0622,8.263,11.177,310.0,0,2,"Scenario D2 — Realistic 7 m/s
(Dynamic mass, 7 m/s)",
63.0,1500.0,7.0,72.36,6.8745,2.0954,8.263,11.169,315.0,0,2,"Scenario D2 — Realistic 7 m/s
(Dynamic mass, 7 m/s)",
64.0,1500.0,7.0,72.06,6.8456,2.1287,8.263,11.162,320.0,0,2,"Scenario D2 — Realistic 7 m/s
(Dynamic mass, 7 m/s)",
65.0,1500.0,7.0,71.75,6.8167,2.1619,8.263,11.154,325.0,0,2,"Scenario D2 — Realistic 7 m/s
(Dynamic mass, 7 m/s)",
66.0,1500.0,7.0,71.45,6.7878,2.1952,8.263,11.146,330.0,0,2,"Scenario D2 — Realistic 7 m/s
(Dynamic mass, 7 m/s)",
67.0,1500.0,7.0,71.15,6.7588,2.2285,8.263,11.139,335.0,0,2,"Scenario D2 — Realistic 7 m/s
(Dynamic mass, 7 m/s)",
68.0,1500.0,7.0,70.84,6.7299,2.2617,8.263,11.131,340.0,0,2,"Scenario D2 — Realistic 7 m/s
(Dynamic mass, 7 m/s)",
69.0,1500.0,7.0,70.54,6.701,2.295,8.263,11.124,345.0,0,2,"Scenario D2 — Realistic 7 m/s
(Dynamic mass, 7 m/s)",
70.0,1500.0,7.0,70.23,6.6721,2.3282,8.263,11.116,350.0,0,2,"Scenario D2 — Realistic 7 m/s
(Dynamic mass, 7 m/s)",
71.0,1500.0,7.0,69.93,6.6431,2.3615,8.263,11.109,355.0,0,2,"Scenario D2 — Realistic 7 m/s
(Dynamic mass, 7 m/s)",
72.0,1500.0,7.0,69.62,6.6142,2.3948,8.263,11.101,360.0,0,2,"Scenario D2 — Realistic 7 m/s
(Dynamic mass, 7 m/s)",
73.0,1500.0,7.0,69.32,6.5853,2.428,8.263,11.094,365.0,0,2,"Scenario D2 — Realistic 7 m/s
(Dynamic mass, 7 m/s)",
74.0,1500.0,7.0,69.01,6.5564,2.4613,8.263,11.086,370.0,0,2,"Scenario D2 — Realistic 7 m/s
(Dynamic mass, 7 m/s)",
75.0,1500.0,7.0,68.71,6.5275,2.4945,8.263,11.079,375.0,0,2,"Scenario D2 — Realistic 7 m/s
(Dynamic mass, 7 m/s)",
76.0,1500.0,7.0,68.41,6.4985,2.5278,8.263,11.072,380.0,0,2,"Scenario D2 — Realistic 7 m/s
(Dynamic mass, 7 m/s)",
77.0,1500.0,7.0,68.1,6.4696,2.5611,8.263,11.065,385.0,0,2,"Scenario D2 — Realistic 7 m/s
(Dynamic mass, 7 m/s)",
78.0,1500.0,7.0,67.8,6.4407,2.5943,8.263,11.057,390.0,0,2,"Scenario D2 — Realistic 7 m/s
(Dynamic mass, 7 m/s)",
79.0,1500.0,7.0,67.49,6.4118,2.6276,8.263,11.05,395.0,0,2,"Scenario D2 — Realistic 7 m/s
(Dynamic mass, 7 m/s)",
80.0,1500.0,7.0,67.19,6.3828,2.6608,8.263,11.043,400.0,0,2,"Scenario D2 — Realistic 7 m/s
(Dynamic mass, 7 m/s)",
81.0,1500.0,7.0,66.88,6.3539,2.6941,8.263,11.036,405.0,0,2,"Scenario D2 — Realistic 7 m/s
(Dynamic mass, 7 m/s)",
82.0,1500.0,7.0,66.58,6.325,2.7274,8.263,11.029,410.0,0,2,"Scenario D2 — Realistic 7 m/s
(Dynamic mass, 7 m/s)",
83.0,1500.0,7.0,66.27,6.2961,2.7606,8.263,11.022,415.0,0,2,"Scenario D2 — Realistic 7 m/s
(Dynamic mass, 7 m/s)",
84.0,1500.0,7.0,65.97,6.2672,2.7939,8.263,11.015,420.0,0,2,"Scenario D2 — Realistic 7 m/s
(Dynamic mass, 7 m/s)",
85.0,1500.0,7.0,65.67,6.2382,2.8271,8.263,11.008,425.0,0,2,"Scenario D2 — Realistic 7 m/s
(Dynamic mass, 7 m/s)",
86.0,1500.0,7.0,65.36,6.2093,2.8604,8.263,11.002,430.0,0,2,"Scenario D2 — Realistic 7 m/s
(Dynamic mass, 7 m/s)",
87.0,1500.0,7.0,65.06,6.1804,2.8937,8.263,10.995,435.0,0,2,"Scenario D2 — Realistic 7 m/s
(Dynamic mass, 7 m/s)",
88.0,1500.0,7.0,64.75,6.1515,2.9269,8.263,10.988,440.0,0,2,"Scenario D2 — Realistic 7 m/s
(Dynamic mass, 7 m/s)",
89.0,1500.0,7.0,64.45,6.1225,2.9602,8.263,10.982,445.0,0,2,"Scenario D2 — Realistic 7 m/s
(Dynamic mass, 7 m/s)",
90.0,1500.0,7.0,64.14,6.0936,2.9934,8.263,10.975,450.0,0,2,"Scenario D2 — Realistic 7 m/s
(Dynamic mass, 7 m/s)",
91.0,1500.0,7.0,63.84,6.0647,3.0267,8.263,10.969,455.0,0,2,"Scenario D2 — Realistic 7 m/s
(Dynamic mass, 7 m/s)",
92.0,1500.0,7.0,63.53,6.0358,3.06,8.263,10.962,460.0,0,2,"Scenario D2 — Realistic 7 m/s
(Dynamic mass, 7 m/s)",
93.0,1500.0,7.0,63.23,6.0069,3.0932,8.263,10.956,465.0,0,2,"Scenario D2 — Realistic 7 m/s
(Dynamic mass, 7 m/s)",
94.0,1500.0,7.0,62.93,5.9779,3.1265,8.263,10.949,470.0,0,2,"Scenario D2 — Realistic 7 m/s
(Dynamic mass, 7 m/s)",
95.0,1500.0,7.0,62.62,5.949,3.1598,8.263,10.943,475.0,0,2,"Scenario D2 — Realistic 7 m/s
(Dynamic mass, 7 m/s)",
96.0,1500.0,7.0,62.32,5.9201,3.193,8.263,10.937,480.0,0,2,"Scenario D2 — Realistic 7 m/s
(Dynamic mass, 7 m/s)",
97.0,1500.0,7.0,62.01,5.8912,3.2263,8.263,10.931,485.0,0,2,"Scenario D2 — Realistic 7 m/s
(Dynamic mass, 7 m/s)",
98.0,1500.0,7.0,61.71,5.8622,3.2595,8.263,10.925,490.0,0,2,"Scenario D2 — Realistic 7 m/s
(Dynamic mass, 7 m/s)",
99.0,1500.0,7.0,61.4,5.8333,3.2928,8.263,10.919,495.0,0,2,"Scenario D2 — Realistic 7 m/s
(Dynamic mass, 7 m/s)",
100.0,1500.0,7.0,61.1,5.8044,3.3261,8.263,10.913,500.0,0,2,"Scenario D2 — Realistic 7 m/s
(Dynamic mass, 7 m/s)",
101.0,1500.0,7.0,60.79,5.7755,3.3261,8.263,10.907,500.0,0,2,"Scenario D2 — Realistic 7 m/s
(Dynamic mass, 7 m/s)",
102.0,1500.0,7.0,60.49,5.7466,3.3261,8.263,10.901,500.0,0,2,"Scenario D2 — Realistic 7 m/s
(Dynamic mass, 7 m/s)",
103.0,1500.0,7.0,60.19,5.7176,3.3261,8.263,10.895,500.0,0,2,"Scenario D2 — Realistic 7 m/s
(Dynamic mass, 7 m/s)",
104.0,1500.0,7.0,59.88,5.6887,3.3261,8.263,10.889,500.0,0,2,"Scenario D2 — Realistic 7 m/s
(Dynamic mass, 7 m/s)",
105.0,1500.0,7.0,59.58,5.6598,3.3261,8.263,10.883,500.0,0,2,"Scenario D2 — Realistic 7 m/s
(Dynamic mass, 7 m/s)",
106.0,1500.0,7.0,59.27,5.6309,3.3261,8.263,10.878,500.0,0,2,"Scenario D2 — Realistic 7 m/s
(Dynamic mass, 7 m/s)",
107.0,1500.0,7.0,58.97,5.6019,3.3261,8.263,10.872,500.0,0,2,"Scenario D2 — Realistic 7 m/s
(Dynamic mass, 7 m/s)",
108.0,1500.0,7.0,58.66,5.573,3.3261,8.263,10.866,500.0,0,2,"Scenario D2 — Realistic 7 m/s
(Dynamic mass, 7 m/s)",
109.0,1500.0,7.0,58.36,5.5441,3.3261,8.263,10.861,500.0,0,2,"Scenario D2 — Realistic 7 m/s
(Dynamic mass, 7 m/s)",
110.0,1500.0,7.0,58.05,5.5152,3.3261,8.263,10.855,500.0,0,2,"Scenario D2 — Realistic 7 m/s
(Dynamic mass, 7 m/s)",
111.0,1500.0,7.0,57.75,5.4863,3.3261,8.263,10.85,500.0,0,2,"Scenario D2 — Realistic 7 m/s
(Dynamic mass, 7 m/s)",
112.0,1500.0,7.0,57.45,5.4573,3.3261,8.263,10.845,500.0,0,2,"Scenario D2 — Realistic 7 m/s
(Dynamic mass, 7 m/s)",
113.0,1500.0,7.0,57.14,5.4284,3.3261,8.263,10.839,500.0,0,2,"Scenario D2 — Realistic 7 m/s
(Dynamic mass, 7 m/s)",
114.0,1500.0,7.0,56.84,5.3995,3.3261,8.263,10.834,500.0,0,2,"Scenario D2 — Realistic 7 m/s
(Dynamic mass, 7 m/s)",
115.0,1500.0,7.0,56.53,5.3706,3.3261,8.263,10.829,500.0,0,2,"Scenario D2 — Realistic 7 m/s
(Dynamic mass, 7 m/s)",
116.0,1500.0,7.0,56.23,5.3416,3.3261,8.263,10.824,500.0,0,2,"Scenario D2 — Realistic 7 m/s
(Dynamic mass, 7 m/s)",
117.0,1500.0,7.0,55.92,5.3127,3.3261,8.263,10.819,500.0,0,2,"Scenario D2 — Realistic 7 m/s
(Dynamic mass, 7 m/s)",
118.0,1500.0,7.0,55.62,5.2838,3.3261,8.263,10.813,500.0,0,2,"Scenario D2 — Realistic 7 m/s
(Dynamic mass, 7 m/s)",
119.0,1500.0,7.0,55.31,5.2549,3.3261,8.263,10.808,500.0,0,2,"Scenario D2 — Realistic 7 m/s
(Dynamic mass, 7 m/s)",
120.0,1500.0,7.0,55.01,5.226,3.3261,8.263,10.803,500.0,0,2,"Scenario D2 — Realistic 7 m/s
(Dynamic mass, 7 m/s)",
121.0,1500.0,7.0,54.71,5.197,3.3261,8.263,10.798,500.0,0,2,"Scenario D2 — Realistic 7 m/s
(Dynamic mass, 7 m/s)",
122.0,1500.0,7.0,54.4,5.1681,3.3261,8.263,10.793,500.0,0,2,"Scenario D2 — Realistic 7 m/s
(Dynamic mass, 7 m/s)",
123.0,1500.0,7.0,54.1,5.1392,3.3261,8.263,10.789,500.0,0,2,"Scenario D2 — Realistic 7 m/s
(Dynamic mass, 7 m/s)",
124.0,1500.0,7.0,53.79,5.1103,3.3261,8.263,10.784,500.0,0,2,"Scenario D2 — Realistic 7 m/s
(Dynamic mass, 7 m/s)",
125.0,1500.0,7.0,53.49,5.0813,3.3261,8.263,10.779,500.0,0,2,"Scenario D2 — Realistic 7 m/s
(Dynamic mass, 7 m/s)",
126.0,1500.0,7.0,53.18,5.0524,3.3261,8.263,10.774,500.0,0,2,"Scenario D2 — Realistic 7 m/s
(Dynamic mass, 7 m/s)",
127.0,1500.0,7.0,52.88,5.0235,3.3261,8.263,10.769,500.0,0,2,"Scenario D2 — Realistic 7 m/s
(Dynamic mass, 7 m/s)",
128.0,1500.0,7.0,52.57,4.9946,3.3261,8.263,10.765,500.0,0,2,"Scenario D2 — Realistic 7 m/s
(Dynamic mass, 7 m/s)",
129.0,1500.0,7.0,52.27,4.9657,3.3261,8.263,10.76,500.0,0,2,"Scenario D2 — Realistic 7 m/s
(Dynamic mass, 7 m/s)",
130.0,1500.0,7.0,51.97,4.9367,3.3261,8.263,10.755,500.0,0,2,"Scenario D2 — Realistic 7 m/s
(Dynamic mass, 7 m/s)",
131.0,1500.0,7.0,51.66,4.9078,3.3261,8.263,10.751,500.0,0,2,"Scenario D2 — Realistic 7 m/s
(Dynamic mass, 7 m/s)",
132.0,1500.0,7.0,51.36,4.8789,3.3261,8.263,10.746,500.0,0,2,"Scenario D2 — Realistic 7 m/s
(Dynamic mass, 7 m/s)",
133.0,1500.0,7.0,51.05,4.85,3.3261,8.263,10.742,500.0,0,2,"Scenario D2 — Realistic 7 m/s
(Dynamic mass, 7 m/s)",
134.0,1500.0,7.0,50.75,4.821,3.3261,8.263,10.737,500.0,0,2,"Scenario D2 — Realistic 7 m/s
(Dynamic mass, 7 m/s)",
135.0,1500.0,7.0,50.44,4.7921,3.3261,8.263,10.733,500.0,0,2,"Scenario D2 — Realistic 7 m/s
(Dynamic mass, 7 m/s)",
136.0,1500.0,7.0,50.14,4.7632,3.3261,8.263,10.728,500.0,0,2,"Scenario D2 — Realistic 7 m/s
(Dynamic mass, 7 m/s)",
137.0,1500.0,7.0,49.83,4.7343,3.3261,8.263,10.724,500.0,0,2,"Scenario D2 — Realistic 7 m/s
(Dynamic mass, 7 m/s)",
138.0,1500.0,7.0,49.53,4.7054,3.3261,8.263,10.719,500.0,0,2,"Scenario D2 — Realistic 7 m/s
(Dynamic mass, 7 m/s)",
139.0,1500.0,7.0,49.23,4.6764,3.3261,8.263,10.715,500.0,0,2,"Scenario D2 — Realistic 7 m/s
(Dynamic mass, 7 m/s)",
140.0,1500.0,7.0,48.92,4.6475,3.3261,8.263,10.71,500.0,0,2,"Scenario D2 — Realistic 7 m/s
(Dynamic mass, 7 m/s)",
141.0,1500.0,7.0,48.62,4.6186,3.3261,8.263,10.706,500.0,0,2,"Scenario D2 — Realistic 7 m/s
(Dynamic mass, 7 m/s)",
142.0,1500.0,7.0,48.31,4.5897,3.3261,8.263,10.701,500.0,0,2,"Scenario D2 — Realistic 7 m/s
(Dynamic mass, 7 m/s)",
143.0,1500.0,7.0,48.01,4.5607,3.3261,8.263,10.697,500.0,0,2,"Scenario D2 — Realistic 7 m/s
(Dynamic mass, 7 m/s)",
144.0,1500.0,7.0,47.7,4.5318,3.3261,8.263,10.693,500.0,0,2,"Scenario D2 — Realistic 7 m/s
(Dynamic mass, 7 m/s)",
145.0,1500.0,7.0,47.4,4.5029,3.3261,8.263,10.688,500.0,0,2,"Scenario D2 — Realistic 7 m/s
(Dynamic mass, 7 m/s)",
146.0,1500.0,7.0,47.09,4.474,3.3261,8.263,10.684,500.0,0,2,"Scenario D2 — Realistic 7 m/s
(Dynamic mass, 7 m/s)",
147.0,1500.0,7.0,46.79,4.4451,3.3261,8.263,10.679,500.0,0,2,"Scenario D2 — Realistic 7 m/s
(Dynamic mass, 7 m/s)",
148.0,1500.0,7.0,46.49,4.4161,3.3261,8.263,10.675,500.0,0,2,"Scenario D2 — Realistic 7 m/s
(Dynamic mass, 7 m/s)",
149.0,1500.0,7.0,46.18,4.3872,3.3261,8.263,10.671,500.0,0,2,"Scenario D2 — Realistic 7 m/s
(Dynamic mass, 7 m/s)",
150.0,1500.0,7.0,45.88,4.3583,3.3261,8.263,10.666,500.0,0,2,"Scenario D2 — Realistic 7 m/s
(Dynamic mass, 7 m/s)",
151.0,1500.0,7.0,45.57,4.3294,3.3261,8.263,10.662,500.0,0,2,"Scenario D2 — Realistic 7 m/s
(Dynamic mass, 7 m/s)",
152.0,1500.0,7.0,45.27,4.3004,3.3261,8.263,10.657,500.0,0,2,"Scenario D2 — Realistic 7 m/s
(Dynamic mass, 7 m/s)",
153.0,1500.0,7.0,44.96,4.2715,3.3261,8.263,10.653,500.0,0,2,"Scenario D2 — Realistic 7 m/s
(Dynamic mass, 7 m/s)",
154.0,1500.0,7.0,44.66,4.2426,3.3261,8.263,10.648,500.0,0,2,"Scenario D2 — Realistic 7 m/s
(Dynamic mass, 7 m/s)",
155.0,1500.0,7.0,44.35,4.2137,3.3261,8.263,10.644,500.0,0,2,"Scenario D2 — Realistic 7 m/s
(Dynamic mass, 7 m/s)",
156.0,1500.0,7.0,44.05,4.1848,3.3261,8.263,10.639,500.0,0,2,"Scenario D2 — Realistic 7 m/s
(Dynamic mass, 7 m/s)",
157.0,1500.0,7.0,43.75,4.1558,3.3261,8.263,10.634,500.0,0,2,"Scenario D2 — Realistic 7 m/s
(Dynamic mass, 7 m/s)",
158.0,1500.0,7.0,43.44,4.1269,3.3261,8.263,10.63,500.0,0,2,"Scenario D2 — Realistic 7 m/s
(Dynamic mass, 7 m/s)",
159.0,1500.0,7.0,43.14,4.098,3.3261,8.263,10.625,500.0,0,2,"Scenario D2 — Realistic 7 m/s
(Dynamic mass, 7 m/s)",
160.0,1500.0,7.0,42.83,4.0691,3.3261,8.263,10.62,500.0,0,2,"Scenario D2 — Realistic 7 m/s
(Dynamic mass, 7 m/s)",
161.0,1500.0,7.0,42.53,4.0401,3.3261,8.263,10.616,500.0,0,2,"Scenario D2 — Realistic 7 m/s
(Dynamic mass, 7 m/s)",
162.0,1500.0,7.0,42.22,4.0112,3.3261,8.263,10.611,500.0,0,2,"Scenario D2 — Realistic 7 m/s
(Dynamic mass, 7 m/s)",
163.0,1500.0,7.0,41.92,3.9823,3.3261,8.263,10.606,500.0,0,2,"Scenario D2 — Realistic 7 m/s
(Dynamic mass, 7 m/s)",
164.0,1500.0,7.0,41.61,3.9534,3.3261,8.263,10.601,500.0,0,2,"Scenario D2 — Realistic 7 m/s
(Dynamic mass, 7 m/s)",
165.0,1500.0,7.0,41.31,3.9245,3.3261,8.263,10.596,500.0,0,2,"Scenario D2 — Realistic 7 m/s
(Dynamic mass, 7 m/s)",
166.0,1500.0,7.0,41.01,3.8955,3.3261,8.263,10.591,500.0,0,2,"Scenario D2 — Realistic 7 m/s
(Dynamic mass, 7 m/s)",
167.0,1500.0,7.0,40.7,3.8666,3.3261,8.263,10.586,500.0,0,2,"Scenario D2 — Realistic 7 m/s
(Dynamic mass, 7 m/s)",
168.0,1500.0,7.0,40.4,3.8377,3.3261,8.263,10.581,500.0,0,2,"Scenario D2 — Realistic 7 m/s
(Dynamic mass, 7 m/s)",
169.0,1500.0,7.0,40.09,3.8088,3.3261,8.263,10.576,500.0,0,2,"Scenario D2 — Realistic 7 m/s
(Dynamic mass, 7 m/s)",
170.0,1500.0,7.0,39.79,3.7798,3.3261,8.263,10.571,500.0,0,2,"Scenario D2 — Realistic 7 m/s
(Dynamic mass, 7 m/s)",
171.0,1500.0,7.0,39.48,3.7509,3.3261,8.263,10.565,500.0,0,2,"Scenario D2 — Realistic 7 m/s
(Dynamic mass, 7 m/s)",
172.0,1500.0,7.0,39.18,3.722,3.3261,8.263,10.56,500.0,0,2,"Scenario D2 — Realistic 7 m/s
(Dynamic mass, 7 m/s)",
173.0,1500.0,7.0,38.87,3.6931,3.3261,8.263,10.554,500.0,0,2,"Scenario D2 — Realistic 7 m/s
(Dynamic mass, 7 m/s)",
174.0,1500.0,7.0,38.57,3.6642,3.3261,8.263,10.549,500.0,0,2,"Scenario D2 — Realistic 7 m/s
(Dynamic mass, 7 m/s)",
175.0,1500.0,7.0,38.27,3.6352,3.3261,8.263,10.543,500.0,0,2,"Scenario D2 — Realistic 7 m/s
(Dynamic mass, 7 m/s)",
176.0,1500.0,7.0,37.96,3.6063,3.3261,8.263,10.537,500.0,0,2,"Scenario D2 — Realistic 7 m/s
(Dynamic mass, 7 m/s)",
177.0,1500.0,7.0,37.66,3.5774,3.3261,8.263,10.531,500.0,0,2,"Scenario D2 — Realistic 7 m/s
(Dynamic mass, 7 m/s)",
178.0,1500.0,7.0,37.35,3.5485,3.3261,8.263,10.525,500.0,0,2,"Scenario D2 — Realistic 7 m/s
(Dynamic mass, 7 m/s)",
179.0,1500.0,7.0,37.05,3.5195,3.3261,8.263,10.519,500.0,0,2,"Scenario D2 — Realistic 7 m/s
(Dynamic mass, 7 m/s)",
180.0,1500.0,7.0,36.74,3.4906,3.3261,8.263,10.513,500.0,0,2,"Scenario D2 — Realistic 7 m/s
(Dynamic mass, 7 m/s)",
181.0,1500.0,7.0,36.44,3.4617,3.3261,8.263,10.506,500.0,0,2,"Scenario D2 — Realistic 7 m/s
(Dynamic mass, 7 m/s)",
182.0,1500.0,7.0,36.13,3.4328,3.3261,8.263,10.5,500.0,0,2,"Scenario D2 — Realistic 7 m/s
(Dynamic mass, 7 m/s)",
183.0,1500.0,7.0,35.83,3.4039,3.3261,8.263,10.493,500.0,0,2,"Scenario D2 — Realistic 7 m/s
(Dynamic mass, 7 m/s)",
184.0,1500.0,7.0,35.53,3.3749,3.3261,8.263,10.487,500.0,0,2,"Scenario D2 — Realistic 7 m/s
(Dynamic mass, 7 m/s)",
185.0,1500.0,7.0,35.22,3.346,3.3261,8.263,10.48,500.0,0,2,"Scenario D2 — Realistic 7 m/s
(Dynamic mass, 7 m/s)",
186.0,1500.0,7.0,34.92,3.3171,3.3261,8.263,10.473,500.0,1,2,"Scenario D2 — Realistic 7 m/s
(Dynamic mass, 7 m/s)",1000.0
0.0,2500.0,7.0,99.42,9.4445,0.1276,15.845,10.799,0.0,0,3,"Scenario D2 — Realistic 7 m/s
(Dynamic mass, 7 m/s)",
1.0,2483.3,7.0,98.84,9.3896,0.1264,15.704,10.817,5.0,0,3,"Scenario D2 — Realistic 7 m/s
(Dynamic mass, 7 m/s)",
2.0,2466.6,7.0,98.26,9.3351,0.1253,15.562,10.834,10.0,0,3,"Scenario D2 — Realistic 7 m/s
(Dynamic mass, 7 m/s)",
3.0,2449.9,7.0,97.7,9.2811,0.1862,15.422,10.849,15.0,0,3,"Scenario D2 — Realistic 7 m/s
(Dynamic mass, 7 m/s)",
4.0,2433.2,7.0,97.13,9.2276,0.246,15.281,10.864,20.0,0,3,"Scenario D2 — Realistic 7 m/s
(Dynamic mass, 7 m/s)",
5.0,2416.5,7.0,96.58,9.1747,0.3047,15.142,10.878,25.0,0,3,"Scenario D2 — Realistic 7 m/s
(Dynamic mass, 7 m/s)",
6.0,2399.8,7.0,96.02,9.1221,0.3623,15.002,10.891,30.0,0,3,"Scenario D2 — Realistic 7 m/s
(Dynamic mass, 7 m/s)",
7.0,2383.1,7.0,95.47,9.0701,0.4188,14.864,10.904,35.0,0,3,"Scenario D2 — Realistic 7 m/s
(Dynamic mass, 7 m/s)",
8.0,2366.4,7.0,94.93,9.0186,0.4742,14.725,10.916,40.0,0,3,"Scenario D2 — Realistic 7 m/s
(Dynamic mass, 7 m/s)",
9.0,2349.7,7.0,94.4,8.9675,0.5284,14.587,10.927,45.0,0,3,"Scenario D2 — Realistic 7 m/s
(Dynamic mass, 7 m/s)",
10.0,2333.0,7.0,93.86,8.917,0.5816,14.45,10.937,50.0,0,3,"Scenario D2 — Realistic 7 m/s
(Dynamic mass, 7 m/s)",
11.0,2316.3,7.0,93.34,8.8669,0.6337,14.313,10.947,55.0,0,3,"Scenario D2 — Realistic 7 m/s
(Dynamic mass, 7 m/s)",
12.0,2299.6,7.0,92.81,8.8172,0.6847,14.177,10.957,60.0,0,3,"Scenario D2 — Realistic 7 m/s
(Dynamic mass, 7 m/s)",
13.0,2282.9,7.0,92.3,8.7681,0.7347,14.041,10.966,65.0,0,3,"Scenario D2 — Realistic 7 m/s
(Dynamic mass, 7 m/s)",
14.0,2266.2,7.0,91.78,8.7194,0.7836,13.905,10.974,70.0,0,3,"Scenario D2 — Realistic 7 m/s
(Dynamic mass, 7 m/s)",
15.0,2249.5,7.0,91.28,8.6712,0.8314,13.771,10.982,75.0,0,3,"Scenario D2 — Realistic 7 m/s
(Dynamic mass, 7 m/s)",
16.0,2232.8,7.0,90.77,8.6235,0.8782,13.636,10.99,80.0,0,3,"Scenario D2 — Realistic 7 m/s
(Dynamic mass, 7 m/s)",
17.0,2216.1,7.0,90.28,8.5762,0.9239,13.502,10.997,85.0,0,3,"Scenario D2 — Realistic 7 m/s
(Dynamic mass, 7 m/s)",
18.0,2199.4,7.0,89.78,8.5295,0.9686,13.369,11.004,90.0,0,3,"Scenario D2 — Realistic 7 m/s
(Dynamic mass, 7 m/s)",
19.0,2182.7,7.0,89.3,8.4831,1.0122,13.236,11.011,95.0,0,3,"Scenario D2 — Realistic 7 m/s
(Dynamic mass, 7 m/s)",
20.0,2166.0,7.0,88.81,8.4373,1.0548,13.104,11.017,100.0,0,3,"Scenario D2 — Realistic 7 m/s
(Dynamic mass, 7 m/s)",
21.0,2149.3,7.0,88.34,8.3919,1.0964,12.972,11.023,105.0,0,3,"Scenario D2 — Realistic 7 m/s
(Dynamic mass, 7 m/s)",
22.0,2132.6,7.0,87.86,8.3469,1.137,12.84,11.029,110.0,0,3,"Scenario D2 — Realistic 7 m/s
(Dynamic mass, 7 m/s)",
23.0,2115.9,7.0,87.39,8.3024,1.1766,12.71,11.034,115.0,0,3,"Scenario D2 — Realistic 7 m/s
(Dynamic mass, 7 m/s)",
24.0,2099.2,7.0,86.93,8.2584,1.2152,12.579,11.04,120.0,0,3,"Scenario D2 — Realistic 7 m/s
(Dynamic mass, 7 m/s)",
25.0,2082.5,7.0,86.47,8.2148,1.2527,12.45,11.045,125.0,0,3,"Scenario D2 — Realistic 7 m/s
(Dynamic mass, 7 m/s)",
26.0,2065.8,7.0,86.02,8.1717,1.2893,12.32,11.05,130.0,0,3,"Scenario D2 — Realistic 7 m/s
(Dynamic mass, 7 m/s)",
27.0,2049.1,7.0,85.57,8.129,1.3249,12.191,11.055,135.0,0,3,"Scenario D2 — Realistic 7 m/s
(Dynamic mass, 7 m/s)",
28.0,2032.4,7.0,85.12,8.0868,1.3595,12.063,11.06,140.0,0,3,"Scenario D2 — Realistic 7 m/s
(Dynamic mass, 7 m/s)",
29.0,2015.7,7.0,84.68,8.045,1.3932,11.936,11.064,145.0,0,3,"Scenario D2 — Realistic 7 m/s
(Dynamic mass, 7 m/s)",
30.0,1999.0,7.0,84.25,8.0037,1.4259,11.808,11.069,150.0,0,3,"Scenario D2 — Realistic 7 m/s
(Dynamic mass, 7 m/s)",
31.0,1982.3,7.0,83.82,7.9628,1.4576,11.682,11.073,155.0,0,3,"Scenario D2 — Realistic 7 m/s
(Dynamic mass, 7 m/s)",
32.0,1965.6,7.0,83.39,7.9224,1.4884,11.556,11.078,160.0,0,3,"Scenario D2 — Realistic 7 m/s
(Dynamic mass, 7 m/s)",
33.0,1948.9,7.0,82.97,7.8824,1.5182,11.43,11.082,165.0,0,3,"Scenario D2 — Realistic 7 m/s
(Dynamic mass, 7 m/s)",
34.0,1932.2,7.0,82.56,7.8428,1.5471,11.305,11.086,170.0,0,3,"Scenario D2 — Realistic 7 m/s
(Dynamic mass, 7 m/s)",
35.0,1915.5,7.0,82.14,7.8037,1.575,11.18,11.09,175.0,0,3,"Scenario D2 — Realistic 7 m/s
(Dynamic mass, 7 m/s)",
36.0,1898.8,7.0,81.74,7.765,1.6021,11.056,11.094,180.0,0,3,"Scenario D2 — Realistic 7 m/s
(Dynamic mass, 7 m/s)",
37.0,1882.1,7.0,81.33,7.7267,1.6282,10.933,11.098,185.0,0,3,"Scenario D2 — Realistic 7 m/s
(Dynamic mass, 7 m/s)",
38.0,1865.4,7.0,80.94,7.6889,1.6534,10.81,11.102,190.0,0,3,"Scenario D2 — Realistic 7 m/s
(Dynamic mass, 7 m/s)",
39.0,1848.7,7.0,80.54,7.6515,1.6777,10.688,11.106,195.0,0,3,"Scenario D2 — Realistic 7 m/s
(Dynamic mass, 7 m/s)",
40.0,1832.0,7.0,80.15,7.6145,1.7011,10.566,11.11,200.0,0,3,"Scenario D2 — Realistic 7 m/s
(Dynamic mass, 7 m/s)",
41.0,1815.3,7.0,79.77,7.5779,1.7237,10.445,11.114,205.0,0,3,"Scenario D2 — Realistic 7 m/s
(Dynamic mass, 7 m/s)",
42.0,1798.6,7.0,79.39,7.5418,1.7453,10.324,11.118,210.0,0,3,"Scenario D2 — Realistic 7 m/s
(Dynamic mass, 7 m/s)",
43.0,1781.9,7.0,79.01,7.5061,1.7661,10.204,11.122,215.0,0,3,"Scenario D2 — Realistic 7 m/s
(Dynamic mass, 7 m/s)",
44.0,1765.2,7.0,78.64,7.4708,1.786,10.084,11.126,220.0,0,3,"Scenario D2 — Realistic 7 m/s
(Dynamic mass, 7 m/s)",
45.0,1748.5,7.0,78.27,7.4359,1.805,9.965,11.13,225.0,0,3,"Scenario D2 — Realistic 7 m/s
(Dynamic mass, 7 m/s)",
46.0,1731.8,7.0,77.91,7.4015,1.8232,9.847,11.135,230.0,0,3,"Scenario D2 — Realistic 7 m/s
(Dynamic mass, 7 m/s)",
47.0,1715.1,7.0,77.55,7.3674,1.8405,9.729,11.139,235.0,0,3,"Scenario D2 — Realistic 7 m/s
(Dynamic mass, 7 m/s)",
48.0,1698.4,7.0,77.2,7.3338,1.857,9.612,11.143,240.0,0,3,"Scenario D2 — Realistic 7 m/s
(Dynamic mass, 7 m/s)",
49.0,1681.7,7.0,76.85,7.3005,1.8727,9.495,11.147,245.0,0,3,"Scenario D2 — Realistic 7 m/s
(Dynamic mass, 7 m/s)",
50.0,1665.0,7.0,76.5,7.2677,1.8875,9.379,11.151,250.0,0,3,"Scenario D2 — Realistic 7 m/s
(Dynamic mass, 7 m/s)",
51.0,1648.3,7.0,76.16,7.2353,1.9016,9.264,11.155,255.0,0,3,"Scenario D2 — Realistic 7 m/s
(Dynamic mass, 7 m/s)",
52.0,1631.6,7.0,75.82,7.2033,1.9148,9.149,11.159,260.0,0,3,"Scenario D2 — Realistic 7 m/s
(Dynamic mass, 7 m/s)",
53.0,1614.9,7.0,75.49,7.1716,1.9272,9.034,11.164,265.0,0,3,"Scenario D2 — Realistic 7 m/s
(Dynamic mass, 7 m/s)",
54.0,1598.2,7.0,75.16,7.1404,1.9389,8.92,11.168,270.0,0,3,"Scenario D2 — Realistic 7 m/s
(Dynamic mass, 7 m/s)",
55.0,1581.5,7.0,74.84,7.1096,1.9497,8.807,11.172,275.0,0,3,"Scenario D2 — Realistic 7 m/s
(Dynamic mass, 7 m/s)",
56.0,1564.8,7.0,74.52,7.0792,1.9598,8.695,11.177,280.0,0,3,"Scenario D2 — Realistic 7 m/s
(Dynamic mass, 7 m/s)",
57.0,1548.1,7.0,74.2,7.0491,1.9691,8.583,11.181,285.0,0,3,"Scenario D2 — Realistic 7 m/s
(Dynamic mass, 7 m/s)",
58.0,1531.4,7.0,73.89,7.0195,1.9776,8.471,11.185,290.0,0,3,"Scenario D2 — Realistic 7 m/s
(Dynamic mass, 7 m/s)",
59.0,1514.7,7.0,73.58,6.9902,1.9854,8.36,11.19,295.0,0,3,"Scenario D2 — Realistic 7 m/s
(Dynamic mass, 7 m/s)",
60.0,1500.0,7.0,73.28,6.9613,1.9956,8.263,11.193,300.0,0,3,"Scenario D2 — Realistic 7 m/s
(Dynamic mass, 7 m/s)",
61.0,1500.0,7.0,72.97,6.9324,2.0289,8.263,11.185,305.0,0,3,"Scenario D2 — Realistic 7 m/s
(Dynamic mass, 7 m/s)",
62.0,1500.0,7.0,72.67,6.9034,2.0622,8.263,11.177,310.0,0,3,"Scenario D2 — Realistic 7 m/s
(Dynamic mass, 7 m/s)",
63.0,1500.0,7.0,72.36,6.8745,2.0954,8.263,11.169,315.0,0,3,"Scenario D2 — Realistic 7 m/s
(Dynamic mass, 7 m/s)",
64.0,1500.0,7.0,72.06,6.8456,2.1287,8.263,11.162,320.0,0,3,"Scenario D2 — Realistic 7 m/s
(Dynamic mass, 7 m/s)",
65.0,1500.0,7.0,71.75,6.8167,2.1619,8.263,11.154,325.0,0,3,"Scenario D2 — Realistic 7 m/s
(Dynamic mass, 7 m/s)",
66.0,1500.0,7.0,71.45,6.7878,2.1952,8.263,11.146,330.0,0,3,"Scenario D2 — Realistic 7 m/s
(Dynamic mass, 7 m/s)",
67.0,1500.0,7.0,71.15,6.7588,2.2285,8.263,11.139,335.0,0,3,"Scenario D2 — Realistic 7 m/s
(Dynamic mass, 7 m/s)",
68.0,1500.0,7.0,70.84,6.7299,2.2617,8.263,11.131,340.0,0,3,"Scenario D2 — Realistic 7 m/s
(Dynamic mass, 7 m/s)",
69.0,1500.0,7.0,70.54,6.701,2.295,8.263,11.124,345.0,0,3,"Scenario D2 — Realistic 7 m/s
(Dynamic mass, 7 m/s)",
70.0,1500.0,7.0,70.23,6.6721,2.3282,8.263,11.116,350.0,0,3,"Scenario D2 — Realistic 7 m/s
(Dynamic mass, 7 m/s)",
71.0,1500.0,7.0,69.93,6.6431,2.3615,8.263,11.109,355.0,0,3,"Scenario D2 — Realistic 7 m/s
(Dynamic mass, 7 m/s)",
72.0,1500.0,7.0,69.62,6.6142,2.3948,8.263,11.101,360.0,0,3,"Scenario D2 — Realistic 7 m/s
(Dynamic mass, 7 m/s)",
73.0,1500.0,7.0,69.32,6.5853,2.428,8.263,11.094,365.0,0,3,"Scenario D2 — Realistic 7 m/s
(Dynamic mass, 7 m/s)",
74.0,1500.0,7.0,69.01,6.5564,2.4613,8.263,11.086,370.0,0,3,"Scenario D2 — Realistic 7 m/s
(Dynamic mass, 7 m/s)",
75.0,1500.0,7.0,68.71,6.5275,2.4945,8.263,11.079,375.0,0,3,"Scenario D2 — Realistic 7 m/s
(Dynamic mass, 7 m/s)",
76.0,1500.0,7.0,68.41,6.4985,2.5278,8.263,11.072,380.0,0,3,"Scenario D2 — Realistic 7 m/s
(Dynamic mass, 7 m/s)",
77.0,1500.0,7.0,68.1,6.4696,2.5611,8.263,11.065,385.0,0,3,"Scenario D2 — Realistic 7 m/s
(Dynamic mass, 7 m/s)",
78.0,1500.0,7.0,67.8,6.4407,2.5943,8.263,11.057,390.0,0,3,"Scenario D2 — Realistic 7 m/s
(Dynamic mass, 7 m/s)",
79.0,1500.0,7.0,67.49,6.4118,2.6276,8.263,11.05,395.0,0,3,"Scenario D2 — Realistic 7 m/s
(Dynamic mass, 7 m/s)",
80.0,1500.0,7.0,67.19,6.3828,2.6608,8.263,11.043,400.0,0,3,"Scenario D2 — Realistic 7 m/s
(Dynamic mass, 7 m/s)",
81.0,1500.0,7.0,66.88,6.3539,2.6941,8.263,11.036,405.0,0,3,"Scenario D2 — Realistic 7 m/s
(Dynamic mass, 7 m/s)",
82.0,1500.0,7.0,66.58,6.325,2.7274,8.263,11.029,410.0,0,3,"Scenario D2 — Realistic 7 m/s
(Dynamic mass, 7 m/s)",
83.0,1500.0,7.0,66.27,6.2961,2.7606,8.263,11.022,415.0,0,3,"Scenario D2 — Realistic 7 m/s
(Dynamic mass, 7 m/s)",
84.0,1500.0,7.0,65.97,6.2672,2.7939,8.263,11.015,420.0,0,3,"Scenario D2 — Realistic 7 m/s
(Dynamic mass, 7 m/s)",
85.0,1500.0,7.0,65.67,6.2382,2.8271,8.263,11.008,425.0,0,3,"Scenario D2 — Realistic 7 m/s
(Dynamic mass, 7 m/s)",
86.0,1500.0,7.0,65.36,6.2093,2.8604,8.263,11.002,430.0,0,3,"Scenario D2 — Realistic 7 m/s
(Dynamic mass, 7 m/s)",
87.0,1500.0,7.0,65.06,6.1804,2.8937,8.263,10.995,435.0,0,3,"Scenario D2 — Realistic 7 m/s
(Dynamic mass, 7 m/s)",
88.0,1500.0,7.0,64.75,6.1515,2.9269,8.263,10.988,440.0,0,3,"Scenario D2 — Realistic 7 m/s
(Dynamic mass, 7 m/s)",
89.0,1500.0,7.0,64.45,6.1225,2.9602,8.263,10.982,445.0,0,3,"Scenario D2 — Realistic 7 m/s
(Dynamic mass, 7 m/s)",
90.0,1500.0,7.0,64.14,6.0936,2.9934,8.263,10.975,450.0,0,3,"Scenario D2 — Realistic 7 m/s
(Dynamic mass, 7 m/s)",
91.0,1500.0,7.0,63.84,6.0647,3.0267,8.263,10.969,455.0,0,3,"Scenario D2 — Realistic 7 m/s
(Dynamic mass, 7 m/s)",
92.0,1500.0,7.0,63.53,6.0358,3.06,8.263,10.962,460.0,0,3,"Scenario D2 — Realistic 7 m/s
(Dynamic mass, 7 m/s)",
93.0,1500.0,7.0,63.23,6.0069,3.0932,8.263,10.956,465.0,0,3,"Scenario D2 — Realistic 7 m/s
(Dynamic mass, 7 m/s)",
94.0,1500.0,7.0,62.93,5.9779,3.1265,8.263,10.949,470.0,0,3,"Scenario D2 — Realistic 7 m/s
(Dynamic mass, 7 m/s)",
95.0,1500.0,7.0,62.62,5.949,3.1598,8.263,10.943,475.0,0,3,"Scenario D2 — Realistic 7 m/s
(Dynamic mass, 7 m/s)",
96.0,1500.0,7.0,62.32,5.9201,3.193,8.263,10.937,480.0,0,3,"Scenario D2 — Realistic 7 m/s
(Dynamic mass, 7 m/s)",
97.0,1500.0,7.0,62.01,5.8912,3.2263,8.263,10.931,485.0,0,3,"Scenario D2 — Realistic 7 m/s
(Dynamic mass, 7 m/s)",
98.0,1500.0,7.0,61.71,5.8622,3.2595,8.263,10.925,490.0,0,3,"Scenario D2 — Realistic 7 m/s
(Dynamic mass, 7 m/s)",
99.0,1500.0,7.0,61.4,5.8333,3.2928,8.263,10.919,495.0,0,3,"Scenario D2 — Realistic 7 m/s
(Dynamic mass, 7 m/s)",
100.0,1500.0,7.0,61.1,5.8044,3.3261,8.263,10.913,500.0,0,3,"Scenario D2 — Realistic 7 m/s
(Dynamic mass, 7 m/s)",
101.0,1500.0,7.0,60.79,5.7755,3.3261,8.263,10.907,500.0,0,3,"Scenario D2 — Realistic 7 m/s
(Dynamic mass, 7 m/s)",
102.0,1500.0,7.0,60.49,5.7466,3.3261,8.263,10.901,500.0,0,3,"Scenario D2 — Realistic 7 m/s
(Dynamic mass, 7 m/s)",
103.0,1500.0,7.0,60.19,5.7176,3.3261,8.263,10.895,500.0,0,3,"Scenario D2 — Realistic 7 m/s
(Dynamic mass, 7 m/s)",
104.0,1500.0,7.0,59.88,5.6887,3.3261,8.263,10.889,500.0,0,3,"Scenario D2 — Realistic 7 m/s
(Dynamic mass, 7 m/s)",
105.0,1500.0,7.0,59.58,5.6598,3.3261,8.263,10.883,500.0,0,3,"Scenario D2 — Realistic 7 m/s
(Dynamic mass, 7 m/s)",
106.0,1500.0,7.0,59.27,5.6309,3.3261,8.263,10.878,500.0,0,3,"Scenario D2 — Realistic 7 m/s
(Dynamic mass, 7 m/s)",
107.0,1500.0,7.0,58.97,5.6019,3.3261,8.263,10.872,500.0,0,3,"Scenario D2 — Realistic 7 m/s
(Dynamic mass, 7 m/s)",
108.0,1500.0,7.0,58.66,5.573,3.3261,8.263,10.866,500.0,0,3,"Scenario D2 — Realistic 7 m/s
(Dynamic mass, 7 m/s)",
109.0,1500.0,7.0,58.36,5.5441,3.3261,8.263,10.861,500.0,0,3,"Scenario D2 — Realistic 7 m/s
(Dynamic mass, 7 m/s)",
110.0,1500.0,7.0,58.05,5.5152,3.3261,8.263,10.855,500.0,0,3,"Scenario D2 — Realistic 7 m/s
(Dynamic mass, 7 m/s)",
111.0,1500.0,7.0,57.75,5.4863,3.3261,8.263,10.85,500.0,0,3,"Scenario D2 — Realistic 7 m/s
(Dynamic mass, 7 m/s)",
112.0,1500.0,7.0,57.45,5.4573,3.3261,8.263,10.845,500.0,0,3,"Scenario D2 — Realistic 7 m/s
(Dynamic mass, 7 m/s)",
113.0,1500.0,7.0,57.14,5.4284,3.3261,8.263,10.839,500.0,0,3,"Scenario D2 — Realistic 7 m/s
(Dynamic mass, 7 m/s)",
114.0,1500.0,7.0,56.84,5.3995,3.3261,8.263,10.834,500.0,0,3,"Scenario D2 — Realistic 7 m/s
(Dynamic mass, 7 m/s)",
115.0,1500.0,7.0,56.53,5.3706,3.3261,8.263,10.829,500.0,0,3,"Scenario D2 — Realistic 7 m/s
(Dynamic mass, 7 m/s)",
116.0,1500.0,7.0,56.23,5.3416,3.3261,8.263,10.824,500.0,0,3,"Scenario D2 — Realistic 7 m/s
(Dynamic mass, 7 m/s)",
117.0,1500.0,7.0,55.92,5.3127,3.3261,8.263,10.819,500.0,0,3,"Scenario D2 — Realistic 7 m/s
(Dynamic mass, 7 m/s)",
118.0,1500.0,7.0,55.62,5.2838,3.3261,8.263,10.813,500.0,0,3,"Scenario D2 — Realistic 7 m/s
(Dynamic mass, 7 m/s)",
119.0,1500.0,7.0,55.31,5.2549,3.3261,8.263,10.808,500.0,0,3,"Scenario D2 — Realistic 7 m/s
(Dynamic mass, 7 m/s)",
120.0,1500.0,7.0,55.01,5.226,3.3261,8.263,10.803,500.0,0,3,"Scenario D2 — Realistic 7 m/s
(Dynamic mass, 7 m/s)",
121.0,1500.0,7.0,54.71,5.197,3.3261,8.263,10.798,500.0,0,3,"Scenario D2 — Realistic 7 m/s
(Dynamic mass, 7 m/s)",
122.0,1500.0,7.0,54.4,5.1681,3.3261,8.263,10.793,500.0,0,3,"Scenario D2 — Realistic 7 m/s
(Dynamic mass, 7 m/s)",
123.0,1500.0,7.0,54.1,5.1392,3.3261,8.263,10.789,500.0,0,3,"Scenario D2 — Realistic 7 m/s
(Dynamic mass, 7 m/s)",
124.0,1500.0,7.0,53.79,5.1103,3.3261,8.263,10.784,500.0,0,3,"Scenario D2 — Realistic 7 m/s
(Dynamic mass, 7 m/s)",
125.0,1500.0,7.0,53.49,5.0813,3.3261,8.263,10.779,500.0,0,3,"Scenario D2 — Realistic 7 m/s
(Dynamic mass, 7 m/s)",
126.0,1500.0,7.0,53.18,5.0524,3.3261,8.263,10.774,500.0,0,3,"Scenario D2 — Realistic 7 m/s
(Dynamic mass, 7 m/s)",
127.0,1500.0,7.0,52.88,5.0235,3.3261,8.263,10.769,500.0,0,3,"Scenario D2 — Realistic 7 m/s
(Dynamic mass, 7 m/s)",
128.0,1500.0,7.0,52.57,4.9946,3.3261,8.263,10.765,500.0,0,3,"Scenario D2 — Realistic 7 m/s
(Dynamic mass, 7 m/s)",
129.0,1500.0,7.0,52.27,4.9657,3.3261,8.263,10.76,500.0,0,3,"Scenario D2 — Realistic 7 m/s
(Dynamic mass, 7 m/s)",
130.0,1500.0,7.0,51.97,4.9367,3.3261,8.263,10.755,500.0,0,3,"Scenario D2 — Realistic 7 m/s
(Dynamic mass, 7 m/s)",
131.0,1500.0,7.0,51.66,4.9078,3.3261,8.263,10.751,500.0,0,3,"Scenario D2 — Realistic 7 m/s
(Dynamic mass, 7 m/s)",
132.0,1500.0,7.0,51.36,4.8789,3.3261,8.263,10.746,500.0,0,3,"Scenario D2 — Realistic 7 m/s
(Dynamic mass, 7 m/s)",
133.0,1500.0,7.0,51.05,4.85,3.3261,8.263,10.742,500.0,0,3,"Scenario D2 — Realistic 7 m/s
(Dynamic mass, 7 m/s)",
134.0,1500.0,7.0,50.75,4.821,3.3261,8.263,10.737,500.0,0,3,"Scenario D2 — Realistic 7 m/s
(Dynamic mass, 7 m/s)",
135.0,1500.0,7.0,50.44,4.7921,3.3261,8.263,10.733,500.0,0,3,"Scenario D2 — Realistic 7 m/s
(Dynamic mass, 7 m/s)",
136.0,1500.0,7.0,50.14,4.7632,3.3261,8.263,10.728,500.0,0,3,"Scenario D2 — Realistic 7 m/s
(Dynamic mass, 7 m/s)",
137.0,1500.0,7.0,49.83,4.7343,3.3261,8.263,10.724,500.0,0,3,"Scenario D2 — Realistic 7 m/s
(Dynamic mass, 7 m/s)",
138.0,1500.0,7.0,49.53,4.7054,3.3261,8.263,10.719,500.0,0,3,"Scenario D2 — Realistic 7 m/s
(Dynamic mass, 7 m/s)",
139.0,1500.0,7.0,49.23,4.6764,3.3261,8.263,10.715,500.0,0,3,"Scenario D2 — Realistic 7 m/s
(Dynamic mass, 7 m/s)",
140.0,1500.0,7.0,48.92,4.6475,3.3261,8.263,10.71,500.0,0,3,"Scenario D2 — Realistic 7 m/s
(Dynamic mass, 7 m/s)",
141.0,1500.0,7.0,48.62,4.6186,3.3261,8.263,10.706,500.0,0,3,"Scenario D2 — Realistic 7 m/s
(Dynamic mass, 7 m/s)",
142.0,1500.0,7.0,48.31,4.5897,3.3261,8.263,10.701,500.0,0,3,"Scenario D2 — Realistic 7 m/s
(Dynamic mass, 7 m/s)",
143.0,1500.0,7.0,48.01,4.5607,3.3261,8.263,10.697,500.0,0,3,"Scenario D2 — Realistic 7 m/s
(Dynamic mass, 7 m/s)",
144.0,1500.0,7.0,47.7,4.5318,3.3261,8.263,10.693,500.0,0,3,"Scenario D2 — Realistic 7 m/s
(Dynamic mass, 7 m/s)",
145.0,1500.0,7.0,47.4,4.5029,3.3261,8.263,10.688,500.0,0,3,"Scenario D2 — Realistic 7 m/s
(Dynamic mass, 7 m/s)",
146.0,1500.0,7.0,47.09,4.474,3.3261,8.263,10.684,500.0,0,3,"Scenario D2 — Realistic 7 m/s
(Dynamic mass, 7 m/s)",
147.0,1500.0,7.0,46.79,4.4451,3.3261,8.263,10.679,500.0,0,3,"Scenario D2 — Realistic 7 m/s
(Dynamic mass, 7 m/s)",
148.0,1500.0,7.0,46.49,4.4161,3.3261,8.263,10.675,500.0,0,3,"Scenario D2 — Realistic 7 m/s
(Dynamic mass, 7 m/s)",
149.0,1500.0,7.0,46.18,4.3872,3.3261,8.263,10.671,500.0,0,3,"Scenario D2 — Realistic 7 m/s
(Dynamic mass, 7 m/s)",
150.0,1500.0,7.0,45.88,4.3583,3.3261,8.263,10.666,500.0,0,3,"Scenario D2 — Realistic 7 m/s
(Dynamic mass, 7 m/s)",
151.0,1500.0,7.0,45.57,4.3294,3.3261,8.263,10.662,500.0,0,3,"Scenario D2 — Realistic 7 m/s
(Dynamic mass, 7 m/s)",
152.0,1500.0,7.0,45.27,4.3004,3.3261,8.263,10.657,500.0,0,3,"Scenario D2 — Realistic 7 m/s
(Dynamic mass, 7 m/s)",
153.0,1500.0,7.0,44.96,4.2715,3.3261,8.263,10.653,500.0,0,3,"Scenario D2 — Realistic 7 m/s
(Dynamic mass, 7 m/s)",
154.0,1500.0,7.0,44.66,4.2426,3.3261,8.263,10.648,500.0,0,3,"Scenario D2 — Realistic 7 m/s
(Dynamic mass, 7 m/s)",
155.0,1500.0,7.0,44.35,4.2137,3.3261,8.263,10.644,500.0,0,3,"Scenario D2 — Realistic 7 m/s
(Dynamic mass, 7 m/s)",
156.0,1500.0,7.0,44.05,4.1848,3.3261,8.263,10.639,500.0,0,3,"Scenario D2 — Realistic 7 m/s
(Dynamic mass, 7 m/s)",
157.0,1500.0,7.0,43.75,4.1558,3.3261,8.263,10.634,500.0,0,3,"Scenario D2 — Realistic 7 m/s
(Dynamic mass, 7 m/s)",
158.0,1500.0,7.0,43.44,4.1269,3.3261,8.263,10.63,500.0,0,3,"Scenario D2 — Realistic 7 m/s
(Dynamic mass, 7 m/s)",
159.0,1500.0,7.0,43.14,4.098,3.3261,8.263,10.625,500.0,0,3,"Scenario D2 — Realistic 7 m/s
(Dynamic mass, 7 m/s)",
160.0,1500.0,7.0,42.83,4.0691,3.3261,8.263,10.62,500.0,0,3,"Scenario D2 — Realistic 7 m/s
(Dynamic mass, 7 m/s)",
161.0,1500.0,7.0,42.53,4.0401,3.3261,8.263,10.616,500.0,0,3,"Scenario D2 — Realistic 7 m/s
(Dynamic mass, 7 m/s)",
162.0,1500.0,7.0,42.22,4.0112,3.3261,8.263,10.611,500.0,0,3,"Scenario D2 — Realistic 7 m/s
(Dynamic mass, 7 m/s)",
163.0,1500.0,7.0,41.92,3.9823,3.3261,8.263,10.606,500.0,0,3,"Scenario D2 — Realistic 7 m/s
(Dynamic mass, 7 m/s)",
164.0,1500.0,7.0,41.61,3.9534,3.3261,8.263,10.601,500.0,0,3,"Scenario D2 — Realistic 7 m/s
(Dynamic mass, 7 m/s)",
165.0,1500.0,7.0,41.31,3.9245,3.3261,8.263,10.596,500.0,0,3,"Scenario D2 — Realistic 7 m/s
(Dynamic mass, 7 m/s)",
166.0,1500.0,7.0,41.01,3.8955,3.3261,8.263,10.591,500.0,0,3,"Scenario D2 — Realistic 7 m/s
(Dynamic mass, 7 m/s)",
167.0,1500.0,7.0,40.7,3.8666,3.3261,8.263,10.586,500.0,0,3,"Scenario D2 — Realistic 7 m/s
(Dynamic mass, 7 m/s)",
168.0,1500.0,7.0,40.4,3.8377,3.3261,8.263,10.581,500.0,0,3,"Scenario D2 — Realistic 7 m/s
(Dynamic mass, 7 m/s)",
169.0,1500.0,7.0,40.09,3.8088,3.3261,8.263,10.576,500.0,0,3,"Scenario D2 — Realistic 7 m/s
(Dynamic mass, 7 m/s)",
170.0,1500.0,7.0,39.79,3.7798,3.3261,8.263,10.571,500.0,0,3,"Scenario D2 — Realistic 7 m/s
(Dynamic mass, 7 m/s)",
171.0,1500.0,7.0,39.48,3.7509,3.3261,8.263,10.565,500.0,0,3,"Scenario D2 — Realistic 7 m/s
(Dynamic mass, 7 m/s)",
172.0,1500.0,7.0,39.18,3.722,3.3261,8.263,10.56,500.0,0,3,"Scenario D2 — Realistic 7 m/s
(Dynamic mass, 7 m/s)",
173.0,1500.0,7.0,38.87,3.6931,3.3261,8.263,10.554,500.0,0,3,"Scenario D2 — Realistic 7 m/s
(Dynamic mass, 7 m/s)",
174.0,1500.0,7.0,38.57,3.6642,3.3261,8.263,10.549,500.0,0,3,"Scenario D2 — Realistic 7 m/s
(Dynamic mass, 7 m/s)",
175.0,1500.0,7.0,38.27,3.6352,3.3261,8.263,10.543,500.0,0,3,"Scenario D2 — Realistic 7 m/s
(Dynamic mass, 7 m/s)",
176.0,1500.0,7.0,37.96,3.6063,3.3261,8.263,10.537,500.0,0,3,"Scenario D2 — Realistic 7 m/s
(Dynamic mass, 7 m/s)",
177.0,1500.0,7.0,37.66,3.5774,3.3261,8.263,10.531,500.0,0,3,"Scenario D2 — Realistic 7 m/s
(Dynamic mass, 7 m/s)",
178.0,1500.0,7.0,37.35,3.5485,3.3261,8.263,10.525,500.0,0,3,"Scenario D2 — Realistic 7 m/s
(Dynamic mass, 7 m/s)",
179.0,1500.0,7.0,37.05,3.5195,3.3261,8.263,10.519,500.0,0,3,"Scenario D2 — Realistic 7 m/s
(Dynamic mass, 7 m/s)",
180.0,1500.0,7.0,36.74,3.4906,3.3261,8.263,10.513,500.0,0,3,"Scenario D2 — Realistic 7 m/s
(Dynamic mass, 7 m/s)",
181.0,1500.0,7.0,36.44,3.4617,3.3261,8.263,10.506,500.0,0,3,"Scenario D2 — Realistic 7 m/s
(Dynamic mass, 7 m/s)",
182.0,1500.0,7.0,36.13,3.4328,3.3261,8.263,10.5,500.0,0,3,"Scenario D2 — Realistic 7 m/s
(Dynamic mass, 7 m/s)",
183.0,1500.0,7.0,35.83,3.4039,3.3261,8.263,10.493,500.0,0,3,"Scenario D2 — Realistic 7 m/s
(Dynamic mass, 7 m/s)",
184.0,1500.0,7.0,35.53,3.3749,3.3261,8.263,10.487,500.0,0,3,"Scenario D2 — Realistic 7 m/s
(Dynamic mass, 7 m/s)",
185.0,1500.0,7.0,35.22,3.346,3.3261,8.263,10.48,500.0,0,3,"Scenario D2 — Realistic 7 m/s
(Dynamic mass, 7 m/s)",
186.0,1500.0,7.0,34.92,3.3171,3.3261,8.263,10.473,500.0,1,3,"Scenario D2 — Realistic 7 m/s
(Dynamic mass, 7 m/s)",1000.0
0.0,2500.0,12.0,99.3,9.4337,0.1525,18.942,10.397,0.0,0,1,"Scenario D3 — Realistic 12 m/s
(Dynamic mass, 12 m/s)",
1.0,2483.3,12.0,98.61,9.3679,0.1513,18.8,10.415,5.0,0,1,"Scenario D3 — Realistic 12 m/s
(Dynamic mass, 12 m/s)",
2.0,2466.6,12.0,97.92,9.3026,0.1502,18.659,10.432,10.0,0,1,"Scenario D3 — Realistic 12 m/s
(Dynamic mass, 12 m/s)",
3.0,2449.9,12.0,97.24,9.2378,0.2236,18.518,10.448,15.0,0,1,"Scenario D3 — Realistic 12 m/s
(Dynamic mass, 12 m/s)",
4.0,2433.2,12.0,96.56,9.1735,0.2959,18.378,10.462,20.0,0,1,"Scenario D3 — Realistic 12 m/s
(Dynamic mass, 12 m/s)",
5.0,2416.5,12.0,95.89,9.1096,0.367,18.238,10.475,25.0,0,1,"Scenario D3 — Realistic 12 m/s
(Dynamic mass, 12 m/s)",
6.0,2399.8,12.0,95.22,9.0463,0.4371,18.099,10.487,30.0,0,1,"Scenario D3 — Realistic 12 m/s
(Dynamic mass, 12 m/s)",
7.0,2383.1,12.0,94.56,8.9834,0.506,17.96,10.498,35.0,0,1,"Scenario D3 — Realistic 12 m/s
(Dynamic mass, 12 m/s)",
8.0,2366.4,12.0,93.91,8.921,0.5739,17.822,10.508,40.0,0,1,"Scenario D3 — Realistic 12 m/s
(Dynamic mass, 12 m/s)",
9.0,2349.7,12.0,93.25,8.8591,0.6406,17.684,10.518,45.0,0,1,"Scenario D3 — Realistic 12 m/s
(Dynamic mass, 12 m/s)",
10.0,2333.0,12.0,92.61,8.7977,0.7062,17.547,10.526,50.0,0,1,"Scenario D3 — Realistic 12 m/s
(Dynamic mass, 12 m/s)",
11.0,2316.3,12.0,91.97,8.7368,0.7708,17.41,10.534,55.0,0,1,"Scenario D3 — Realistic 12 m/s
(Dynamic mass, 12 m/s)",
12.0,2299.6,12.0,91.33,8.6763,0.8343,17.273,10.541,60.0,0,1,"Scenario D3 — Realistic 12 m/s
(Dynamic mass, 12 m/s)",
13.0,2282.9,12.0,90.7,8.6164,0.8967,17.137,10.547,65.0,0,1,"Scenario D3 — Realistic 12 m/s
(Dynamic mass, 12 m/s)",
14.0,2266.2,12.0,90.07,8.5569,0.9581,17.002,10.553,70.0,0,1,"Scenario D3 — Realistic 12 m/s
(Dynamic mass, 12 m/s)",
15.0,2249.5,12.0,89.45,8.4978,1.0184,16.867,10.559,75.0,0,1,"Scenario D3 — Realistic 12 m/s
(Dynamic mass, 12 m/s)",
16.0,2232.8,12.0,88.83,8.4393,1.0776,16.733,10.564,80.0,0,1,"Scenario D3 — Realistic 12 m/s
(Dynamic mass, 12 m/s)",
17.0,2216.1,12.0,88.22,8.3812,1.1358,16.599,10.568,85.0,0,1,"Scenario D3 — Realistic 12 m/s
(Dynamic mass, 12 m/s)",
18.0,2199.4,12.0,87.62,8.3235,1.1929,16.465,10.572,90.0,0,1,"Scenario D3 — Realistic 12 m/s
(Dynamic mass, 12 m/s)",
19.0,2182.7,12.0,87.01,8.2664,1.249,16.333,10.576,95.0,0,1,"Scenario D3 — Realistic 12 m/s
(Dynamic mass, 12 m/s)",
20.0,2166.0,12.0,86.42,8.2097,1.3041,16.2,10.579,100.0,0,1,"Scenario D3 — Realistic 12 m/s
(Dynamic mass, 12 m/s)",
21.0,2149.3,12.0,85.83,8.1534,1.3582,16.068,10.582,105.0,0,1,"Scenario D3 — Realistic 12 m/s
(Dynamic mass, 12 m/s)",
22.0,2132.6,12.0,85.24,8.0976,1.4112,15.937,10.585,110.0,0,1,"Scenario D3 — Realistic 12 m/s
(Dynamic mass, 12 m/s)",
23.0,2115.9,12.0,84.66,8.0423,1.4633,15.806,10.587,115.0,0,1,"Scenario D3 — Realistic 12 m/s
(Dynamic mass, 12 m/s)",
24.0,2099.2,12.0,84.08,7.9875,1.5143,15.676,10.59,120.0,0,1,"Scenario D3 — Realistic 12 m/s
(Dynamic mass, 12 m/s)",
25.0,2082.5,12.0,83.51,7.9331,1.5643,15.546,10.592,125.0,0,1,"Scenario D3 — Realistic 12 m/s
(Dynamic mass, 12 m/s)",
26.0,2065.8,12.0,82.94,7.8791,1.6134,15.417,10.594,130.0,0,1,"Scenario D3 — Realistic 12 m/s
(Dynamic mass, 12 m/s)",
27.0,2049.1,12.0,82.37,7.8256,1.6614,15.288,10.596,135.0,0,1,"Scenario D3 — Realistic 12 m/s
(Dynamic mass, 12 m/s)",
28.0,2032.4,12.0,81.82,7.7725,1.7085,15.16,10.598,140.0,0,1,"Scenario D3 — Realistic 12 m/s
(Dynamic mass, 12 m/s)",
29.0,2015.7,12.0,81.26,7.7199,1.7546,15.032,10.599,145.0,0,1,"Scenario D3 — Realistic 12 m/s
(Dynamic mass, 12 m/s)",
30.0,1999.0,12.0,80.71,7.6677,1.7998,14.905,10.601,150.0,0,1,"Scenario D3 — Realistic 12 m/s
(Dynamic mass, 12 m/s)",
31.0,1982.3,12.0,80.17,7.616,1.844,14.778,10.602,155.0,0,1,"Scenario D3 — Realistic 12 m/s
(Dynamic mass, 12 m/s)",
32.0,1965.6,12.0,79.63,7.5647,1.8872,14.652,10.604,160.0,0,1,"Scenario D3 — Realistic 12 m/s
(Dynamic mass, 12 m/s)",
33.0,1948.9,12.0,79.09,7.5139,1.9295,14.526,10.605,165.0,0,1,"Scenario D3 — Realistic 12 m/s
(Dynamic mass, 12 m/s)",
34.0,1932.2,12.0,78.56,7.4635,1.9708,14.401,10.607,170.0,0,1,"Scenario D3 — Realistic 12 m/s
(Dynamic mass, 12 m/s)",
35.0,1915.5,12.0,78.04,7.4135,2.0113,14.277,10.608,175.0,0,1,"Scenario D3 — Realistic 12 m/s
(Dynamic mass, 12 m/s)",
36.0,1898.8,12.0,77.52,7.364,2.0508,14.153,10.61,180.0,0,1,"Scenario D3 — Realistic 12 m/s
(Dynamic mass, 12 m/s)",
37.0,1882.1,12.0,77.0,7.3149,2.0893,14.03,10.611,185.0,0,1,"Scenario D3 — Realistic 12 m/s
(Dynamic mass, 12 m/s)",
38.0,1865.4,12.0,76.49,7.2662,2.127,13.907,10.613,190.0,0,1,"Scenario D3 — Realistic 12 m/s
(Dynamic mass, 12 m/s)",
39.0,1848.7,12.0,75.98,7.218,2.1638,13.784,10.614,195.0,0,1,"Scenario D3 — Realistic 12 m/s
(Dynamic mass, 12 m/s)",
40.0,1832.0,12.0,75.48,7.1701,2.1997,13.663,10.616,200.0,0,1,"Scenario D3 — Realistic 12 m/s
(Dynamic mass, 12 m/s)",
41.0,1815.3,12.0,74.98,7.1228,2.2347,13.541,10.618,205.0,0,1,"Scenario D3 — Realistic 12 m/s
(Dynamic mass, 12 m/s)",
42.0,1798.6,12.0,74.48,7.0758,2.2688,13.421,10.62,210.0,0,1,"Scenario D3 — Realistic 12 m/s
(Dynamic mass, 12 m/s)",
43.0,1781.9,12.0,73.99,7.0292,2.302,13.301,10.621,215.0,0,1,"Scenario D3 — Realistic 12 m/s
(Dynamic mass, 12 m/s)",
44.0,1765.2,12.0,73.51,6.9831,2.3344,13.181,10.623,220.0,0,1,"Scenario D3 — Realistic 12 m/s
(Dynamic mass, 12 m/s)",
45.0,1748.5,12.0,73.03,6.9374,2.3659,13.062,10.625,225.0,0,1,"Scenario D3 — Realistic 12 m/s
(Dynamic mass, 12 m/s)",
46.0,1731.8,12.0,72.55,6.8921,2.3965,12.944,10.627,230.0,0,1,"Scenario D3 — Realistic 12 m/s
(Dynamic mass, 12 m/s)",
47.0,1715.1,12.0,72.08,6.8472,2.4263,12.826,10.63,235.0,0,1,"Scenario D3 — Realistic 12 m/s
(Dynamic mass, 12 m/s)",
48.0,1698.4,12.0,71.61,6.8027,2.4553,12.708,10.632,240.0,0,1,"Scenario D3 — Realistic 12 m/s
(Dynamic mass, 12 m/s)",
49.0,1681.7,12.0,71.14,6.7586,2.4834,12.592,10.634,245.0,0,1,"Scenario D3 — Realistic 12 m/s
(Dynamic mass, 12 m/s)",
50.0,1665.0,12.0,70.68,6.715,2.5107,12.476,10.637,250.0,0,1,"Scenario D3 — Realistic 12 m/s
(Dynamic mass, 12 m/s)",
51.0,1648.3,12.0,70.23,6.6717,2.5372,12.36,10.639,255.0,0,1,"Scenario D3 — Realistic 12 m/s
(Dynamic mass, 12 m/s)",
52.0,1631.6,12.0,69.78,6.6289,2.5629,12.245,10.642,260.0,0,1,"Scenario D3 — Realistic 12 m/s
(Dynamic mass, 12 m/s)",
53.0,1614.9,12.0,69.33,6.5864,2.5878,12.131,10.645,265.0,0,1,"Scenario D3 — Realistic 12 m/s
(Dynamic mass, 12 m/s)",
54.0,1598.2,12.0,68.89,6.5443,2.6119,12.017,10.647,270.0,0,1,"Scenario D3 — Realistic 12 m/s
(Dynamic mass, 12 m/s)",
55.0,1581.5,12.0,68.45,6.5027,2.6352,11.904,10.65,275.0,0,1,"Scenario D3 — Realistic 12 m/s
(Dynamic mass, 12 m/s)",
56.0,1564.8,12.0,68.01,6.4614,2.6577,11.791,10.653,280.0,0,1,"Scenario D3 — Realistic 12 m/s
(Dynamic mass, 12 m/s)",
57.0,1548.1,12.0,67.58,6.4205,2.6795,11.679,10.657,285.0,0,1,"Scenario D3 — Realistic 12 m/s
(Dynamic mass, 12 m/s)",
58.0,1531.4,12.0,67.16,6.38,2.7005,11.568,10.66,290.0,0,1,"Scenario D3 — Realistic 12 m/s
(Dynamic mass, 12 m/s)",
59.0,1514.7,12.0,66.74,6.3399,2.7208,11.457,10.663,295.0,0,1,"Scenario D3 — Realistic 12 m/s
(Dynamic mass, 12 m/s)",
60.0,1500.0,12.0,66.32,6.3002,2.7434,11.36,10.665,300.0,0,1,"Scenario D3 — Realistic 12 m/s
(Dynamic mass, 12 m/s)",
61.0,1500.0,12.0,65.9,6.2604,2.7892,11.36,10.656,305.0,0,1,"Scenario D3 — Realistic 12 m/s
(Dynamic mass, 12 m/s)",
62.0,1500.0,12.0,65.48,6.2207,2.8349,11.36,10.646,310.0,0,1,"Scenario D3 — Realistic 12 m/s
(Dynamic mass, 12 m/s)",
63.0,1500.0,12.0,65.06,6.1809,2.8806,11.36,10.637,315.0,0,1,"Scenario D3 — Realistic 12 m/s
(Dynamic mass, 12 m/s)",
64.0,1500.0,12.0,64.64,6.1411,2.9263,11.36,10.627,320.0,0,1,"Scenario D3 — Realistic 12 m/s
(Dynamic mass, 12 m/s)",
65.0,1500.0,12.0,64.23,6.1014,2.9721,11.36,10.618,325.0,0,1,"Scenario D3 — Realistic 12 m/s
(Dynamic mass, 12 m/s)",
66.0,1500.0,12.0,63.81,6.0616,3.0178,11.36,10.609,330.0,0,1,"Scenario D3 — Realistic 12 m/s
(Dynamic mass, 12 m/s)",
67.0,1500.0,12.0,63.39,6.0219,3.0635,11.36,10.6,335.0,0,1,"Scenario D3 — Realistic 12 m/s
(Dynamic mass, 12 m/s)",
68.0,1500.0,12.0,62.97,5.9821,3.1092,11.36,10.591,340.0,0,1,"Scenario D3 — Realistic 12 m/s
(Dynamic mass, 12 m/s)",
69.0,1500.0,12.0,62.55,5.9423,3.155,11.36,10.583,345.0,0,1,"Scenario D3 — Realistic 12 m/s
(Dynamic mass, 12 m/s)",
70.0,1500.0,12.0,62.13,5.9026,3.2007,11.36,10.574,350.0,0,1,"Scenario D3 — Realistic 12 m/s
(Dynamic mass, 12 m/s)",
71.0,1500.0,12.0,61.71,5.8628,3.2464,11.36,10.565,355.0,0,1,"Scenario D3 — Realistic 12 m/s
(Dynamic mass, 12 m/s)",
72.0,1500.0,12.0,61.3,5.8231,3.2921,11.36,10.557,360.0,0,1,"Scenario D3 — Realistic 12 m/s
(Dynamic mass, 12 m/s)",
73.0,1500.0,12.0,60.88,5.7833,3.3379,11.36,10.548,365.0,0,1,"Scenario D3 — Realistic 12 m/s
(Dynamic mass, 12 m/s)",
74.0,1500.0,12.0,60.46,5.7435,3.3836,11.36,10.54,370.0,0,1,"Scenario D3 — Realistic 12 m/s
(Dynamic mass, 12 m/s)",
75.0,1500.0,12.0,60.04,5.7038,3.4293,11.36,10.532,375.0,0,1,"Scenario D3 — Realistic 12 m/s
(Dynamic mass, 12 m/s)",
76.0,1500.0,12.0,59.62,5.664,3.475,11.36,10.524,380.0,0,1,"Scenario D3 — Realistic 12 m/s
(Dynamic mass, 12 m/s)",
77.0,1500.0,12.0,59.2,5.6243,3.5208,11.36,10.516,385.0,0,1,"Scenario D3 — Realistic 12 m/s
(Dynamic mass, 12 m/s)",
78.0,1500.0,12.0,58.78,5.5845,3.5665,11.36,10.508,390.0,0,1,"Scenario D3 — Realistic 12 m/s
(Dynamic mass, 12 m/s)",
79.0,1500.0,12.0,58.37,5.5447,3.6122,11.36,10.5,395.0,0,1,"Scenario D3 — Realistic 12 m/s
(Dynamic mass, 12 m/s)",
80.0,1500.0,12.0,57.95,5.505,3.6579,11.36,10.492,400.0,0,1,"Scenario D3 — Realistic 12 m/s
(Dynamic mass, 12 m/s)",
81.0,1500.0,12.0,57.53,5.4652,3.7036,11.36,10.485,405.0,0,1,"Scenario D3 — Realistic 12 m/s
(Dynamic mass, 12 m/s)",
82.0,1500.0,12.0,57.11,5.4255,3.7494,11.36,10.477,410.0,0,1,"Scenario D3 — Realistic 12 m/s
(Dynamic mass, 12 m/s)",
83.0,1500.0,12.0,56.69,5.3857,3.7951,11.36,10.47,415.0,0,1,"Scenario D3 — Realistic 12 m/s
(Dynamic mass, 12 m/s)",
84.0,1500.0,12.0,56.27,5.3459,3.8408,11.36,10.462,420.0,0,1,"Scenario D3 — Realistic 12 m/s
(Dynamic mass, 12 m/s)",
85.0,1500.0,12.0,55.85,5.3062,3.8865,11.36,10.455,425.0,0,1,"Scenario D3 — Realistic 12 m/s
(Dynamic mass, 12 m/s)",
86.0,1500.0,12.0,55.44,5.2664,3.9323,11.36,10.448,430.0,0,1,"Scenario D3 — Realistic 12 m/s
(Dynamic mass, 12 m/s)",
87.0,1500.0,12.0,55.02,5.2267,3.978,11.36,10.441,435.0,0,1,"Scenario D3 — Realistic 12 m/s
(Dynamic mass, 12 m/s)",
88.0,1500.0,12.0,54.6,5.1869,4.0237,11.36,10.434,440.0,0,1,"Scenario D3 — Realistic 12 m/s
(Dynamic mass, 12 m/s)",
89.0,1500.0,12.0,54.18,5.1471,4.0694,11.36,10.427,445.0,0,1,"Scenario D3 — Realistic 12 m/s
(Dynamic mass, 12 m/s)",
90.0,1500.0,12.0,53.76,5.1074,4.1152,11.36,10.42,450.0,0,1,"Scenario D3 — Realistic 12 m/s
(Dynamic mass, 12 m/s)",
91.0,1500.0,12.0,53.34,5.0676,4.1609,11.36,10.413,455.0,0,1,"Scenario D3 — Realistic 12 m/s
(Dynamic mass, 12 m/s)",
92.0,1500.0,12.0,52.92,5.0279,4.2066,11.36,10.406,460.0,0,1,"Scenario D3 — Realistic 12 m/s
(Dynamic mass, 12 m/s)",
93.0,1500.0,12.0,52.51,4.9881,4.2523,11.36,10.399,465.0,0,1,"Scenario D3 — Realistic 12 m/s
(Dynamic mass, 12 m/s)",
94.0,1500.0,12.0,52.09,4.9483,4.2981,11.36,10.392,470.0,0,1,"Scenario D3 — Realistic 12 m/s
(Dynamic mass, 12 m/s)",
95.0,1500.0,12.0,51.67,4.9086,4.3438,11.36,10.386,475.0,0,1,"Scenario D3 — Realistic 12 m/s
(Dynamic mass, 12 m/s)",
96.0,1500.0,12.0,51.25,4.8688,4.3895,11.36,10.379,480.0,0,1,"Scenario D3 — Realistic 12 m/s
(Dynamic mass, 12 m/s)",
97.0,1500.0,12.0,50.83,4.8291,4.4352,11.36,10.372,485.0,0,1,"Scenario D3 — Realistic 12 m/s
(Dynamic mass, 12 m/s)",
98.0,1500.0,12.0,50.41,4.7893,4.481,11.36,10.366,490.0,0,1,"Scenario D3 — Realistic 12 m/s
(Dynamic mass, 12 m/s)",
99.0,1500.0,12.0,50.0,4.7495,4.5267,11.36,10.359,495.0,0,1,"Scenario D3 — Realistic 12 m/s
(Dynamic mass, 12 m/s)",
100.0,1500.0,12.0,49.58,4.7098,4.5724,11.36,10.353,500.0,0,1,"Scenario D3 — Realistic 12 m/s
(Dynamic mass, 12 m/s)",
101.0,1500.0,12.0,49.16,4.67,4.5724,11.36,10.346,500.0,0,1,"Scenario D3 — Realistic 12 m/s
(Dynamic mass, 12 m/s)",
102.0,1500.0,12.0,48.74,4.6303,4.5724,11.36,10.34,500.0,0,1,"Scenario D3 — Realistic 12 m/s
(Dynamic mass, 12 m/s)",
103.0,1500.0,12.0,48.32,4.5905,4.5724,11.36,10.333,500.0,0,1,"Scenario D3 — Realistic 12 m/s
(Dynamic mass, 12 m/s)",
104.0,1500.0,12.0,47.9,4.5507,4.5724,11.36,10.327,500.0,1,1,"Scenario D3 — Realistic 12 m/s
(Dynamic mass, 12 m/s)",1000.0
0.0,2500.0,12.0,99.3,9.4337,0.1525,18.942,10.397,0.0,0,2,"Scenario D3 — Realistic 12 m/s
(Dynamic mass, 12 m/s)",
1.0,2483.3,12.0,98.61,9.3679,0.1513,18.8,10.415,5.0,0,2,"Scenario D3 — Realistic 12 m/s
(Dynamic mass, 12 m/s)",
2.0,2466.6,12.0,97.92,9.3026,0.1502,18.659,10.432,10.0,0,2,"Scenario D3 — Realistic 12 m/s
(Dynamic mass, 12 m/s)",
3.0,2449.9,12.0,97.24,9.2378,0.2236,18.518,10.448,15.0,0,2,"Scenario D3 — Realistic 12 m/s
(Dynamic mass, 12 m/s)",
4.0,2433.2,12.0,96.56,9.1735,0.2959,18.378,10.462,20.0,0,2,"Scenario D3 — Realistic 12 m/s
(Dynamic mass, 12 m/s)",
5.0,2416.5,12.0,95.89,9.1096,0.367,18.238,10.475,25.0,0,2,"Scenario D3 — Realistic 12 m/s
(Dynamic mass, 12 m/s)",
6.0,2399.8,12.0,95.22,9.0463,0.4371,18.099,10.487,30.0,0,2,"Scenario D3 — Realistic 12 m/s
(Dynamic mass, 12 m/s)",
7.0,2383.1,12.0,94.56,8.9834,0.506,17.96,10.498,35.0,0,2,"Scenario D3 — Realistic 12 m/s
(Dynamic mass, 12 m/s)",
8.0,2366.4,12.0,93.91,8.921,0.5739,17.822,10.508,40.0,0,2,"Scenario D3 — Realistic 12 m/s
(Dynamic mass, 12 m/s)",
9.0,2349.7,12.0,93.25,8.8591,0.6406,17.684,10.518,45.0,0,2,"Scenario D3 — Realistic 12 m/s
(Dynamic mass, 12 m/s)",
10.0,2333.0,12.0,92.61,8.7977,0.7062,17.547,10.526,50.0,0,2,"Scenario D3 — Realistic 12 m/s
(Dynamic mass, 12 m/s)",
11.0,2316.3,12.0,91.97,8.7368,0.7708,17.41,10.534,55.0,0,2,"Scenario D3 — Realistic 12 m/s
(Dynamic mass, 12 m/s)",
12.0,2299.6,12.0,91.33,8.6763,0.8343,17.273,10.541,60.0,0,2,"Scenario D3 — Realistic 12 m/s
(Dynamic mass, 12 m/s)",
13.0,2282.9,12.0,90.7,8.6164,0.8967,17.137,10.547,65.0,0,2,"Scenario D3 — Realistic 12 m/s
(Dynamic mass, 12 m/s)",
14.0,2266.2,12.0,90.07,8.5569,0.9581,17.002,10.553,70.0,0,2,"Scenario D3 — Realistic 12 m/s
(Dynamic mass, 12 m/s)",
15.0,2249.5,12.0,89.45,8.4978,1.0184,16.867,10.559,75.0,0,2,"Scenario D3 — Realistic 12 m/s
(Dynamic mass, 12 m/s)",
16.0,2232.8,12.0,88.83,8.4393,1.0776,16.733,10.564,80.0,0,2,"Scenario D3 — Realistic 12 m/s
(Dynamic mass, 12 m/s)",
17.0,2216.1,12.0,88.22,8.3812,1.1358,16.599,10.568,85.0,0,2,"Scenario D3 — Realistic 12 m/s
(Dynamic mass, 12 m/s)",
18.0,2199.4,12.0,87.62,8.3235,1.1929,16.465,10.572,90.0,0,2,"Scenario D3 — Realistic 12 m/s
(Dynamic mass, 12 m/s)",
19.0,2182.7,12.0,87.01,8.2664,1.249,16.333,10.576,95.0,0,2,"Scenario D3 — Realistic 12 m/s
(Dynamic mass, 12 m/s)",
20.0,2166.0,12.0,86.42,8.2097,1.3041,16.2,10.579,100.0,0,2,"Scenario D3 — Realistic 12 m/s
(Dynamic mass, 12 m/s)",
21.0,2149.3,12.0,85.83,8.1534,1.3582,16.068,10.582,105.0,0,2,"Scenario D3 — Realistic 12 m/s
(Dynamic mass, 12 m/s)",
22.0,2132.6,12.0,85.24,8.0976,1.4112,15.937,10.585,110.0,0,2,"Scenario D3 — Realistic 12 m/s
(Dynamic mass, 12 m/s)",
23.0,2115.9,12.0,84.66,8.0423,1.4633,15.806,10.587,115.0,0,2,"Scenario D3 — Realistic 12 m/s
(Dynamic mass, 12 m/s)",
24.0,2099.2,12.0,84.08,7.9875,1.5143,15.676,10.59,120.0,0,2,"Scenario D3 — Realistic 12 m/s
(Dynamic mass, 12 m/s)",
25.0,2082.5,12.0,83.51,7.9331,1.5643,15.546,10.592,125.0,0,2,"Scenario D3 — Realistic 12 m/s
(Dynamic mass, 12 m/s)",
26.0,2065.8,12.0,82.94,7.8791,1.6134,15.417,10.594,130.0,0,2,"Scenario D3 — Realistic 12 m/s
(Dynamic mass, 12 m/s)",
27.0,2049.1,12.0,82.37,7.8256,1.6614,15.288,10.596,135.0,0,2,"Scenario D3 — Realistic 12 m/s
(Dynamic mass, 12 m/s)",
28.0,2032.4,12.0,81.82,7.7725,1.7085,15.16,10.598,140.0,0,2,"Scenario D3 — Realistic 12 m/s
(Dynamic mass, 12 m/s)",
29.0,2015.7,12.0,81.26,7.7199,1.7546,15.032,10.599,145.0,0,2,"Scenario D3 — Realistic 12 m/s
(Dynamic mass, 12 m/s)",
30.0,1999.0,12.0,80.71,7.6677,1.7998,14.905,10.601,150.0,0,2,"Scenario D3 — Realistic 12 m/s
(Dynamic mass, 12 m/s)",
31.0,1982.3,12.0,80.17,7.616,1.844,14.778,10.602,155.0,0,2,"Scenario D3 — Realistic 12 m/s
(Dynamic mass, 12 m/s)",
32.0,1965.6,12.0,79.63,7.5647,1.8872,14.652,10.604,160.0,0,2,"Scenario D3 — Realistic 12 m/s
(Dynamic mass, 12 m/s)",
33.0,1948.9,12.0,79.09,7.5139,1.9295,14.526,10.605,165.0,0,2,"Scenario D3 — Realistic 12 m/s
(Dynamic mass, 12 m/s)",
34.0,1932.2,12.0,78.56,7.4635,1.9708,14.401,10.607,170.0,0,2,"Scenario D3 — Realistic 12 m/s
(Dynamic mass, 12 m/s)",
35.0,1915.5,12.0,78.04,7.4135,2.0113,14.277,10.608,175.0,0,2,"Scenario D3 — Realistic 12 m/s
(Dynamic mass, 12 m/s)",
36.0,1898.8,12.0,77.52,7.364,2.0508,14.153,10.61,180.0,0,2,"Scenario D3 — Realistic 12 m/s
(Dynamic mass, 12 m/s)",
37.0,1882.1,12.0,77.0,7.3149,2.0893,14.03,10.611,185.0,0,2,"Scenario D3 — Realistic 12 m/s
(Dynamic mass, 12 m/s)",
38.0,1865.4,12.0,76.49,7.2662,2.127,13.907,10.613,190.0,0,2,"Scenario D3 — Realistic 12 m/s
(Dynamic mass, 12 m/s)",
39.0,1848.7,12.0,75.98,7.218,2.1638,13.784,10.614,195.0,0,2,"Scenario D3 — Realistic 12 m/s
(Dynamic mass, 12 m/s)",
40.0,1832.0,12.0,75.48,7.1701,2.1997,13.663,10.616,200.0,0,2,"Scenario D3 — Realistic 12 m/s
(Dynamic mass, 12 m/s)",
41.0,1815.3,12.0,74.98,7.1228,2.2347,13.541,10.618,205.0,0,2,"Scenario D3 — Realistic 12 m/s
(Dynamic mass, 12 m/s)",
42.0,1798.6,12.0,74.48,7.0758,2.2688,13.421,10.62,210.0,0,2,"Scenario D3 — Realistic 12 m/s
(Dynamic mass, 12 m/s)",
43.0,1781.9,12.0,73.99,7.0292,2.302,13.301,10.621,215.0,0,2,"Scenario D3 — Realistic 12 m/s
(Dynamic mass, 12 m/s)",
44.0,1765.2,12.0,73.51,6.9831,2.3344,13.181,10.623,220.0,0,2,"Scenario D3 — Realistic 12 m/s
(Dynamic mass, 12 m/s)",
45.0,1748.5,12.0,73.03,6.9374,2.3659,13.062,10.625,225.0,0,2,"Scenario D3 — Realistic 12 m/s
(Dynamic mass, 12 m/s)",
46.0,1731.8,12.0,72.55,6.8921,2.3965,12.944,10.627,230.0,0,2,"Scenario D3 — Realistic 12 m/s
(Dynamic mass, 12 m/s)",
47.0,1715.1,12.0,72.08,6.8472,2.4263,12.826,10.63,235.0,0,2,"Scenario D3 — Realistic 12 m/s
(Dynamic mass, 12 m/s)",
48.0,1698.4,12.0,71.61,6.8027,2.4553,12.708,10.632,240.0,0,2,"Scenario D3 — Realistic 12 m/s
(Dynamic mass, 12 m/s)",
49.0,1681.7,12.0,71.14,6.7586,2.4834,12.592,10.634,245.0,0,2,"Scenario D3 — Realistic 12 m/s
(Dynamic mass, 12 m/s)",
50.0,1665.0,12.0,70.68,6.715,2.5107,12.476,10.637,250.0,0,2,"Scenario D3 — Realistic 12 m/s
(Dynamic mass, 12 m/s)",
51.0,1648.3,12.0,70.23,6.6717,2.5372,12.36,10.639,255.0,0,2,"Scenario D3 — Realistic 12 m/s
(Dynamic mass, 12 m/s)",
52.0,1631.6,12.0,69.78,6.6289,2.5629,12.245,10.642,260.0,0,2,"Scenario D3 — Realistic 12 m/s
(Dynamic mass, 12 m/s)",
53.0,1614.9,12.0,69.33,6.5864,2.5878,12.131,10.645,265.0,0,2,"Scenario D3 — Realistic 12 m/s
(Dynamic mass, 12 m/s)",
54.0,1598.2,12.0,68.89,6.5443,2.6119,12.017,10.647,270.0,0,2,"Scenario D3 — Realistic 12 m/s
(Dynamic mass, 12 m/s)",
55.0,1581.5,12.0,68.45,6.5027,2.6352,11.904,10.65,275.0,0,2,"Scenario D3 — Realistic 12 m/s
(Dynamic mass, 12 m/s)",
56.0,1564.8,12.0,68.01,6.4614,2.6577,11.791,10.653,280.0,0,2,"Scenario D3 — Realistic 12 m/s
(Dynamic mass, 12 m/s)",
57.0,1548.1,12.0,67.58,6.4205,2.6795,11.679,10.657,285.0,0,2,"Scenario D3 — Realistic 12 m/s
(Dynamic mass, 12 m/s)",
58.0,1531.4,12.0,67.16,6.38,2.7005,11.568,10.66,290.0,0,2,"Scenario D3 — Realistic 12 m/s
(Dynamic mass, 12 m/s)",
59.0,1514.7,12.0,66.74,6.3399,2.7208,11.457,10.663,295.0,0,2,"Scenario D3 — Realistic 12 m/s
(Dynamic mass, 12 m/s)",
60.0,1500.0,12.0,66.32,6.3002,2.7434,11.36,10.665,300.0,0,2,"Scenario D3 — Realistic 12 m/s
(Dynamic mass, 12 m/s)",
61.0,1500.0,12.0,65.9,6.2604,2.7892,11.36,10.656,305.0,0,2,"Scenario D3 — Realistic 12 m/s
(Dynamic mass, 12 m/s)",
62.0,1500.0,12.0,65.48,6.2207,2.8349,11.36,10.646,310.0,0,2,"Scenario D3 — Realistic 12 m/s
(Dynamic mass, 12 m/s)",
63.0,1500.0,12.0,65.06,6.1809,2.8806,11.36,10.637,315.0,0,2,"Scenario D3 — Realistic 12 m/s
(Dynamic mass, 12 m/s)",
64.0,1500.0,12.0,64.64,6.1411,2.9263,11.36,10.627,320.0,0,2,"Scenario D3 — Realistic 12 m/s
(Dynamic mass, 12 m/s)",
65.0,1500.0,12.0,64.23,6.1014,2.9721,11.36,10.618,325.0,0,2,"Scenario D3 — Realistic 12 m/s
(Dynamic mass, 12 m/s)",
66.0,1500.0,12.0,63.81,6.0616,3.0178,11.36,10.609,330.0,0,2,"Scenario D3 — Realistic 12 m/s
(Dynamic mass, 12 m/s)",
67.0,1500.0,12.0,63.39,6.0219,3.0635,11.36,10.6,335.0,0,2,"Scenario D3 — Realistic 12 m/s
(Dynamic mass, 12 m/s)",
68.0,1500.0,12.0,62.97,5.9821,3.1092,11.36,10.591,340.0,0,2,"Scenario D3 — Realistic 12 m/s
(Dynamic mass, 12 m/s)",
69.0,1500.0,12.0,62.55,5.9423,3.155,11.36,10.583,345.0,0,2,"Scenario D3 — Realistic 12 m/s
(Dynamic mass, 12 m/s)",
70.0,1500.0,12.0,62.13,5.9026,3.2007,11.36,10.574,350.0,0,2,"Scenario D3 — Realistic 12 m/s
(Dynamic mass, 12 m/s)",
71.0,1500.0,12.0,61.71,5.8628,3.2464,11.36,10.565,355.0,0,2,"Scenario D3 — Realistic 12 m/s
(Dynamic mass, 12 m/s)",
72.0,1500.0,12.0,61.3,5.8231,3.2921,11.36,10.557,360.0,0,2,"Scenario D3 — Realistic 12 m/s
(Dynamic mass, 12 m/s)",
73.0,1500.0,12.0,60.88,5.7833,3.3379,11.36,10.548,365.0,0,2,"Scenario D3 — Realistic 12 m/s
(Dynamic mass, 12 m/s)",
74.0,1500.0,12.0,60.46,5.7435,3.3836,11.36,10.54,370.0,0,2,"Scenario D3 — Realistic 12 m/s
(Dynamic mass, 12 m/s)",
75.0,1500.0,12.0,60.04,5.7038,3.4293,11.36,10.532,375.0,0,2,"Scenario D3 — Realistic 12 m/s
(Dynamic mass, 12 m/s)",
76.0,1500.0,12.0,59.62,5.664,3.475,11.36,10.524,380.0,0,2,"Scenario D3 — Realistic 12 m/s
(Dynamic mass, 12 m/s)",
77.0,1500.0,12.0,59.2,5.6243,3.5208,11.36,10.516,385.0,0,2,"Scenario D3 — Realistic 12 m/s
(Dynamic mass, 12 m/s)",
78.0,1500.0,12.0,58.78,5.5845,3.5665,11.36,10.508,390.0,0,2,"Scenario D3 — Realistic 12 m/s
(Dynamic mass, 12 m/s)",
79.0,1500.0,12.0,58.37,5.5447,3.6122,11.36,10.5,395.0,0,2,"Scenario D3 — Realistic 12 m/s
(Dynamic mass, 12 m/s)",
80.0,1500.0,12.0,57.95,5.505,3.6579,11.36,10.492,400.0,0,2,"Scenario D3 — Realistic 12 m/s
(Dynamic mass, 12 m/s)",
81.0,1500.0,12.0,57.53,5.4652,3.7036,11.36,10.485,405.0,0,2,"Scenario D3 — Realistic 12 m/s
(Dynamic mass, 12 m/s)",
82.0,1500.0,12.0,57.11,5.4255,3.7494,11.36,10.477,410.0,0,2,"Scenario D3 — Realistic 12 m/s
(Dynamic mass, 12 m/s)",
83.0,1500.0,12.0,56.69,5.3857,3.7951,11.36,10.47,415.0,0,2,"Scenario D3 — Realistic 12 m/s
(Dynamic mass, 12 m/s)",
84.0,1500.0,12.0,56.27,5.3459,3.8408,11.36,10.462,420.0,0,2,"Scenario D3 — Realistic 12 m/s
(Dynamic mass, 12 m/s)",
85.0,1500.0,12.0,55.85,5.3062,3.8865,11.36,10.455,425.0,0,2,"Scenario D3 — Realistic 12 m/s
(Dynamic mass, 12 m/s)",
86.0,1500.0,12.0,55.44,5.2664,3.9323,11.36,10.448,430.0,0,2,"Scenario D3 — Realistic 12 m/s
(Dynamic mass, 12 m/s)",
87.0,1500.0,12.0,55.02,5.2267,3.978,11.36,10.441,435.0,0,2,"Scenario D3 — Realistic 12 m/s
(Dynamic mass, 12 m/s)",
88.0,1500.0,12.0,54.6,5.1869,4.0237,11.36,10.434,440.0,0,2,"Scenario D3 — Realistic 12 m/s
(Dynamic mass, 12 m/s)",
89.0,1500.0,12.0,54.18,5.1471,4.0694,11.36,10.427,445.0,0,2,"Scenario D3 — Realistic 12 m/s
(Dynamic mass, 12 m/s)",
90.0,1500.0,12.0,53.76,5.1074,4.1152,11.36,10.42,450.0,0,2,"Scenario D3 — Realistic 12 m/s
(Dynamic mass, 12 m/s)",
91.0,1500.0,12.0,53.34,5.0676,4.1609,11.36,10.413,455.0,0,2,"Scenario D3 — Realistic 12 m/s
(Dynamic mass, 12 m/s)",
92.0,1500.0,12.0,52.92,5.0279,4.2066,11.36,10.406,460.0,0,2,"Scenario D3 — Realistic 12 m/s
(Dynamic mass, 12 m/s)",
93.0,1500.0,12.0,52.51,4.9881,4.2523,11.36,10.399,465.0,0,2,"Scenario D3 — Realistic 12 m/s
(Dynamic mass, 12 m/s)",
94.0,1500.0,12.0,52.09,4.9483,4.2981,11.36,10.392,470.0,0,2,"Scenario D3 — Realistic 12 m/s
(Dynamic mass, 12 m/s)",
95.0,1500.0,12.0,51.67,4.9086,4.3438,11.36,10.386,475.0,0,2,"Scenario D3 — Realistic 12 m/s
(Dynamic mass, 12 m/s)",
96.0,1500.0,12.0,51.25,4.8688,4.3895,11.36,10.379,480.0,0,2,"Scenario D3 — Realistic 12 m/s
(Dynamic mass, 12 m/s)",
97.0,1500.0,12.0,50.83,4.8291,4.4352,11.36,10.372,485.0,0,2,"Scenario D3 — Realistic 12 m/s
(Dynamic mass, 12 m/s)",
98.0,1500.0,12.0,50.41,4.7893,4.481,11.36,10.366,490.0,0,2,"Scenario D3 — Realistic 12 m/s
(Dynamic mass, 12 m/s)",
99.0,1500.0,12.0,50.0,4.7495,4.5267,11.36,10.359,495.0,0,2,"Scenario D3 — Realistic 12 m/s
(Dynamic mass, 12 m/s)",
100.0,1500.0,12.0,49.58,4.7098,4.5724,11.36,10.353,500.0,0,2,"Scenario D3 — Realistic 12 m/s
(Dynamic mass, 12 m/s)",
101.0,1500.0,12.0,49.16,4.67,4.5724,11.36,10.346,500.0,0,2,"Scenario D3 — Realistic 12 m/s
(Dynamic mass, 12 m/s)",
102.0,1500.0,12.0,48.74,4.6303,4.5724,11.36,10.34,500.0,0,2,"Scenario D3 — Realistic 12 m/s
(Dynamic mass, 12 m/s)",
103.0,1500.0,12.0,48.32,4.5905,4.5724,11.36,10.333,500.0,0,2,"Scenario D3 — Realistic 12 m/s
(Dynamic mass, 12 m/s)",
104.0,1500.0,12.0,47.9,4.5507,4.5724,11.36,10.327,500.0,1,2,"Scenario D3 — Realistic 12 m/s
(Dynamic mass, 12 m/s)",1000.0
0.0,2500.0,12.0,99.3,9.4337,0.1525,18.942,10.397,0.0,0,3,"Scenario D3 — Realistic 12 m/s
(Dynamic mass, 12 m/s)",
1.0,2483.3,12.0,98.61,9.3679,0.1513,18.8,10.415,5.0,0,3,"Scenario D3 — Realistic 12 m/s
(Dynamic mass, 12 m/s)",
2.0,2466.6,12.0,97.92,9.3026,0.1502,18.659,10.432,10.0,0,3,"Scenario D3 — Realistic 12 m/s
(Dynamic mass, 12 m/s)",
3.0,2449.9,12.0,97.24,9.2378,0.2236,18.518,10.448,15.0,0,3,"Scenario D3 — Realistic 12 m/s
(Dynamic mass, 12 m/s)",
4.0,2433.2,12.0,96.56,9.1735,0.2959,18.378,10.462,20.0,0,3,"Scenario D3 — Realistic 12 m/s
(Dynamic mass, 12 m/s)",
5.0,2416.5,12.0,95.89,9.1096,0.367,18.238,10.475,25.0,0,3,"Scenario D3 — Realistic 12 m/s
(Dynamic mass, 12 m/s)",
6.0,2399.8,12.0,95.22,9.0463,0.4371,18.099,10.487,30.0,0,3,"Scenario D3 — Realistic 12 m/s
(Dynamic mass, 12 m/s)",
7.0,2383.1,12.0,94.56,8.9834,0.506,17.96,10.498,35.0,0,3,"Scenario D3 — Realistic 12 m/s
(Dynamic mass, 12 m/s)",
8.0,2366.4,12.0,93.91,8.921,0.5739,17.822,10.508,40.0,0,3,"Scenario D3 — Realistic 12 m/s
(Dynamic mass, 12 m/s)",
9.0,2349.7,12.0,93.25,8.8591,0.6406,17.684,10.518,45.0,0,3,"Scenario D3 — Realistic 12 m/s
(Dynamic mass, 12 m/s)",
10.0,2333.0,12.0,92.61,8.7977,0.7062,17.547,10.526,50.0,0,3,"Scenario D3 — Realistic 12 m/s
(Dynamic mass, 12 m/s)",
11.0,2316.3,12.0,91.97,8.7368,0.7708,17.41,10.534,55.0,0,3,"Scenario D3 — Realistic 12 m/s
(Dynamic mass, 12 m/s)",
12.0,2299.6,12.0,91.33,8.6763,0.8343,17.273,10.541,60.0,0,3,"Scenario D3 — Realistic 12 m/s
(Dynamic mass, 12 m/s)",
13.0,2282.9,12.0,90.7,8.6164,0.8967,17.137,10.547,65.0,0,3,"Scenario D3 — Realistic 12 m/s
(Dynamic mass, 12 m/s)",
14.0,2266.2,12.0,90.07,8.5569,0.9581,17.002,10.553,70.0,0,3,"Scenario D3 — Realistic 12 m/s
(Dynamic mass, 12 m/s)",
15.0,2249.5,12.0,89.45,8.4978,1.0184,16.867,10.559,75.0,0,3,"Scenario D3 — Realistic 12 m/s
(Dynamic mass, 12 m/s)",
16.0,2232.8,12.0,88.83,8.4393,1.0776,16.733,10.564,80.0,0,3,"Scenario D3 — Realistic 12 m/s
(Dynamic mass, 12 m/s)",
17.0,2216.1,12.0,88.22,8.3812,1.1358,16.599,10.568,85.0,0,3,"Scenario D3 — Realistic 12 m/s
(Dynamic mass, 12 m/s)",
18.0,2199.4,12.0,87.62,8.3235,1.1929,16.465,10.572,90.0,0,3,"Scenario D3 — Realistic 12 m/s
(Dynamic mass, 12 m/s)",
19.0,2182.7,12.0,87.01,8.2664,1.249,16.333,10.576,95.0,0,3,"Scenario D3 — Realistic 12 m/s
(Dynamic mass, 12 m/s)",
20.0,2166.0,12.0,86.42,8.2097,1.3041,16.2,10.579,100.0,0,3,"Scenario D3 — Realistic 12 m/s
(Dynamic mass, 12 m/s)",
21.0,2149.3,12.0,85.83,8.1534,1.3582,16.068,10.582,105.0,0,3,"Scenario D3 — Realistic 12 m/s
(Dynamic mass, 12 m/s)",
22.0,2132.6,12.0,85.24,8.0976,1.4112,15.937,10.585,110.0,0,3,"Scenario D3 — Realistic 12 m/s
(Dynamic mass, 12 m/s)",
23.0,2115.9,12.0,84.66,8.0423,1.4633,15.806,10.587,115.0,0,3,"Scenario D3 — Realistic 12 m/s
(Dynamic mass, 12 m/s)",
24.0,2099.2,12.0,84.08,7.9875,1.5143,15.676,10.59,120.0,0,3,"Scenario D3 — Realistic 12 m/s
(Dynamic mass, 12 m/s)",
25.0,2082.5,12.0,83.51,7.9331,1.5643,15.546,10.592,125.0,0,3,"Scenario D3 — Realistic 12 m/s
(Dynamic mass, 12 m/s)",
26.0,2065.8,12.0,82.94,7.8791,1.6134,15.417,10.594,130.0,0,3,"Scenario D3 — Realistic 12 m/s
(Dynamic mass, 12 m/s)",
27.0,2049.1,12.0,82.37,7.8256,1.6614,15.288,10.596,135.0,0,3,"Scenario D3 — Realistic 12 m/s
(Dynamic mass, 12 m/s)",
28.0,2032.4,12.0,81.82,7.7725,1.7085,15.16,10.598,140.0,0,3,"Scenario D3 — Realistic 12 m/s
(Dynamic mass, 12 m/s)",
29.0,2015.7,12.0,81.26,7.7199,1.7546,15.032,10.599,145.0,0,3,"Scenario D3 — Realistic 12 m/s
(Dynamic mass, 12 m/s)",
30.0,1999.0,12.0,80.71,7.6677,1.7998,14.905,10.601,150.0,0,3,"Scenario D3 — Realistic 12 m/s
(Dynamic mass, 12 m/s)",
31.0,1982.3,12.0,80.17,7.616,1.844,14.778,10.602,155.0,0,3,"Scenario D3 — Realistic 12 m/s
(Dynamic mass, 12 m/s)",
32.0,1965.6,12.0,79.63,7.5647,1.8872,14.652,10.604,160.0,0,3,"Scenario D3 — Realistic 12 m/s
(Dynamic mass, 12 m/s)",
33.0,1948.9,12.0,79.09,7.5139,1.9295,14.526,10.605,165.0,0,3,"Scenario D3 — Realistic 12 m/s
(Dynamic mass, 12 m/s)",
34.0,1932.2,12.0,78.56,7.4635,1.9708,14.401,10.607,170.0,0,3,"Scenario D3 — Realistic 12 m/s
(Dynamic mass, 12 m/s)",
35.0,1915.5,12.0,78.04,7.4135,2.0113,14.277,10.608,175.0,0,3,"Scenario D3 — Realistic 12 m/s
(Dynamic mass, 12 m/s)",
36.0,1898.8,12.0,77.52,7.364,2.0508,14.153,10.61,180.0,0,3,"Scenario D3 — Realistic 12 m/s
(Dynamic mass, 12 m/s)",
37.0,1882.1,12.0,77.0,7.3149,2.0893,14.03,10.611,185.0,0,3,"Scenario D3 — Realistic 12 m/s
(Dynamic mass, 12 m/s)",
38.0,1865.4,12.0,76.49,7.2662,2.127,13.907,10.613,190.0,0,3,"Scenario D3 — Realistic 12 m/s
(Dynamic mass, 12 m/s)",
39.0,1848.7,12.0,75.98,7.218,2.1638,13.784,10.614,195.0,0,3,"Scenario D3 — Realistic 12 m/s
(Dynamic mass, 12 m/s)",
40.0,1832.0,12.0,75.48,7.1701,2.1997,13.663,10.616,200.0,0,3,"Scenario D3 — Realistic 12 m/s
(Dynamic mass, 12 m/s)",
41.0,1815.3,12.0,74.98,7.1228,2.2347,13.541,10.618,205.0,0,3,"Scenario D3 — Realistic 12 m/s
(Dynamic mass, 12 m/s)",
42.0,1798.6,12.0,74.48,7.0758,2.2688,13.421,10.62,210.0,0,3,"Scenario D3 — Realistic 12 m/s
(Dynamic mass, 12 m/s)",
43.0,1781.9,12.0,73.99,7.0292,2.302,13.301,10.621,215.0,0,3,"Scenario D3 — Realistic 12 m/s
(Dynamic mass, 12 m/s)",
44.0,1765.2,12.0,73.51,6.9831,2.3344,13.181,10.623,220.0,0,3,"Scenario D3 — Realistic 12 m/s
(Dynamic mass, 12 m/s)",
45.0,1748.5,12.0,73.03,6.9374,2.3659,13.062,10.625,225.0,0,3,"Scenario D3 — Realistic 12 m/s
(Dynamic mass, 12 m/s)",
46.0,1731.8,12.0,72.55,6.8921,2.3965,12.944,10.627,230.0,0,3,"Scenario D3 — Realistic 12 m/s
(Dynamic mass, 12 m/s)",
47.0,1715.1,12.0,72.08,6.8472,2.4263,12.826,10.63,235.0,0,3,"Scenario D3 — Realistic 12 m/s
(Dynamic mass, 12 m/s)",
48.0,1698.4,12.0,71.61,6.8027,2.4553,12.708,10.632,240.0,0,3,"Scenario D3 — Realistic 12 m/s
(Dynamic mass, 12 m/s)",
49.0,1681.7,12.0,71.14,6.7586,2.4834,12.592,10.634,245.0,0,3,"Scenario D3 — Realistic 12 m/s
(Dynamic mass, 12 m/s)",
50.0,1665.0,12.0,70.68,6.715,2.5107,12.476,10.637,250.0,0,3,"Scenario D3 — Realistic 12 m/s
(Dynamic mass, 12 m/s)",
51.0,1648.3,12.0,70.23,6.6717,2.5372,12.36,10.639,255.0,0,3,"Scenario D3 — Realistic 12 m/s
(Dynamic mass, 12 m/s)",
52.0,1631.6,12.0,69.78,6.6289,2.5629,12.245,10.642,260.0,0,3,"Scenario D3 — Realistic 12 m/s
(Dynamic mass, 12 m/s)",
53.0,1614.9,12.0,69.33,6.5864,2.5878,12.131,10.645,265.0,0,3,"Scenario D3 — Realistic 12 m/s
(Dynamic mass, 12 m/s)",
54.0,1598.2,12.0,68.89,6.5443,2.6119,12.017,10.647,270.0,0,3,"Scenario D3 — Realistic 12 m/s
(Dynamic mass, 12 m/s)",
55.0,1581.5,12.0,68.45,6.5027,2.6352,11.904,10.65,275.0,0,3,"Scenario D3 — Realistic 12 m/s
(Dynamic mass, 12 m/s)",
56.0,1564.8,12.0,68.01,6.4614,2.6577,11.791,10.653,280.0,0,3,"Scenario D3 — Realistic 12 m/s
(Dynamic mass, 12 m/s)",
57.0,1548.1,12.0,67.58,6.4205,2.6795,11.679,10.657,285.0,0,3,"Scenario D3 — Realistic 12 m/s
(Dynamic mass, 12 m/s)",
58.0,1531.4,12.0,67.16,6.38,2.7005,11.568,10.66,290.0,0,3,"Scenario D3 — Realistic 12 m/s
(Dynamic mass, 12 m/s)",
59.0,1514.7,12.0,66.74,6.3399,2.7208,11.457,10.663,295.0,0,3,"Scenario D3 — Realistic 12 m/s
(Dynamic mass, 12 m/s)",
60.0,1500.0,12.0,66.32,6.3002,2.7434,11.36,10.665,300.0,0,3,"Scenario D3 — Realistic 12 m/s
(Dynamic mass, 12 m/s)",
61.0,1500.0,12.0,65.9,6.2604,2.7892,11.36,10.656,305.0,0,3,"Scenario D3 — Realistic 12 m/s
(Dynamic mass, 12 m/s)",
62.0,1500.0,12.0,65.48,6.2207,2.8349,11.36,10.646,310.0,0,3,"Scenario D3 — Realistic 12 m/s
(Dynamic mass, 12 m/s)",
63.0,1500.0,12.0,65.06,6.1809,2.8806,11.36,10.637,315.0,0,3,"Scenario D3 — Realistic 12 m/s
(Dynamic mass, 12 m/s)",
64.0,1500.0,12.0,64.64,6.1411,2.9263,11.36,10.627,320.0,0,3,"Scenario D3 — Realistic 12 m/s
(Dynamic mass, 12 m/s)",
65.0,1500.0,12.0,64.23,6.1014,2.9721,11.36,10.618,325.0,0,3,"Scenario D3 — Realistic 12 m/s
(Dynamic mass, 12 m/s)",
66.0,1500.0,12.0,63.81,6.0616,3.0178,11.36,10.609,330.0,0,3,"Scenario D3 — Realistic 12 m/s
(Dynamic mass, 12 m/s)",
67.0,1500.0,12.0,63.39,6.0219,3.0635,11.36,10.6,335.0,0,3,"Scenario D3 — Realistic 12 m/s
(Dynamic mass, 12 m/s)",
68.0,1500.0,12.0,62.97,5.9821,3.1092,11.36,10.591,340.0,0,3,"Scenario D3 — Realistic 12 m/s
(Dynamic mass, 12 m/s)",
69.0,1500.0,12.0,62.55,5.9423,3.155,11.36,10.583,345.0,0,3,"Scenario D3 — Realistic 12 m/s
(Dynamic mass, 12 m/s)",
70.0,1500.0,12.0,62.13,5.9026,3.2007,11.36,10.574,350.0,0,3,"Scenario D3 — Realistic 12 m/s
(Dynamic mass, 12 m/s)",
71.0,1500.0,12.0,61.71,5.8628,3.2464,11.36,10.565,355.0,0,3,"Scenario D3 — Realistic 12 m/s
(Dynamic mass, 12 m/s)",
72.0,1500.0,12.0,61.3,5.8231,3.2921,11.36,10.557,360.0,0,3,"Scenario D3 — Realistic 12 m/s
(Dynamic mass, 12 m/s)",
73.0,1500.0,12.0,60.88,5.7833,3.3379,11.36,10.548,365.0,0,3,"Scenario D3 — Realistic 12 m/s
(Dynamic mass, 12 m/s)",
74.0,1500.0,12.0,60.46,5.7435,3.3836,11.36,10.54,370.0,0,3,"Scenario D3 — Realistic 12 m/s
(Dynamic mass, 12 m/s)",
75.0,1500.0,12.0,60.04,5.7038,3.4293,11.36,10.532,375.0,0,3,"Scenario D3 — Realistic 12 m/s
(Dynamic mass, 12 m/s)",
76.0,1500.0,12.0,59.62,5.664,3.475,11.36,10.524,380.0,0,3,"Scenario D3 — Realistic 12 m/s
(Dynamic mass, 12 m/s)",
77.0,1500.0,12.0,59.2,5.6243,3.5208,11.36,10.516,385.0,0,3,"Scenario D3 — Realistic 12 m/s
(Dynamic mass, 12 m/s)",
78.0,1500.0,12.0,58.78,5.5845,3.5665,11.36,10.508,390.0,0,3,"Scenario D3 — Realistic 12 m/s
(Dynamic mass, 12 m/s)",
79.0,1500.0,12.0,58.37,5.5447,3.6122,11.36,10.5,395.0,0,3,"Scenario D3 — Realistic 12 m/s
(Dynamic mass, 12 m/s)",
80.0,1500.0,12.0,57.95,5.505,3.6579,11.36,10.492,400.0,0,3,"Scenario D3 — Realistic 12 m/s
(Dynamic mass, 12 m/s)",
81.0,1500.0,12.0,57.53,5.4652,3.7036,11.36,10.485,405.0,0,3,"Scenario D3 — Realistic 12 m/s
(Dynamic mass, 12 m/s)",
82.0,1500.0,12.0,57.11,5.4255,3.7494,11.36,10.477,410.0,0,3,"Scenario D3 — Realistic 12 m/s
(Dynamic mass, 12 m/s)",
83.0,1500.0,12.0,56.69,5.3857,3.7951,11.36,10.47,415.0,0,3,"Scenario D3 — Realistic 12 m/s
(Dynamic mass, 12 m/s)",
84.0,1500.0,12.0,56.27,5.3459,3.8408,11.36,10.462,420.0,0,3,"Scenario D3 — Realistic 12 m/s
(Dynamic mass, 12 m/s)",
85.0,1500.0,12.0,55.85,5.3062,3.8865,11.36,10.455,425.0,0,3,"Scenario D3 — Realistic 12 m/s
(Dynamic mass, 12 m/s)",
86.0,1500.0,12.0,55.44,5.2664,3.9323,11.36,10.448,430.0,0,3,"Scenario D3 — Realistic 12 m/s
(Dynamic mass, 12 m/s)",
87.0,1500.0,12.0,55.02,5.2267,3.978,11.36,10.441,435.0,0,3,"Scenario D3 — Realistic 12 m/s
(Dynamic mass, 12 m/s)",
88.0,1500.0,12.0,54.6,5.1869,4.0237,11.36,10.434,440.0,0,3,"Scenario D3 — Realistic 12 m/s
(Dynamic mass, 12 m/s)",
89.0,1500.0,12.0,54.18,5.1471,4.0694,11.36,10.427,445.0,0,3,"Scenario D3 — Realistic 12 m/s
(Dynamic mass, 12 m/s)",
90.0,1500.0,12.0,53.76,5.1074,4.1152,11.36,10.42,450.0,0,3,"Scenario D3 — Realistic 12 m/s
(Dynamic mass, 12 m/s)",
91.0,1500.0,12.0,53.34,5.0676,4.1609,11.36,10.413,455.0,0,3,"Scenario D3 — Realistic 12 m/s
(Dynamic mass, 12 m/s)",
92.0,1500.0,12.0,52.92,5.0279,4.2066,11.36,10.406,460.0,0,3,"Scenario D3 — Realistic 12 m/s
(Dynamic mass, 12 m/s)",
93.0,1500.0,12.0,52.51,4.9881,4.2523,11.36,10.399,465.0,0,3,"Scenario D3 — Realistic 12 m/s
(Dynamic mass, 12 m/s)",
94.0,1500.0,12.0,52.09,4.9483,4.2981,11.36,10.392,470.0,0,3,"Scenario D3 — Realistic 12 m/s
(Dynamic mass, 12 m/s)",
95.0,1500.0,12.0,51.67,4.9086,4.3438,11.36,10.386,475.0,0,3,"Scenario D3 — Realistic 12 m/s
(Dynamic mass, 12 m/s)",
96.0,1500.0,12.0,51.25,4.8688,4.3895,11.36,10.379,480.0,0,3,"Scenario D3 — Realistic 12 m/s
(Dynamic mass, 12 m/s)",
97.0,1500.0,12.0,50.83,4.8291,4.4352,11.36,10.372,485.0,0,3,"Scenario D3 — Realistic 12 m/s
(Dynamic mass, 12 m/s)",
98.0,1500.0,12.0,50.41,4.7893,4.481,11.36,10.366,490.0,0,3,"Scenario D3 — Realistic 12 m/s
(Dynamic mass, 12 m/s)",
99.0,1500.0,12.0,50.0,4.7495,4.5267,11.36,10.359,495.0,0,3,"Scenario D3 — Realistic 12 m/s
(Dynamic mass, 12 m/s)",
100.0,1500.0,12.0,49.58,4.7098,4.5724,11.36,10.353,500.0,0,3,"Scenario D3 — Realistic 12 m/s
(Dynamic mass, 12 m/s)",
101.0,1500.0,12.0,49.16,4.67,4.5724,11.36,10.346,500.0,0,3,"Scenario D3 — Realistic 12 m/s
(Dynamic mass, 12 m/s)",
102.0,1500.0,12.0,48.74,4.6303,4.5724,11.36,10.34,500.0,0,3,"Scenario D3 — Realistic 12 m/s
(Dynamic mass, 12 m/s)",
103.0,1500.0,12.0,48.32,4.5905,4.5724,11.36,10.333,500.0,0,3,"Scenario D3 — Realistic 12 m/s
(Dynamic mass, 12 m/s)",
104.0,1500.0,12.0,47.9,4.5507,4.5724,11.36,10.327,500.0,1,3,"Scenario D3 — Realistic 12 m/s
(Dynamic mass, 12 m/s)",1000.0
0.0,2500.0,3.0,99.46,9.4487,0.118,14.663,10.948,0.0,0,1,"Scenario E1 — PNR Accuracy
(Dynamic mass, 3 m/s)",
1.0,2483.3,3.0,98.92,9.3979,0.1169,14.521,10.965,5.0,0,1,"Scenario E1 — PNR Accuracy
(Dynamic mass, 3 m/s)",
2.0,2466.6,3.0,98.39,9.3475,0.1158,14.38,10.982,10.0,0,1,"Scenario E1 — PNR Accuracy
(Dynamic mass, 3 m/s)",
3.0,2449.9,3.0,97.87,9.2977,0.1719,14.24,10.998,15.0,0,1,"Scenario E1 — PNR Accuracy
(Dynamic mass, 3 m/s)",
4.0,2433.2,3.0,97.35,9.2483,0.227,14.099,11.013,20.0,0,1,"Scenario E1 — PNR Accuracy
(Dynamic mass, 3 m/s)",
5.0,2416.5,3.0,96.84,9.1995,0.2809,13.959,11.027,25.0,0,1,"Scenario E1 — PNR Accuracy
(Dynamic mass, 3 m/s)",
6.0,2399.8,3.0,96.33,9.1511,0.3338,13.82,11.04,30.0,0,1,"Scenario E1 — PNR Accuracy
(Dynamic mass, 3 m/s)",
7.0,2383.1,3.0,95.82,9.1032,0.3855,13.681,11.053,35.0,0,1,"Scenario E1 — PNR Accuracy
(Dynamic mass, 3 m/s)",
8.0,2366.4,3.0,95.32,9.0558,0.4361,13.543,11.066,40.0,0,1,"Scenario E1 — PNR Accuracy
(Dynamic mass, 3 m/s)",
9.0,2349.7,3.0,94.83,9.0089,0.4856,13.405,11.077,45.0,0,1,"Scenario E1 — PNR Accuracy
(Dynamic mass, 3 m/s)",
10.0,2333.0,3.0,94.34,8.9625,0.534,13.268,11.088,50.0,0,1,"Scenario E1 — PNR Accuracy
(Dynamic mass, 3 m/s)",
11.0,2316.3,3.0,93.86,8.9165,0.5814,13.131,11.099,55.0,0,1,"Scenario E1 — PNR Accuracy
(Dynamic mass, 3 m/s)",
12.0,2299.6,3.0,93.38,8.871,0.6276,12.995,11.109,60.0,0,1,"Scenario E1 — PNR Accuracy
(Dynamic mass, 3 m/s)",
13.0,2282.9,3.0,92.91,8.826,0.6728,12.859,11.119,65.0,0,1,"Scenario E1 — PNR Accuracy
(Dynamic mass, 3 m/s)",
14.0,2266.2,3.0,92.44,8.7815,0.717,12.723,11.128,70.0,0,1,"Scenario E1 — PNR Accuracy
(Dynamic mass, 3 m/s)",
15.0,2249.5,3.0,91.97,8.7374,0.76,12.588,11.137,75.0,0,1,"Scenario E1 — PNR Accuracy
(Dynamic mass, 3 m/s)",
16.0,2232.8,3.0,91.51,8.6938,0.802,12.454,11.146,80.0,0,1,"Scenario E1 — PNR Accuracy
(Dynamic mass, 3 m/s)",
17.0,2216.1,3.0,91.06,8.6507,0.843,12.32,11.154,85.0,0,1,"Scenario E1 — PNR Accuracy
(Dynamic mass, 3 m/s)",
18.0,2199.4,3.0,90.61,8.6081,0.8829,12.187,11.162,90.0,0,1,"Scenario E1 — PNR Accuracy
(Dynamic mass, 3 m/s)",
19.0,2182.7,3.0,90.17,8.5659,0.9218,12.054,11.17,95.0,0,1,"Scenario E1 — PNR Accuracy
(Dynamic mass, 3 m/s)",
20.0,2166.0,3.0,89.73,8.5242,0.9597,11.921,11.177,100.0,0,1,"Scenario E1 — PNR Accuracy
(Dynamic mass, 3 m/s)",
21.0,2149.3,3.0,89.29,8.4829,0.9965,11.79,11.184,105.0,0,1,"Scenario E1 — PNR Accuracy
(Dynamic mass, 3 m/s)",
22.0,2132.6,3.0,88.86,8.4421,1.0323,11.658,11.191,110.0,0,1,"Scenario E1 — PNR Accuracy
(Dynamic mass, 3 m/s)",
23.0,2115.9,3.0,88.44,8.4017,1.0672,11.527,11.198,115.0,0,1,"Scenario E1 — PNR Accuracy
(Dynamic mass, 3 m/s)",
24.0,2099.2,3.0,88.02,8.3619,1.101,11.397,11.205,120.0,0,1,"Scenario E1 — PNR Accuracy
(Dynamic mass, 3 m/s)",
25.0,2082.5,3.0,87.6,8.3224,1.1338,11.267,11.211,125.0,0,1,"Scenario E1 — PNR Accuracy
(Dynamic mass, 3 m/s)",
26.0,2065.8,3.0,87.19,8.2834,1.1656,11.138,11.217,130.0,0,1,"Scenario E1 — PNR Accuracy
(Dynamic mass, 3 m/s)",
27.0,2049.1,3.0,86.79,8.2449,1.1964,11.009,11.223,135.0,0,1,"Scenario E1 — PNR Accuracy
(Dynamic mass, 3 m/s)",
28.0,2032.4,3.0,86.39,8.2068,1.2263,10.881,11.229,140.0,0,1,"Scenario E1 — PNR Accuracy
(Dynamic mass, 3 m/s)",
29.0,2015.7,3.0,85.99,8.1692,1.2552,10.753,11.235,145.0,0,1,"Scenario E1 — PNR Accuracy
(Dynamic mass, 3 m/s)",
30.0,1999.0,3.0,85.6,8.132,1.2831,10.626,11.24,150.0,0,1,"Scenario E1 — PNR Accuracy
(Dynamic mass, 3 m/s)",
31.0,1982.3,3.0,85.21,8.0952,1.3101,10.499,11.246,155.0,0,1,"Scenario E1 — PNR Accuracy
(Dynamic mass, 3 m/s)",
32.0,1965.6,3.0,84.83,8.0589,1.3361,10.373,11.251,160.0,0,1,"Scenario E1 — PNR Accuracy
(Dynamic mass, 3 m/s)",
33.0,1948.9,3.0,84.45,8.0231,1.3612,10.248,11.257,165.0,0,1,"Scenario E1 — PNR Accuracy
(Dynamic mass, 3 m/s)",
34.0,1932.2,3.0,84.08,7.9876,1.3853,10.123,11.262,170.0,0,1,"Scenario E1 — PNR Accuracy
(Dynamic mass, 3 m/s)",
35.0,1915.5,3.0,83.71,7.9526,1.4085,9.998,11.267,175.0,0,1,"Scenario E1 — PNR Accuracy
(Dynamic mass, 3 m/s)",
36.0,1898.8,3.0,83.35,7.9181,1.4308,9.874,11.273,180.0,0,1,"Scenario E1 — PNR Accuracy
(Dynamic mass, 3 m/s)",
37.0,1882.1,3.0,82.99,7.884,1.4521,9.751,11.278,185.0,0,1,"Scenario E1 — PNR Accuracy
(Dynamic mass, 3 m/s)",
38.0,1865.4,3.0,82.63,7.8503,1.4726,9.628,11.283,190.0,0,1,"Scenario E1 — PNR Accuracy
(Dynamic mass, 3 m/s)",
39.0,1848.7,3.0,82.28,7.817,1.4921,9.506,11.288,195.0,0,1,"Scenario E1 — PNR Accuracy
(Dynamic mass, 3 m/s)",
40.0,1832.0,3.0,81.94,7.7841,1.5108,9.384,11.293,200.0,0,1,"Scenario E1 — PNR Accuracy
(Dynamic mass, 3 m/s)",
41.0,1815.3,3.0,81.6,7.7517,1.5286,9.263,11.298,205.0,0,1,"Scenario E1 — PNR Accuracy
(Dynamic mass, 3 m/s)",
42.0,1798.6,3.0,81.26,7.7197,1.5454,9.142,11.303,210.0,0,1,"Scenario E1 — PNR Accuracy
(Dynamic mass, 3 m/s)",
43.0,1781.9,3.0,80.93,7.6882,1.5614,9.022,11.308,215.0,0,1,"Scenario E1 — PNR Accuracy
(Dynamic mass, 3 m/s)",
44.0,1765.2,3.0,80.6,7.657,1.5766,8.902,11.313,220.0,0,1,"Scenario E1 — PNR Accuracy
(Dynamic mass, 3 m/s)",
45.0,1748.5,3.0,80.28,7.6263,1.5909,8.783,11.318,225.0,0,1,"Scenario E1 — PNR Accuracy
(Dynamic mass, 3 m/s)",
46.0,1731.8,3.0,79.96,7.5959,1.6043,8.665,11.323,230.0,0,1,"Scenario E1 — PNR Accuracy
(Dynamic mass, 3 m/s)",
47.0,1715.1,3.0,79.64,7.566,1.6169,8.547,11.328,235.0,0,1,"Scenario E1 — PNR Accuracy
(Dynamic mass, 3 m/s)",
48.0,1698.4,3.0,79.33,7.5365,1.6286,8.43,11.333,240.0,0,1,"Scenario E1 — PNR Accuracy
(Dynamic mass, 3 m/s)",
49.0,1681.7,3.0,79.03,7.5074,1.6395,8.313,11.338,245.0,0,1,"Scenario E1 — PNR Accuracy
(Dynamic mass, 3 m/s)",
50.0,1665.0,3.0,78.72,7.4787,1.6496,8.197,11.343,250.0,0,1,"Scenario E1 — PNR Accuracy
(Dynamic mass, 3 m/s)",
51.0,1648.3,3.0,78.43,7.4504,1.6589,8.081,11.348,255.0,0,1,"Scenario E1 — PNR Accuracy
(Dynamic mass, 3 m/s)",
52.0,1631.6,3.0,78.13,7.4226,1.6674,7.966,11.353,260.0,0,1,"Scenario E1 — PNR Accuracy
(Dynamic mass, 3 m/s)",
53.0,1614.9,3.0,77.84,7.3951,1.675,7.852,11.358,265.0,0,1,"Scenario E1 — PNR Accuracy
(Dynamic mass, 3 m/s)",
54.0,1598.2,3.0,77.56,7.368,1.6819,7.738,11.363,270.0,0,1,"Scenario E1 — PNR Accuracy
(Dynamic mass, 3 m/s)",
55.0,1581.5,3.0,77.28,7.3413,1.688,7.625,11.369,275.0,0,1,"Scenario E1 — PNR Accuracy
(Dynamic mass, 3 m/s)",
56.0,1564.8,3.0,77.0,7.315,1.6933,7.512,11.374,280.0,0,1,"Scenario E1 — PNR Accuracy
(Dynamic mass, 3 m/s)",
57.0,1548.1,3.0,76.73,7.2891,1.6978,7.4,11.379,285.0,0,1,"Scenario E1 — PNR Accuracy
(Dynamic mass, 3 m/s)",
58.0,1531.4,3.0,76.46,7.2636,1.7016,7.289,11.384,290.0,0,1,"Scenario E1 — PNR Accuracy
(Dynamic mass, 3 m/s)",
59.0,1514.7,3.0,76.19,7.2385,1.7047,7.178,11.389,295.0,0,1,"Scenario E1 — PNR Accuracy
(Dynamic mass, 3 m/s)",
60.0,1500.0,3.0,75.93,7.2137,1.7101,7.081,11.393,300.0,0,1,"Scenario E1 — PNR Accuracy
(Dynamic mass, 3 m/s)",
61.0,1500.0,3.0,75.67,7.1889,1.7386,7.081,11.386,305.0,0,1,"Scenario E1 — PNR Accuracy
(Dynamic mass, 3 m/s)",
62.0,1500.0,3.0,75.41,7.1641,1.7671,7.081,11.379,310.0,0,1,"Scenario E1 — PNR Accuracy
(Dynamic mass, 3 m/s)",
63.0,1500.0,3.0,75.15,7.1393,1.7956,7.081,11.373,315.0,0,1,"Scenario E1 — PNR Accuracy
(Dynamic mass, 3 m/s)",
64.0,1500.0,3.0,74.89,7.1146,1.8241,7.081,11.366,320.0,0,1,"Scenario E1 — PNR Accuracy
(Dynamic mass, 3 m/s)",
65.0,1500.0,3.0,74.63,7.0898,1.8526,7.081,11.359,325.0,0,1,"Scenario E1 — PNR Accuracy
(Dynamic mass, 3 m/s)",
66.0,1500.0,3.0,74.37,7.065,1.8811,7.081,11.352,330.0,0,1,"Scenario E1 — PNR Accuracy
(Dynamic mass, 3 m/s)",
67.0,1500.0,3.0,74.11,7.0402,1.9096,7.081,11.345,335.0,0,1,"Scenario E1 — PNR Accuracy
(Dynamic mass, 3 m/s)",
68.0,1500.0,3.0,73.85,7.0154,1.9381,7.081,11.339,340.0,0,1,"Scenario E1 — PNR Accuracy
(Dynamic mass, 3 m/s)",
69.0,1500.0,3.0,73.59,6.9906,1.9666,7.081,11.332,345.0,0,1,"Scenario E1 — PNR Accuracy
(Dynamic mass, 3 m/s)",
70.0,1500.0,3.0,73.32,6.9658,1.9951,7.081,11.325,350.0,0,1,"Scenario E1 — PNR Accuracy
(Dynamic mass, 3 m/s)",
71.0,1500.0,3.0,73.06,6.9411,2.0236,7.081,11.318,355.0,0,1,"Scenario E1 — PNR Accuracy
(Dynamic mass, 3 m/s)",
72.0,1500.0,3.0,72.8,6.9163,2.0522,7.081,11.312,360.0,0,1,"Scenario E1 — PNR Accuracy
(Dynamic mass, 3 m/s)",
73.0,1500.0,3.0,72.54,6.8915,2.0807,7.081,11.305,365.0,0,1,"Scenario E1 — PNR Accuracy
(Dynamic mass, 3 m/s)",
74.0,1500.0,3.0,72.28,6.8667,2.1092,7.081,11.299,370.0,0,1,"Scenario E1 — PNR Accuracy
(Dynamic mass, 3 m/s)",
75.0,1500.0,3.0,72.02,6.8419,2.1377,7.081,11.292,375.0,0,1,"Scenario E1 — PNR Accuracy
(Dynamic mass, 3 m/s)",
76.0,1500.0,3.0,71.76,6.8171,2.1662,7.081,11.285,380.0,0,1,"Scenario E1 — PNR Accuracy
(Dynamic mass, 3 m/s)",
77.0,1500.0,3.0,71.5,6.7924,2.1947,7.081,11.279,385.0,0,1,"Scenario E1 — PNR Accuracy
(Dynamic mass, 3 m/s)",
78.0,1500.0,3.0,71.24,6.7676,2.2232,7.081,11.272,390.0,0,1,"Scenario E1 — PNR Accuracy
(Dynamic mass, 3 m/s)",
79.0,1500.0,3.0,70.98,6.7428,2.2517,7.081,11.266,395.0,0,1,"Scenario E1 — PNR Accuracy
(Dynamic mass, 3 m/s)",
80.0,1500.0,3.0,70.72,6.718,2.2802,7.081,11.259,400.0,0,1,"Scenario E1 — PNR Accuracy
(Dynamic mass, 3 m/s)",
81.0,1500.0,3.0,70.45,6.6932,2.3087,7.081,11.253,405.0,0,1,"Scenario E1 — PNR Accuracy
(Dynamic mass, 3 m/s)",
82.0,1500.0,3.0,70.19,6.6684,2.3372,7.081,11.246,410.0,0,1,"Scenario E1 — PNR Accuracy
(Dynamic mass, 3 m/s)",
83.0,1500.0,3.0,69.93,6.6436,2.3657,7.081,11.24,415.0,0,1,"Scenario E1 — PNR Accuracy
(Dynamic mass, 3 m/s)",
84.0,1500.0,3.0,69.67,6.6189,2.3942,7.081,11.234,420.0,0,1,"Scenario E1 — PNR Accuracy
(Dynamic mass, 3 m/s)",
85.0,1500.0,3.0,69.41,6.5941,2.4227,7.081,11.227,425.0,0,1,"Scenario E1 — PNR Accuracy
(Dynamic mass, 3 m/s)",
86.0,1500.0,3.0,69.15,6.5693,2.4512,7.081,11.221,430.0,0,1,"Scenario E1 — PNR Accuracy
(Dynamic mass, 3 m/s)",
87.0,1500.0,3.0,68.89,6.5445,2.4797,7.081,11.215,435.0,0,1,"Scenario E1 — PNR Accuracy
(Dynamic mass, 3 m/s)",
88.0,1500.0,3.0,68.63,6.5197,2.5082,7.081,11.208,440.0,0,1,"Scenario E1 — PNR Accuracy
(Dynamic mass, 3 m/s)",
89.0,1500.0,3.0,68.37,6.4949,2.5367,7.081,11.202,445.0,0,1,"Scenario E1 — PNR Accuracy
(Dynamic mass, 3 m/s)",
90.0,1500.0,3.0,68.11,6.4702,2.5652,7.081,11.196,450.0,0,1,"Scenario E1 — PNR Accuracy
(Dynamic mass, 3 m/s)",
91.0,1500.0,3.0,67.85,6.4454,2.5937,7.081,11.19,455.0,0,1,"Scenario E1 — PNR Accuracy
(Dynamic mass, 3 m/s)",
92.0,1500.0,3.0,67.59,6.4206,2.6222,7.081,11.184,460.0,0,1,"Scenario E1 — PNR Accuracy
(Dynamic mass, 3 m/s)",
93.0,1500.0,3.0,67.32,6.3958,2.6507,7.081,11.178,465.0,0,1,"Scenario E1 — PNR Accuracy
(Dynamic mass, 3 m/s)",
94.0,1500.0,3.0,67.06,6.371,2.6792,7.081,11.172,470.0,0,1,"Scenario E1 — PNR Accuracy
(Dynamic mass, 3 m/s)",
95.0,1500.0,3.0,66.8,6.3462,2.7077,7.081,11.166,475.0,0,1,"Scenario E1 — PNR Accuracy
(Dynamic mass, 3 m/s)",
96.0,1500.0,3.0,66.54,6.3215,2.7362,7.081,11.16,480.0,0,1,"Scenario E1 — PNR Accuracy
(Dynamic mass, 3 m/s)",
97.0,1500.0,3.0,66.28,6.2967,2.7647,7.081,11.154,485.0,0,1,"Scenario E1 — PNR Accuracy
(Dynamic mass, 3 m/s)",
98.0,1500.0,3.0,66.02,6.2719,2.7932,7.081,11.148,490.0,0,1,"Scenario E1 — PNR Accuracy
(Dynamic mass, 3 m/s)",
99.0,1500.0,3.0,65.76,6.2471,2.8217,7.081,11.142,495.0,0,1,"Scenario E1 — PNR Accuracy
(Dynamic mass, 3 m/s)",
100.0,1500.0,3.0,65.5,6.2223,2.8502,7.081,11.136,500.0,0,1,"Scenario E1 — PNR Accuracy
(Dynamic mass, 3 m/s)",
101.0,1500.0,3.0,65.24,6.1975,2.8502,7.081,11.131,500.0,0,1,"Scenario E1 — PNR Accuracy
(Dynamic mass, 3 m/s)",
102.0,1500.0,3.0,64.98,6.1727,2.8502,7.081,11.125,500.0,0,1,"Scenario E1 — PNR Accuracy
(Dynamic mass, 3 m/s)",
103.0,1500.0,3.0,64.72,6.148,2.8502,7.081,11.119,500.0,0,1,"Scenario E1 — PNR Accuracy
(Dynamic mass, 3 m/s)",
104.0,1500.0,3.0,64.45,6.1232,2.8502,7.081,11.114,500.0,0,1,"Scenario E1 — PNR Accuracy
(Dynamic mass, 3 m/s)",
105.0,1500.0,3.0,64.19,6.0984,2.8502,7.081,11.108,500.0,0,1,"Scenario E1 — PNR Accuracy
(Dynamic mass, 3 m/s)",
106.0,1500.0,3.0,63.93,6.0736,2.8502,7.081,11.103,500.0,0,1,"Scenario E1 — PNR Accuracy
(Dynamic mass, 3 m/s)",
107.0,1500.0,3.0,63.67,6.0488,2.8502,7.081,11.097,500.0,0,1,"Scenario E1 — PNR Accuracy
(Dynamic mass, 3 m/s)",
108.0,1500.0,3.0,63.41,6.024,2.8502,7.081,11.092,500.0,0,1,"Scenario E1 — PNR Accuracy
(Dynamic mass, 3 m/s)",
109.0,1500.0,3.0,63.15,5.9993,2.8502,7.081,11.086,500.0,0,1,"Scenario E1 — PNR Accuracy
(Dynamic mass, 3 m/s)",
110.0,1500.0,3.0,62.89,5.9745,2.8502,7.081,11.081,500.0,0,1,"Scenario E1 — PNR Accuracy
(Dynamic mass, 3 m/s)",
111.0,1500.0,3.0,62.63,5.9497,2.8502,7.081,11.075,500.0,0,1,"Scenario E1 — PNR Accuracy
(Dynamic mass, 3 m/s)",
112.0,1500.0,3.0,62.37,5.9249,2.8502,7.081,11.07,500.0,0,1,"Scenario E1 — PNR Accuracy
(Dynamic mass, 3 m/s)",
113.0,1500.0,3.0,62.11,5.9001,2.8502,7.081,11.065,500.0,0,1,"Scenario E1 — PNR Accuracy
(Dynamic mass, 3 m/s)",
114.0,1500.0,3.0,61.85,5.8753,2.8502,7.081,11.06,500.0,0,1,"Scenario E1 — PNR Accuracy
(Dynamic mass, 3 m/s)",
115.0,1500.0,3.0,61.58,5.8505,2.8502,7.081,11.054,500.0,0,1,"Scenario E1 — PNR Accuracy
(Dynamic mass, 3 m/s)",
116.0,1500.0,3.0,61.32,5.8258,2.8502,7.081,11.049,500.0,0,1,"Scenario E1 — PNR Accuracy
(Dynamic mass, 3 m/s)",
117.0,1500.0,3.0,61.06,5.801,2.8502,7.081,11.044,500.0,0,1,"Scenario E1 — PNR Accuracy
(Dynamic mass, 3 m/s)",
118.0,1500.0,3.0,60.8,5.7762,2.8502,7.081,11.039,500.0,0,1,"Scenario E1 — PNR Accuracy
(Dynamic mass, 3 m/s)",
119.0,1500.0,3.0,60.54,5.7514,2.8502,7.081,11.034,500.0,0,1,"Scenario E1 — PNR Accuracy
(Dynamic mass, 3 m/s)",
120.0,1500.0,3.0,60.28,5.7266,2.8502,7.081,11.029,500.0,0,1,"Scenario E1 — PNR Accuracy
(Dynamic mass, 3 m/s)",
121.0,1500.0,3.0,60.02,5.7018,2.8502,7.081,11.024,500.0,0,1,"Scenario E1 — PNR Accuracy
(Dynamic mass, 3 m/s)",
122.0,1500.0,3.0,59.76,5.6771,2.8502,7.081,11.019,500.0,0,1,"Scenario E1 — PNR Accuracy
(Dynamic mass, 3 m/s)",
123.0,1500.0,3.0,59.5,5.6523,2.8502,7.081,11.014,500.0,0,1,"Scenario E1 — PNR Accuracy
(Dynamic mass, 3 m/s)",
124.0,1500.0,3.0,59.24,5.6275,2.8502,7.081,11.01,500.0,0,1,"Scenario E1 — PNR Accuracy
(Dynamic mass, 3 m/s)",
125.0,1500.0,3.0,58.98,5.6027,2.8502,7.081,11.005,500.0,0,1,"Scenario E1 — PNR Accuracy
(Dynamic mass, 3 m/s)",
126.0,1500.0,3.0,58.71,5.5779,2.8502,7.081,11.0,500.0,0,1,"Scenario E1 — PNR Accuracy
(Dynamic mass, 3 m/s)",
127.0,1500.0,3.0,58.45,5.5531,2.8502,7.081,10.995,500.0,0,1,"Scenario E1 — PNR Accuracy
(Dynamic mass, 3 m/s)",
128.0,1500.0,3.0,58.19,5.5283,2.8502,7.081,10.991,500.0,0,1,"Scenario E1 — PNR Accuracy
(Dynamic mass, 3 m/s)",
129.0,1500.0,3.0,57.93,5.5036,2.8502,7.081,10.986,500.0,0,1,"Scenario E1 — PNR Accuracy
(Dynamic mass, 3 m/s)",
130.0,1500.0,3.0,57.67,5.4788,2.8502,7.081,10.981,500.0,0,1,"Scenario E1 — PNR Accuracy
(Dynamic mass, 3 m/s)",
131.0,1500.0,3.0,57.41,5.454,2.8502,7.081,10.977,500.0,0,1,"Scenario E1 — PNR Accuracy
(Dynamic mass, 3 m/s)",
132.0,1500.0,3.0,57.15,5.4292,2.8502,7.081,10.972,500.0,0,1,"Scenario E1 — PNR Accuracy
(Dynamic mass, 3 m/s)",
133.0,1500.0,3.0,56.89,5.4044,2.8502,7.081,10.968,500.0,0,1,"Scenario E1 — PNR Accuracy
(Dynamic mass, 3 m/s)",
134.0,1500.0,3.0,56.63,5.3796,2.8502,7.081,10.963,500.0,0,1,"Scenario E1 — PNR Accuracy
(Dynamic mass, 3 m/s)",
135.0,1500.0,3.0,56.37,5.3549,2.8502,7.081,10.959,500.0,0,1,"Scenario E1 — PNR Accuracy
(Dynamic mass, 3 m/s)",
136.0,1500.0,3.0,56.11,5.3301,2.8502,7.081,10.955,500.0,0,1,"Scenario E1 — PNR Accuracy
(Dynamic mass, 3 m/s)",
137.0,1500.0,3.0,55.85,5.3053,2.8502,7.081,10.95,500.0,0,1,"Scenario E1 — PNR Accuracy
(Dynamic mass, 3 m/s)",
138.0,1500.0,3.0,55.58,5.2805,2.8502,7.081,10.946,500.0,0,1,"Scenario E1 — PNR Accuracy
(Dynamic mass, 3 m/s)",
139.0,1500.0,3.0,55.32,5.2557,2.8502,7.081,10.942,500.0,0,1,"Scenario E1 — PNR Accuracy
(Dynamic mass, 3 m/s)",
140.0,1500.0,3.0,55.06,5.2309,2.8502,7.081,10.938,500.0,0,1,"Scenario E1 — PNR Accuracy
(Dynamic mass, 3 m/s)",
141.0,1500.0,3.0,54.8,5.2062,2.8502,7.081,10.933,500.0,0,1,"Scenario E1 — PNR Accuracy
(Dynamic mass, 3 m/s)",
142.0,1500.0,3.0,54.54,5.1814,2.8502,7.081,10.929,500.0,0,1,"Scenario E1 — PNR Accuracy
(Dynamic mass, 3 m/s)",
143.0,1500.0,3.0,54.28,5.1566,2.8502,7.081,10.925,500.0,0,1,"Scenario E1 — PNR Accuracy
(Dynamic mass, 3 m/s)",
144.0,1500.0,3.0,54.02,5.1318,2.8502,7.081,10.921,500.0,0,1,"Scenario E1 — PNR Accuracy
(Dynamic mass, 3 m/s)",
145.0,1500.0,3.0,53.76,5.107,2.8502,7.081,10.917,500.0,0,1,"Scenario E1 — PNR Accuracy
(Dynamic mass, 3 m/s)",
146.0,1500.0,3.0,53.5,5.0822,2.8502,7.081,10.913,500.0,0,1,"Scenario E1 — PNR Accuracy
(Dynamic mass, 3 m/s)",
147.0,1500.0,3.0,53.24,5.0574,2.8502,7.081,10.909,500.0,0,1,"Scenario E1 — PNR Accuracy
(Dynamic mass, 3 m/s)",
148.0,1500.0,3.0,52.98,5.0327,2.8502,7.081,10.905,500.0,0,1,"Scenario E1 — PNR Accuracy
(Dynamic mass, 3 m/s)",
149.0,1500.0,3.0,52.71,5.0079,2.8502,7.081,10.901,500.0,0,1,"Scenario E1 — PNR Accuracy
(Dynamic mass, 3 m/s)",
150.0,1500.0,3.0,52.45,4.9831,2.8502,7.081,10.897,500.0,0,1,"Scenario E1 — PNR Accuracy
(Dynamic mass, 3 m/s)",
151.0,1500.0,3.0,52.19,4.9583,2.8502,7.081,10.893,500.0,0,1,"Scenario E1 — PNR Accuracy
(Dynamic mass, 3 m/s)",
152.0,1500.0,3.0,51.93,4.9335,2.8502,7.081,10.889,500.0,0,1,"Scenario E1 — PNR Accuracy
(Dynamic mass, 3 m/s)",
153.0,1500.0,3.0,51.67,4.9087,2.8502,7.081,10.885,500.0,0,1,"Scenario E1 — PNR Accuracy
(Dynamic mass, 3 m/s)",
154.0,1500.0,3.0,51.41,4.884,2.8502,7.081,10.881,500.0,0,1,"Scenario E1 — PNR Accuracy
(Dynamic mass, 3 m/s)",
155.0,1500.0,3.0,51.15,4.8592,2.8502,7.081,10.877,500.0,0,1,"Scenario E1 — PNR Accuracy
(Dynamic mass, 3 m/s)",
156.0,1500.0,3.0,50.89,4.8344,2.8502,7.081,10.874,500.0,0,1,"Scenario E1 — PNR Accuracy
(Dynamic mass, 3 m/s)",
157.0,1500.0,3.0,50.63,4.8096,2.8502,7.081,10.87,500.0,0,1,"Scenario E1 — PNR Accuracy
(Dynamic mass, 3 m/s)",
158.0,1500.0,3.0,50.37,4.7848,2.8502,7.081,10.866,500.0,0,1,"Scenario E1 — PNR Accuracy
(Dynamic mass, 3 m/s)",
159.0,1500.0,3.0,50.11,4.76,2.8502,7.081,10.862,500.0,0,1,"Scenario E1 — PNR Accuracy
(Dynamic mass, 3 m/s)",
160.0,1500.0,3.0,49.84,4.7352,2.8502,7.081,10.859,500.0,0,1,"Scenario E1 — PNR Accuracy
(Dynamic mass, 3 m/s)",
161.0,1500.0,3.0,49.58,4.7105,2.8502,7.081,10.855,500.0,0,1,"Scenario E1 — PNR Accuracy
(Dynamic mass, 3 m/s)",
162.0,1500.0,3.0,49.32,4.6857,2.8502,7.081,10.851,500.0,0,1,"Scenario E1 — PNR Accuracy
(Dynamic mass, 3 m/s)",
163.0,1500.0,3.0,49.06,4.6609,2.8502,7.081,10.847,500.0,0,1,"Scenario E1 — PNR Accuracy
(Dynamic mass, 3 m/s)",
164.0,1500.0,3.0,48.8,4.6361,2.8502,7.081,10.844,500.0,0,1,"Scenario E1 — PNR Accuracy
(Dynamic mass, 3 m/s)",
165.0,1500.0,3.0,48.54,4.6113,2.8502,7.081,10.84,500.0,0,1,"Scenario E1 — PNR Accuracy
(Dynamic mass, 3 m/s)",
166.0,1500.0,3.0,48.28,4.5865,2.8502,7.081,10.836,500.0,0,1,"Scenario E1 — PNR Accuracy
(Dynamic mass, 3 m/s)",
167.0,1500.0,3.0,48.02,4.5618,2.8502,7.081,10.833,500.0,0,1,"Scenario E1 — PNR Accuracy
(Dynamic mass, 3 m/s)",
168.0,1500.0,3.0,47.76,4.537,2.8502,7.081,10.829,500.0,0,1,"Scenario E1 — PNR Accuracy
(Dynamic mass, 3 m/s)",
169.0,1500.0,3.0,47.5,4.5122,2.8502,7.081,10.825,500.0,0,1,"Scenario E1 — PNR Accuracy
(Dynamic mass, 3 m/s)",
170.0,1500.0,3.0,47.24,4.4874,2.8502,7.081,10.822,500.0,0,1,"Scenario E1 — PNR Accuracy
(Dynamic mass, 3 m/s)",
171.0,1500.0,3.0,46.97,4.4626,2.8502,7.081,10.818,500.0,0,1,"Scenario E1 — PNR Accuracy
(Dynamic mass, 3 m/s)",
172.0,1500.0,3.0,46.71,4.4378,2.8502,7.081,10.814,500.0,0,1,"Scenario E1 — PNR Accuracy
(Dynamic mass, 3 m/s)",
173.0,1500.0,3.0,46.45,4.4131,2.8502,7.081,10.811,500.0,0,1,"Scenario E1 — PNR Accuracy
(Dynamic mass, 3 m/s)",
174.0,1500.0,3.0,46.19,4.3883,2.8502,7.081,10.807,500.0,0,1,"Scenario E1 — PNR Accuracy
(Dynamic mass, 3 m/s)",
175.0,1500.0,3.0,45.93,4.3635,2.8502,7.081,10.803,500.0,0,1,"Scenario E1 — PNR Accuracy
(Dynamic mass, 3 m/s)",
176.0,1500.0,3.0,45.67,4.3387,2.8502,7.081,10.8,500.0,0,1,"Scenario E1 — PNR Accuracy
(Dynamic mass, 3 m/s)",
177.0,1500.0,3.0,45.41,4.3139,2.8502,7.081,10.796,500.0,0,1,"Scenario E1 — PNR Accuracy
(Dynamic mass, 3 m/s)",
178.0,1500.0,3.0,45.15,4.2891,2.8502,7.081,10.792,500.0,0,1,"Scenario E1 — PNR Accuracy
(Dynamic mass, 3 m/s)",
179.0,1500.0,3.0,44.89,4.2643,2.8502,7.081,10.788,500.0,0,1,"Scenario E1 — PNR Accuracy
(Dynamic mass, 3 m/s)",
180.0,1500.0,3.0,44.63,4.2396,2.8502,7.081,10.785,500.0,0,1,"Scenario E1 — PNR Accuracy
(Dynamic mass, 3 m/s)",
181.0,1500.0,3.0,44.37,4.2148,2.8502,7.081,10.781,500.0,0,1,"Scenario E1 — PNR Accuracy
(Dynamic mass, 3 m/s)",
182.0,1500.0,3.0,44.11,4.19,2.8502,7.081,10.777,500.0,0,1,"Scenario E1 — PNR Accuracy
(Dynamic mass, 3 m/s)",
183.0,1500.0,3.0,43.84,4.1652,2.8502,7.081,10.773,500.0,0,1,"Scenario E1 — PNR Accuracy
(Dynamic mass, 3 m/s)",
184.0,1500.0,3.0,43.58,4.1404,2.8502,7.081,10.77,500.0,0,1,"Scenario E1 — PNR Accuracy
(Dynamic mass, 3 m/s)",
185.0,1500.0,3.0,43.32,4.1156,2.8502,7.081,10.766,500.0,0,1,"Scenario E1 — PNR Accuracy
(Dynamic mass, 3 m/s)",
186.0,1500.0,3.0,43.06,4.0909,2.8502,7.081,10.762,500.0,0,1,"Scenario E1 — PNR Accuracy
(Dynamic mass, 3 m/s)",
187.0,1500.0,3.0,42.8,4.0661,2.8502,7.081,10.758,500.0,0,1,"Scenario E1 — PNR Accuracy
(Dynamic mass, 3 m/s)",
188.0,1500.0,3.0,42.54,4.0413,2.8502,7.081,10.754,500.0,0,1,"Scenario E1 — PNR Accuracy
(Dynamic mass, 3 m/s)",
189.0,1500.0,3.0,42.28,4.0165,2.8502,7.081,10.75,500.0,0,1,"Scenario E1 — PNR Accuracy
(Dynamic mass, 3 m/s)",
190.0,1500.0,3.0,42.02,3.9917,2.8502,7.081,10.746,500.0,0,1,"Scenario E1 — PNR Accuracy
(Dynamic mass, 3 m/s)",
191.0,1500.0,3.0,41.76,3.9669,2.8502,7.081,10.742,500.0,0,1,"Scenario E1 — PNR Accuracy
(Dynamic mass, 3 m/s)",
192.0,1500.0,3.0,41.5,3.9421,2.8502,7.081,10.738,500.0,0,1,"Scenario E1 — PNR Accuracy
(Dynamic mass, 3 m/s)",
193.0,1500.0,3.0,41.24,3.9174,2.8502,7.081,10.734,500.0,0,1,"Scenario E1 — PNR Accuracy
(Dynamic mass, 3 m/s)",
194.0,1500.0,3.0,40.97,3.8926,2.8502,7.081,10.73,500.0,0,1,"Scenario E1 — PNR Accuracy
(Dynamic mass, 3 m/s)",
195.0,1500.0,3.0,40.71,3.8678,2.8502,7.081,10.726,500.0,0,1,"Scenario E1 — PNR Accuracy
(Dynamic mass, 3 m/s)",
196.0,1500.0,3.0,40.45,3.843,2.8502,7.081,10.722,500.0,0,1,"Scenario E1 — PNR Accuracy
(Dynamic mass, 3 m/s)",
197.0,1500.0,3.0,40.19,3.8182,2.8502,7.081,10.717,500.0,0,1,"Scenario E1 — PNR Accuracy
(Dynamic mass, 3 m/s)",
198.0,1500.0,3.0,39.93,3.7934,2.8502,7.081,10.713,500.0,0,1,"Scenario E1 — PNR Accuracy
(Dynamic mass, 3 m/s)",
199.0,1500.0,3.0,39.67,3.7687,2.8502,7.081,10.709,500.0,0,1,"Scenario E1 — PNR Accuracy
(Dynamic mass, 3 m/s)",
200.0,1500.0,3.0,39.41,3.7439,2.8502,7.081,10.704,500.0,0,1,"Scenario E1 — PNR Accuracy
(Dynamic mass, 3 m/s)",
201.0,1500.0,3.0,39.15,3.7191,2.8502,7.081,10.7,500.0,0,1,"Scenario E1 — PNR Accuracy
(Dynamic mass, 3 m/s)",
202.0,1500.0,3.0,38.89,3.6943,2.8502,7.081,10.695,500.0,0,1,"Scenario E1 — PNR Accuracy
(Dynamic mass, 3 m/s)",
203.0,1500.0,3.0,38.63,3.6695,2.8502,7.081,10.691,500.0,0,1,"Scenario E1 — PNR Accuracy
(Dynamic mass, 3 m/s)",
204.0,1500.0,3.0,38.37,3.6447,2.8502,7.081,10.686,500.0,0,1,"Scenario E1 — PNR Accuracy
(Dynamic mass, 3 m/s)",
205.0,1500.0,3.0,38.1,3.6199,2.8502,7.081,10.681,500.0,0,1,"Scenario E1 — PNR Accuracy
(Dynamic mass, 3 m/s)",
206.0,1500.0,3.0,37.84,3.5952,2.8502,7.081,10.677,500.0,0,1,"Scenario E1 — PNR Accuracy
(Dynamic mass, 3 m/s)",
207.0,1500.0,3.0,37.58,3.5704,2.8502,7.081,10.672,500.0,0,1,"Scenario E1 — PNR Accuracy
(Dynamic mass, 3 m/s)",
208.0,1500.0,3.0,37.32,3.5456,2.8502,7.081,10.667,500.0,0,1,"Scenario E1 — PNR Accuracy
(Dynamic mass, 3 m/s)",
209.0,1500.0,3.0,37.06,3.5208,2.8502,7.081,10.662,500.0,0,1,"Scenario E1 — PNR Accuracy
(Dynamic mass, 3 m/s)",
210.0,1500.0,3.0,36.8,3.496,2.8502,7.081,10.657,500.0,0,1,"Scenario E1 — PNR Accuracy
(Dynamic mass, 3 m/s)",
211.0,1500.0,3.0,36.54,3.4712,2.8502,7.081,10.652,500.0,0,1,"Scenario E1 — PNR Accuracy
(Dynamic mass, 3 m/s)",
212.0,1500.0,3.0,36.28,3.4465,2.8502,7.081,10.646,500.0,0,1,"Scenario E1 — PNR Accuracy
(Dynamic mass, 3 m/s)",
213.0,1500.0,3.0,36.02,3.4217,2.8502,7.081,10.641,500.0,0,1,"Scenario E1 — PNR Accuracy
(Dynamic mass, 3 m/s)",
214.0,1500.0,3.0,35.76,3.3969,2.8502,7.081,10.636,500.0,0,1,"Scenario E1 — PNR Accuracy
(Dynamic mass, 3 m/s)",
215.0,1500.0,3.0,35.5,3.3721,2.8502,7.081,10.63,500.0,0,1,"Scenario E1 — PNR Accuracy
(Dynamic mass, 3 m/s)",
216.0,1500.0,3.0,35.23,3.3473,2.8502,7.081,10.624,500.0,0,1,"Scenario E1 — PNR Accuracy
(Dynamic mass, 3 m/s)",
217.0,1500.0,3.0,34.97,3.3225,2.8502,7.081,10.619,500.0,0,1,"Scenario E1 — PNR Accuracy
(Dynamic mass, 3 m/s)",
218.0,1500.0,3.0,34.71,3.2978,2.8502,7.081,10.613,500.0,0,1,"Scenario E1 — PNR Accuracy
(Dynamic mass, 3 m/s)",
219.0,1500.0,3.0,34.45,3.273,2.8502,7.081,10.607,500.0,0,1,"Scenario E1 — PNR Accuracy
(Dynamic mass, 3 m/s)",
220.0,1500.0,3.0,34.19,3.2482,2.8502,7.081,10.601,500.0,0,1,"Scenario E1 — PNR Accuracy
(Dynamic mass, 3 m/s)",
221.0,1500.0,3.0,33.93,3.2234,2.8502,7.081,10.595,500.0,0,1,"Scenario E1 — PNR Accuracy
(Dynamic mass, 3 m/s)",
222.0,1500.0,3.0,33.67,3.1986,2.8502,7.081,10.589,500.0,0,1,"Scenario E1 — PNR Accuracy
(Dynamic mass, 3 m/s)",
223.0,1500.0,3.0,33.41,3.1738,2.8502,7.081,10.582,500.0,0,1,"Scenario E1 — PNR Accuracy
(Dynamic mass, 3 m/s)",
224.0,1500.0,3.0,33.15,3.149,2.8502,7.081,10.576,500.0,0,1,"Scenario E1 — PNR Accuracy
(Dynamic mass, 3 m/s)",
225.0,1500.0,3.0,32.89,3.1243,2.8502,7.081,10.569,500.0,0,1,"Scenario E1 — PNR Accuracy
(Dynamic mass, 3 m/s)",
226.0,1500.0,3.0,32.63,3.0995,2.8502,7.081,10.562,500.0,0,1,"Scenario E1 — PNR Accuracy
(Dynamic mass, 3 m/s)",
227.0,1500.0,3.0,32.37,3.0747,2.8502,7.081,10.556,500.0,0,1,"Scenario E1 — PNR Accuracy
(Dynamic mass, 3 m/s)",
228.0,1500.0,3.0,32.1,3.0499,2.8502,7.081,10.549,500.0,0,1,"Scenario E1 — PNR Accuracy
(Dynamic mass, 3 m/s)",
229.0,1500.0,3.0,31.84,3.0251,2.8502,7.081,10.541,500.0,0,1,"Scenario E1 — PNR Accuracy
(Dynamic mass, 3 m/s)",
230.0,1500.0,3.0,31.58,3.0003,2.8502,7.081,10.534,500.0,0,1,"Scenario E1 — PNR Accuracy
(Dynamic mass, 3 m/s)",
231.0,1500.0,3.0,31.32,2.9756,2.8502,7.081,10.527,500.0,0,1,"Scenario E1 — PNR Accuracy
(Dynamic mass, 3 m/s)",
232.0,1500.0,3.0,31.06,2.9508,2.8502,7.081,10.519,500.0,0,1,"Scenario E1 — PNR Accuracy
(Dynamic mass, 3 m/s)",
233.0,1500.0,3.0,30.8,2.926,2.8502,7.081,10.511,500.0,0,1,"Scenario E1 — PNR Accuracy
(Dynamic mass, 3 m/s)",
234.0,1500.0,3.0,30.54,2.9012,2.8502,7.081,10.504,500.0,0,1,"Scenario E1 — PNR Accuracy
(Dynamic mass, 3 m/s)",
235.0,1500.0,3.0,30.28,2.8764,2.8502,7.081,10.496,500.0,0,1,"Scenario E1 — PNR Accuracy
(Dynamic mass, 3 m/s)",
236.0,1500.0,3.0,30.02,2.8516,2.8502,7.081,10.487,500.0,0,1,"Scenario E1 — PNR Accuracy
(Dynamic mass, 3 m/s)",
237.0,1500.0,3.0,29.76,2.8268,2.8502,7.081,10.479,500.0,1,1,"Scenario E1 — PNR Accuracy
(Dynamic mass, 3 m/s)",1000.0
0.0,2500.0,7.0,99.42,9.4445,0.1276,15.845,10.799,0.0,0,1,"Scenario E2 — PNR Accuracy
(Dynamic mass, 7 m/s)",
1.0,2483.3,7.0,98.84,9.3896,0.1264,15.704,10.817,5.0,0,1,"Scenario E2 — PNR Accuracy
(Dynamic mass, 7 m/s)",
2.0,2466.6,7.0,98.26,9.3351,0.1253,15.562,10.834,10.0,0,1,"Scenario E2 — PNR Accuracy
(Dynamic mass, 7 m/s)",
3.0,2449.9,7.0,97.7,9.2811,0.1862,15.422,10.849,15.0,0,1,"Scenario E2 — PNR Accuracy
(Dynamic mass, 7 m/s)",
4.0,2433.2,7.0,97.13,9.2276,0.246,15.281,10.864,20.0,0,1,"Scenario E2 — PNR Accuracy
(Dynamic mass, 7 m/s)",
5.0,2416.5,7.0,96.58,9.1747,0.3047,15.142,10.878,25.0,0,1,"Scenario E2 — PNR Accuracy
(Dynamic mass, 7 m/s)",
6.0,2399.8,7.0,96.02,9.1221,0.3623,15.002,10.891,30.0,0,1,"Scenario E2 — PNR Accuracy
(Dynamic mass, 7 m/s)",
7.0,2383.1,7.0,95.47,9.0701,0.4188,14.864,10.904,35.0,0,1,"Scenario E2 — PNR Accuracy
(Dynamic mass, 7 m/s)",
8.0,2366.4,7.0,94.93,9.0186,0.4742,14.725,10.916,40.0,0,1,"Scenario E2 — PNR Accuracy
(Dynamic mass, 7 m/s)",
9.0,2349.7,7.0,94.4,8.9675,0.5284,14.587,10.927,45.0,0,1,"Scenario E2 — PNR Accuracy
(Dynamic mass, 7 m/s)",
10.0,2333.0,7.0,93.86,8.917,0.5816,14.45,10.937,50.0,0,1,"Scenario E2 — PNR Accuracy
(Dynamic mass, 7 m/s)",
11.0,2316.3,7.0,93.34,8.8669,0.6337,14.313,10.947,55.0,0,1,"Scenario E2 — PNR Accuracy
(Dynamic mass, 7 m/s)",
12.0,2299.6,7.0,92.81,8.8172,0.6847,14.177,10.957,60.0,0,1,"Scenario E2 — PNR Accuracy
(Dynamic mass, 7 m/s)",
13.0,2282.9,7.0,92.3,8.7681,0.7347,14.041,10.966,65.0,0,1,"Scenario E2 — PNR Accuracy
(Dynamic mass, 7 m/s)",
14.0,2266.2,7.0,91.78,8.7194,0.7836,13.905,10.974,70.0,0,1,"Scenario E2 — PNR Accuracy
(Dynamic mass, 7 m/s)",
15.0,2249.5,7.0,91.28,8.6712,0.8314,13.771,10.982,75.0,0,1,"Scenario E2 — PNR Accuracy
(Dynamic mass, 7 m/s)",
16.0,2232.8,7.0,90.77,8.6235,0.8782,13.636,10.99,80.0,0,1,"Scenario E2 — PNR Accuracy
(Dynamic mass, 7 m/s)",
17.0,2216.1,7.0,90.28,8.5762,0.9239,13.502,10.997,85.0,0,1,"Scenario E2 — PNR Accuracy
(Dynamic mass, 7 m/s)",
18.0,2199.4,7.0,89.78,8.5295,0.9686,13.369,11.004,90.0,0,1,"Scenario E2 — PNR Accuracy
(Dynamic mass, 7 m/s)",
19.0,2182.7,7.0,89.3,8.4831,1.0122,13.236,11.011,95.0,0,1,"Scenario E2 — PNR Accuracy
(Dynamic mass, 7 m/s)",
20.0,2166.0,7.0,88.81,8.4373,1.0548,13.104,11.017,100.0,0,1,"Scenario E2 — PNR Accuracy
(Dynamic mass, 7 m/s)",
21.0,2149.3,7.0,88.34,8.3919,1.0964,12.972,11.023,105.0,0,1,"Scenario E2 — PNR Accuracy
(Dynamic mass, 7 m/s)",
22.0,2132.6,7.0,87.86,8.3469,1.137,12.84,11.029,110.0,0,1,"Scenario E2 — PNR Accuracy
(Dynamic mass, 7 m/s)",
23.0,2115.9,7.0,87.39,8.3024,1.1766,12.71,11.034,115.0,0,1,"Scenario E2 — PNR Accuracy
(Dynamic mass, 7 m/s)",
24.0,2099.2,7.0,86.93,8.2584,1.2152,12.579,11.04,120.0,0,1,"Scenario E2 — PNR Accuracy
(Dynamic mass, 7 m/s)",
25.0,2082.5,7.0,86.47,8.2148,1.2527,12.45,11.045,125.0,0,1,"Scenario E2 — PNR Accuracy
(Dynamic mass, 7 m/s)",
26.0,2065.8,7.0,86.02,8.1717,1.2893,12.32,11.05,130.0,0,1,"Scenario E2 — PNR Accuracy
(Dynamic mass, 7 m/s)",
27.0,2049.1,7.0,85.57,8.129,1.3249,12.191,11.055,135.0,0,1,"Scenario E2 — PNR Accuracy
(Dynamic mass, 7 m/s)",
28.0,2032.4,7.0,85.12,8.0868,1.3595,12.063,11.06,140.0,0,1,"Scenario E2 — PNR Accuracy
(Dynamic mass, 7 m/s)",
29.0,2015.7,7.0,84.68,8.045,1.3932,11.936,11.064,145.0,0,1,"Scenario E2 — PNR Accuracy
(Dynamic mass, 7 m/s)",
30.0,1999.0,7.0,84.25,8.0037,1.4259,11.808,11.069,150.0,0,1,"Scenario E2 — PNR Accuracy
(Dynamic mass, 7 m/s)",
31.0,1982.3,7.0,83.82,7.9628,1.4576,11.682,11.073,155.0,0,1,"Scenario E2 — PNR Accuracy
(Dynamic mass, 7 m/s)",
32.0,1965.6,7.0,83.39,7.9224,1.4884,11.556,11.078,160.0,0,1,"Scenario E2 — PNR Accuracy
(Dynamic mass, 7 m/s)",
33.0,1948.9,7.0,82.97,7.8824,1.5182,11.43,11.082,165.0,0,1,"Scenario E2 — PNR Accuracy
(Dynamic mass, 7 m/s)",
34.0,1932.2,7.0,82.56,7.8428,1.5471,11.305,11.086,170.0,0,1,"Scenario E2 — PNR Accuracy
(Dynamic mass, 7 m/s)",
35.0,1915.5,7.0,82.14,7.8037,1.575,11.18,11.09,175.0,0,1,"Scenario E2 — PNR Accuracy
(Dynamic mass, 7 m/s)",
36.0,1898.8,7.0,81.74,7.765,1.6021,11.056,11.094,180.0,0,1,"Scenario E2 — PNR Accuracy
(Dynamic mass, 7 m/s)",
37.0,1882.1,7.0,81.33,7.7267,1.6282,10.933,11.098,185.0,0,1,"Scenario E2 — PNR Accuracy
(Dynamic mass, 7 m/s)",
38.0,1865.4,7.0,80.94,7.6889,1.6534,10.81,11.102,190.0,0,1,"Scenario E2 — PNR Accuracy
(Dynamic mass, 7 m/s)",
39.0,1848.7,7.0,80.54,7.6515,1.6777,10.688,11.106,195.0,0,1,"Scenario E2 — PNR Accuracy
(Dynamic mass, 7 m/s)",
40.0,1832.0,7.0,80.15,7.6145,1.7011,10.566,11.11,200.0,0,1,"Scenario E2 — PNR Accuracy
(Dynamic mass, 7 m/s)",
41.0,1815.3,7.0,79.77,7.5779,1.7237,10.445,11.114,205.0,0,1,"Scenario E2 — PNR Accuracy
(Dynamic mass, 7 m/s)",
42.0,1798.6,7.0,79.39,7.5418,1.7453,10.324,11.118,210.0,0,1,"Scenario E2 — PNR Accuracy
(Dynamic mass, 7 m/s)",
43.0,1781.9,7.0,79.01,7.5061,1.7661,10.204,11.122,215.0,0,1,"Scenario E2 — PNR Accuracy
(Dynamic mass, 7 m/s)",
44.0,1765.2,7.0,78.64,7.4708,1.786,10.084,11.126,220.0,0,1,"Scenario E2 — PNR Accuracy
(Dynamic mass, 7 m/s)",
45.0,1748.5,7.0,78.27,7.4359,1.805,9.965,11.13,225.0,0,1,"Scenario E2 — PNR Accuracy
(Dynamic mass, 7 m/s)",
46.0,1731.8,7.0,77.91,7.4015,1.8232,9.847,11.135,230.0,0,1,"Scenario E2 — PNR Accuracy
(Dynamic mass, 7 m/s)",
47.0,1715.1,7.0,77.55,7.3674,1.8405,9.729,11.139,235.0,0,1,"Scenario E2 — PNR Accuracy
(Dynamic mass, 7 m/s)",
48.0,1698.4,7.0,77.2,7.3338,1.857,9.612,11.143,240.0,0,1,"Scenario E2 — PNR Accuracy
(Dynamic mass, 7 m/s)",
49.0,1681.7,7.0,76.85,7.3005,1.8727,9.495,11.147,245.0,0,1,"Scenario E2 — PNR Accuracy
(Dynamic mass, 7 m/s)",
50.0,1665.0,7.0,76.5,7.2677,1.8875,9.379,11.151,250.0,0,1,"Scenario E2 — PNR Accuracy
(Dynamic mass, 7 m/s)",
51.0,1648.3,7.0,76.16,7.2353,1.9016,9.264,11.155,255.0,0,1,"Scenario E2 — PNR Accuracy
(Dynamic mass, 7 m/s)",
52.0,1631.6,7.0,75.82,7.2033,1.9148,9.149,11.159,260.0,0,1,"Scenario E2 — PNR Accuracy
(Dynamic mass, 7 m/s)",
53.0,1614.9,7.0,75.49,7.1716,1.9272,9.034,11.164,265.0,0,1,"Scenario E2 — PNR Accuracy
(Dynamic mass, 7 m/s)",
54.0,1598.2,7.0,75.16,7.1404,1.9389,8.92,11.168,270.0,0,1,"Scenario E2 — PNR Accuracy
(Dynamic mass, 7 m/s)",
55.0,1581.5,7.0,74.84,7.1096,1.9497,8.807,11.172,275.0,0,1,"Scenario E2 — PNR Accuracy
(Dynamic mass, 7 m/s)",
56.0,1564.8,7.0,74.52,7.0792,1.9598,8.695,11.177,280.0,0,1,"Scenario E2 — PNR Accuracy
(Dynamic mass, 7 m/s)",
57.0,1548.1,7.0,74.2,7.0491,1.9691,8.583,11.181,285.0,0,1,"Scenario E2 — PNR Accuracy
(Dynamic mass, 7 m/s)",
58.0,1531.4,7.0,73.89,7.0195,1.9776,8.471,11.185,290.0,0,1,"Scenario E2 — PNR Accuracy
(Dynamic mass, 7 m/s)",
59.0,1514.7,7.0,73.58,6.9902,1.9854,8.36,11.19,295.0,0,1,"Scenario E2 — PNR Accuracy
(Dynamic mass, 7 m/s)",
60.0,1500.0,7.0,73.28,6.9613,1.9956,8.263,11.193,300.0,0,1,"Scenario E2 — PNR Accuracy
(Dynamic mass, 7 m/s)",
61.0,1500.0,7.0,72.97,6.9324,2.0289,8.263,11.185,305.0,0,1,"Scenario E2 — PNR Accuracy
(Dynamic mass, 7 m/s)",
62.0,1500.0,7.0,72.67,6.9034,2.0622,8.263,11.177,310.0,0,1,"Scenario E2 — PNR Accuracy
(Dynamic mass, 7 m/s)",
63.0,1500.0,7.0,72.36,6.8745,2.0954,8.263,11.169,315.0,0,1,"Scenario E2 — PNR Accuracy
(Dynamic mass, 7 m/s)",
64.0,1500.0,7.0,72.06,6.8456,2.1287,8.263,11.162,320.0,0,1,"Scenario E2 — PNR Accuracy
(Dynamic mass, 7 m/s)",
65.0,1500.0,7.0,71.75,6.8167,2.1619,8.263,11.154,325.0,0,1,"Scenario E2 — PNR Accuracy
(Dynamic mass, 7 m/s)",
66.0,1500.0,7.0,71.45,6.7878,2.1952,8.263,11.146,330.0,0,1,"Scenario E2 — PNR Accuracy
(Dynamic mass, 7 m/s)",
67.0,1500.0,7.0,71.15,6.7588,2.2285,8.263,11.139,335.0,0,1,"Scenario E2 — PNR Accuracy
(Dynamic mass, 7 m/s)",
68.0,1500.0,7.0,70.84,6.7299,2.2617,8.263,11.131,340.0,0,1,"Scenario E2 — PNR Accuracy
(Dynamic mass, 7 m/s)",
69.0,1500.0,7.0,70.54,6.701,2.295,8.263,11.124,345.0,0,1,"Scenario E2 — PNR Accuracy
(Dynamic mass, 7 m/s)",
70.0,1500.0,7.0,70.23,6.6721,2.3282,8.263,11.116,350.0,0,1,"Scenario E2 — PNR Accuracy
(Dynamic mass, 7 m/s)",
71.0,1500.0,7.0,69.93,6.6431,2.3615,8.263,11.109,355.0,0,1,"Scenario E2 — PNR Accuracy
(Dynamic mass, 7 m/s)",
72.0,1500.0,7.0,69.62,6.6142,2.3948,8.263,11.101,360.0,0,1,"Scenario E2 — PNR Accuracy
(Dynamic mass, 7 m/s)",
73.0,1500.0,7.0,69.32,6.5853,2.428,8.263,11.094,365.0,0,1,"Scenario E2 — PNR Accuracy
(Dynamic mass, 7 m/s)",
74.0,1500.0,7.0,69.01,6.5564,2.4613,8.263,11.086,370.0,0,1,"Scenario E2 — PNR Accuracy
(Dynamic mass, 7 m/s)",
75.0,1500.0,7.0,68.71,6.5275,2.4945,8.263,11.079,375.0,0,1,"Scenario E2 — PNR Accuracy
(Dynamic mass, 7 m/s)",
76.0,1500.0,7.0,68.41,6.4985,2.5278,8.263,11.072,380.0,0,1,"Scenario E2 — PNR Accuracy
(Dynamic mass, 7 m/s)",
77.0,1500.0,7.0,68.1,6.4696,2.5611,8.263,11.065,385.0,0,1,"Scenario E2 — PNR Accuracy
(Dynamic mass, 7 m/s)",
78.0,1500.0,7.0,67.8,6.4407,2.5943,8.263,11.057,390.0,0,1,"Scenario E2 — PNR Accuracy
(Dynamic mass, 7 m/s)",
79.0,1500.0,7.0,67.49,6.4118,2.6276,8.263,11.05,395.0,0,1,"Scenario E2 — PNR Accuracy
(Dynamic mass, 7 m/s)",
80.0,1500.0,7.0,67.19,6.3828,2.6608,8.263,11.043,400.0,0,1,"Scenario E2 — PNR Accuracy
(Dynamic mass, 7 m/s)",
81.0,1500.0,7.0,66.88,6.3539,2.6941,8.263,11.036,405.0,0,1,"Scenario E2 — PNR Accuracy
(Dynamic mass, 7 m/s)",
82.0,1500.0,7.0,66.58,6.325,2.7274,8.263,11.029,410.0,0,1,"Scenario E2 — PNR Accuracy
(Dynamic mass, 7 m/s)",
83.0,1500.0,7.0,66.27,6.2961,2.7606,8.263,11.022,415.0,0,1,"Scenario E2 — PNR Accuracy
(Dynamic mass, 7 m/s)",
84.0,1500.0,7.0,65.97,6.2672,2.7939,8.263,11.015,420.0,0,1,"Scenario E2 — PNR Accuracy
(Dynamic mass, 7 m/s)",
85.0,1500.0,7.0,65.67,6.2382,2.8271,8.263,11.008,425.0,0,1,"Scenario E2 — PNR Accuracy
(Dynamic mass, 7 m/s)",
86.0,1500.0,7.0,65.36,6.2093,2.8604,8.263,11.002,430.0,0,1,"Scenario E2 — PNR Accuracy
(Dynamic mass, 7 m/s)",
87.0,1500.0,7.0,65.06,6.1804,2.8937,8.263,10.995,435.0,0,1,"Scenario E2 — PNR Accuracy
(Dynamic mass, 7 m/s)",
88.0,1500.0,7.0,64.75,6.1515,2.9269,8.263,10.988,440.0,0,1,"Scenario E2 — PNR Accuracy
(Dynamic mass, 7 m/s)",
89.0,1500.0,7.0,64.45,6.1225,2.9602,8.263,10.982,445.0,0,1,"Scenario E2 — PNR Accuracy
(Dynamic mass, 7 m/s)",
90.0,1500.0,7.0,64.14,6.0936,2.9934,8.263,10.975,450.0,0,1,"Scenario E2 — PNR Accuracy
(Dynamic mass, 7 m/s)",
91.0,1500.0,7.0,63.84,6.0647,3.0267,8.263,10.969,455.0,0,1,"Scenario E2 — PNR Accuracy
(Dynamic mass, 7 m/s)",
92.0,1500.0,7.0,63.53,6.0358,3.06,8.263,10.962,460.0,0,1,"Scenario E2 — PNR Accuracy
(Dynamic mass, 7 m/s)",
93.0,1500.0,7.0,63.23,6.0069,3.0932,8.263,10.956,465.0,0,1,"Scenario E2 — PNR Accuracy
(Dynamic mass, 7 m/s)",
94.0,1500.0,7.0,62.93,5.9779,3.1265,8.263,10.949,470.0,0,1,"Scenario E2 — PNR Accuracy
(Dynamic mass, 7 m/s)",
95.0,1500.0,7.0,62.62,5.949,3.1598,8.263,10.943,475.0,0,1,"Scenario E2 — PNR Accuracy
(Dynamic mass, 7 m/s)",
96.0,1500.0,7.0,62.32,5.9201,3.193,8.263,10.937,480.0,0,1,"Scenario E2 — PNR Accuracy
(Dynamic mass, 7 m/s)",
97.0,1500.0,7.0,62.01,5.8912,3.2263,8.263,10.931,485.0,0,1,"Scenario E2 — PNR Accuracy
(Dynamic mass, 7 m/s)",
98.0,1500.0,7.0,61.71,5.8622,3.2595,8.263,10.925,490.0,0,1,"Scenario E2 — PNR Accuracy
(Dynamic mass, 7 m/s)",
99.0,1500.0,7.0,61.4,5.8333,3.2928,8.263,10.919,495.0,0,1,"Scenario E2 — PNR Accuracy
(Dynamic mass, 7 m/s)",
100.0,1500.0,7.0,61.1,5.8044,3.3261,8.263,10.913,500.0,0,1,"Scenario E2 — PNR Accuracy
(Dynamic mass, 7 m/s)",
101.0,1500.0,7.0,60.79,5.7755,3.3261,8.263,10.907,500.0,0,1,"Scenario E2 — PNR Accuracy
(Dynamic mass, 7 m/s)",
102.0,1500.0,7.0,60.49,5.7466,3.3261,8.263,10.901,500.0,0,1,"Scenario E2 — PNR Accuracy
(Dynamic mass, 7 m/s)",
103.0,1500.0,7.0,60.19,5.7176,3.3261,8.263,10.895,500.0,0,1,"Scenario E2 — PNR Accuracy
(Dynamic mass, 7 m/s)",
104.0,1500.0,7.0,59.88,5.6887,3.3261,8.263,10.889,500.0,0,1,"Scenario E2 — PNR Accuracy
(Dynamic mass, 7 m/s)",
105.0,1500.0,7.0,59.58,5.6598,3.3261,8.263,10.883,500.0,0,1,"Scenario E2 — PNR Accuracy
(Dynamic mass, 7 m/s)",
106.0,1500.0,7.0,59.27,5.6309,3.3261,8.263,10.878,500.0,0,1,"Scenario E2 — PNR Accuracy
(Dynamic mass, 7 m/s)",
107.0,1500.0,7.0,58.97,5.6019,3.3261,8.263,10.872,500.0,0,1,"Scenario E2 — PNR Accuracy
(Dynamic mass, 7 m/s)",
108.0,1500.0,7.0,58.66,5.573,3.3261,8.263,10.866,500.0,0,1,"Scenario E2 — PNR Accuracy
(Dynamic mass, 7 m/s)",
109.0,1500.0,7.0,58.36,5.5441,3.3261,8.263,10.861,500.0,0,1,"Scenario E2 — PNR Accuracy
(Dynamic mass, 7 m/s)",
110.0,1500.0,7.0,58.05,5.5152,3.3261,8.263,10.855,500.0,0,1,"Scenario E2 — PNR Accuracy
(Dynamic mass, 7 m/s)",
111.0,1500.0,7.0,57.75,5.4863,3.3261,8.263,10.85,500.0,0,1,"Scenario E2 — PNR Accuracy
(Dynamic mass, 7 m/s)",
112.0,1500.0,7.0,57.45,5.4573,3.3261,8.263,10.845,500.0,0,1,"Scenario E2 — PNR Accuracy
(Dynamic mass, 7 m/s)",
113.0,1500.0,7.0,57.14,5.4284,3.3261,8.263,10.839,500.0,0,1,"Scenario E2 — PNR Accuracy
(Dynamic mass, 7 m/s)",
114.0,1500.0,7.0,56.84,5.3995,3.3261,8.263,10.834,500.0,0,1,"Scenario E2 — PNR Accuracy
(Dynamic mass, 7 m/s)",
115.0,1500.0,7.0,56.53,5.3706,3.3261,8.263,10.829,500.0,0,1,"Scenario E2 — PNR Accuracy
(Dynamic mass, 7 m/s)",
116.0,1500.0,7.0,56.23,5.3416,3.3261,8.263,10.824,500.0,0,1,"Scenario E2 — PNR Accuracy
(Dynamic mass, 7 m/s)",
117.0,1500.0,7.0,55.92,5.3127,3.3261,8.263,10.819,500.0,0,1,"Scenario E2 — PNR Accuracy
(Dynamic mass, 7 m/s)",
118.0,1500.0,7.0,55.62,5.2838,3.3261,8.263,10.813,500.0,0,1,"Scenario E2 — PNR Accuracy
(Dynamic mass, 7 m/s)",
119.0,1500.0,7.0,55.31,5.2549,3.3261,8.263,10.808,500.0,0,1,"Scenario E2 — PNR Accuracy
(Dynamic mass, 7 m/s)",
120.0,1500.0,7.0,55.01,5.226,3.3261,8.263,10.803,500.0,0,1,"Scenario E2 — PNR Accuracy
(Dynamic mass, 7 m/s)",
121.0,1500.0,7.0,54.71,5.197,3.3261,8.263,10.798,500.0,0,1,"Scenario E2 — PNR Accuracy
(Dynamic mass, 7 m/s)",
122.0,1500.0,7.0,54.4,5.1681,3.3261,8.263,10.793,500.0,0,1,"Scenario E2 — PNR Accuracy
(Dynamic mass, 7 m/s)",
123.0,1500.0,7.0,54.1,5.1392,3.3261,8.263,10.789,500.0,0,1,"Scenario E2 — PNR Accuracy
(Dynamic mass, 7 m/s)",
124.0,1500.0,7.0,53.79,5.1103,3.3261,8.263,10.784,500.0,0,1,"Scenario E2 — PNR Accuracy
(Dynamic mass, 7 m/s)",
125.0,1500.0,7.0,53.49,5.0813,3.3261,8.263,10.779,500.0,0,1,"Scenario E2 — PNR Accuracy
(Dynamic mass, 7 m/s)",
126.0,1500.0,7.0,53.18,5.0524,3.3261,8.263,10.774,500.0,0,1,"Scenario E2 — PNR Accuracy
(Dynamic mass, 7 m/s)",
127.0,1500.0,7.0,52.88,5.0235,3.3261,8.263,10.769,500.0,0,1,"Scenario E2 — PNR Accuracy
(Dynamic mass, 7 m/s)",
128.0,1500.0,7.0,52.57,4.9946,3.3261,8.263,10.765,500.0,0,1,"Scenario E2 — PNR Accuracy
(Dynamic mass, 7 m/s)",
129.0,1500.0,7.0,52.27,4.9657,3.3261,8.263,10.76,500.0,0,1,"Scenario E2 — PNR Accuracy
(Dynamic mass, 7 m/s)",
130.0,1500.0,7.0,51.97,4.9367,3.3261,8.263,10.755,500.0,0,1,"Scenario E2 — PNR Accuracy
(Dynamic mass, 7 m/s)",
131.0,1500.0,7.0,51.66,4.9078,3.3261,8.263,10.751,500.0,0,1,"Scenario E2 — PNR Accuracy
(Dynamic mass, 7 m/s)",
132.0,1500.0,7.0,51.36,4.8789,3.3261,8.263,10.746,500.0,0,1,"Scenario E2 — PNR Accuracy
(Dynamic mass, 7 m/s)",
133.0,1500.0,7.0,51.05,4.85,3.3261,8.263,10.742,500.0,0,1,"Scenario E2 — PNR Accuracy
(Dynamic mass, 7 m/s)",
134.0,1500.0,7.0,50.75,4.821,3.3261,8.263,10.737,500.0,0,1,"Scenario E2 — PNR Accuracy
(Dynamic mass, 7 m/s)",
135.0,1500.0,7.0,50.44,4.7921,3.3261,8.263,10.733,500.0,0,1,"Scenario E2 — PNR Accuracy
(Dynamic mass, 7 m/s)",
136.0,1500.0,7.0,50.14,4.7632,3.3261,8.263,10.728,500.0,0,1,"Scenario E2 — PNR Accuracy
(Dynamic mass, 7 m/s)",
137.0,1500.0,7.0,49.83,4.7343,3.3261,8.263,10.724,500.0,0,1,"Scenario E2 — PNR Accuracy
(Dynamic mass, 7 m/s)",
138.0,1500.0,7.0,49.53,4.7054,3.3261,8.263,10.719,500.0,0,1,"Scenario E2 — PNR Accuracy
(Dynamic mass, 7 m/s)",
139.0,1500.0,7.0,49.23,4.6764,3.3261,8.263,10.715,500.0,0,1,"Scenario E2 — PNR Accuracy
(Dynamic mass, 7 m/s)",
140.0,1500.0,7.0,48.92,4.6475,3.3261,8.263,10.71,500.0,0,1,"Scenario E2 — PNR Accuracy
(Dynamic mass, 7 m/s)",
141.0,1500.0,7.0,48.62,4.6186,3.3261,8.263,10.706,500.0,0,1,"Scenario E2 — PNR Accuracy
(Dynamic mass, 7 m/s)",
142.0,1500.0,7.0,48.31,4.5897,3.3261,8.263,10.701,500.0,0,1,"Scenario E2 — PNR Accuracy
(Dynamic mass, 7 m/s)",
143.0,1500.0,7.0,48.01,4.5607,3.3261,8.263,10.697,500.0,0,1,"Scenario E2 — PNR Accuracy
(Dynamic mass, 7 m/s)",
144.0,1500.0,7.0,47.7,4.5318,3.3261,8.263,10.693,500.0,0,1,"Scenario E2 — PNR Accuracy
(Dynamic mass, 7 m/s)",
145.0,1500.0,7.0,47.4,4.5029,3.3261,8.263,10.688,500.0,0,1,"Scenario E2 — PNR Accuracy
(Dynamic mass, 7 m/s)",
146.0,1500.0,7.0,47.09,4.474,3.3261,8.263,10.684,500.0,0,1,"Scenario E2 — PNR Accuracy
(Dynamic mass, 7 m/s)",
147.0,1500.0,7.0,46.79,4.4451,3.3261,8.263,10.679,500.0,0,1,"Scenario E2 — PNR Accuracy
(Dynamic mass, 7 m/s)",
148.0,1500.0,7.0,46.49,4.4161,3.3261,8.263,10.675,500.0,0,1,"Scenario E2 — PNR Accuracy
(Dynamic mass, 7 m/s)",
149.0,1500.0,7.0,46.18,4.3872,3.3261,8.263,10.671,500.0,0,1,"Scenario E2 — PNR Accuracy
(Dynamic mass, 7 m/s)",
150.0,1500.0,7.0,45.88,4.3583,3.3261,8.263,10.666,500.0,0,1,"Scenario E2 — PNR Accuracy
(Dynamic mass, 7 m/s)",
151.0,1500.0,7.0,45.57,4.3294,3.3261,8.263,10.662,500.0,0,1,"Scenario E2 — PNR Accuracy
(Dynamic mass, 7 m/s)",
152.0,1500.0,7.0,45.27,4.3004,3.3261,8.263,10.657,500.0,0,1,"Scenario E2 — PNR Accuracy
(Dynamic mass, 7 m/s)",
153.0,1500.0,7.0,44.96,4.2715,3.3261,8.263,10.653,500.0,0,1,"Scenario E2 — PNR Accuracy
(Dynamic mass, 7 m/s)",
154.0,1500.0,7.0,44.66,4.2426,3.3261,8.263,10.648,500.0,0,1,"Scenario E2 — PNR Accuracy
(Dynamic mass, 7 m/s)",
155.0,1500.0,7.0,44.35,4.2137,3.3261,8.263,10.644,500.0,0,1,"Scenario E2 — PNR Accuracy
(Dynamic mass, 7 m/s)",
156.0,1500.0,7.0,44.05,4.1848,3.3261,8.263,10.639,500.0,0,1,"Scenario E2 — PNR Accuracy
(Dynamic mass, 7 m/s)",
157.0,1500.0,7.0,43.75,4.1558,3.3261,8.263,10.634,500.0,0,1,"Scenario E2 — PNR Accuracy
(Dynamic mass, 7 m/s)",
158.0,1500.0,7.0,43.44,4.1269,3.3261,8.263,10.63,500.0,0,1,"Scenario E2 — PNR Accuracy
(Dynamic mass, 7 m/s)",
159.0,1500.0,7.0,43.14,4.098,3.3261,8.263,10.625,500.0,0,1,"Scenario E2 — PNR Accuracy
(Dynamic mass, 7 m/s)",
160.0,1500.0,7.0,42.83,4.0691,3.3261,8.263,10.62,500.0,0,1,"Scenario E2 — PNR Accuracy
(Dynamic mass, 7 m/s)",
161.0,1500.0,7.0,42.53,4.0401,3.3261,8.263,10.616,500.0,0,1,"Scenario E2 — PNR Accuracy
(Dynamic mass, 7 m/s)",
162.0,1500.0,7.0,42.22,4.0112,3.3261,8.263,10.611,500.0,0,1,"Scenario E2 — PNR Accuracy
(Dynamic mass, 7 m/s)",
163.0,1500.0,7.0,41.92,3.9823,3.3261,8.263,10.606,500.0,0,1,"Scenario E2 — PNR Accuracy
(Dynamic mass, 7 m/s)",
164.0,1500.0,7.0,41.61,3.9534,3.3261,8.263,10.601,500.0,0,1,"Scenario E2 — PNR Accuracy
(Dynamic mass, 7 m/s)",
165.0,1500.0,7.0,41.31,3.9245,3.3261,8.263,10.596,500.0,0,1,"Scenario E2 — PNR Accuracy
(Dynamic mass, 7 m/s)",
166.0,1500.0,7.0,41.01,3.8955,3.3261,8.263,10.591,500.0,0,1,"Scenario E2 — PNR Accuracy
(Dynamic mass, 7 m/s)",
167.0,1500.0,7.0,40.7,3.8666,3.3261,8.263,10.586,500.0,0,1,"Scenario E2 — PNR Accuracy
(Dynamic mass, 7 m/s)",
168.0,1500.0,7.0,40.4,3.8377,3.3261,8.263,10.581,500.0,0,1,"Scenario E2 — PNR Accuracy
(Dynamic mass, 7 m/s)",
169.0,1500.0,7.0,40.09,3.8088,3.3261,8.263,10.576,500.0,0,1,"Scenario E2 — PNR Accuracy
(Dynamic mass, 7 m/s)",
170.0,1500.0,7.0,39.79,3.7798,3.3261,8.263,10.571,500.0,0,1,"Scenario E2 — PNR Accuracy
(Dynamic mass, 7 m/s)",
171.0,1500.0,7.0,39.48,3.7509,3.3261,8.263,10.565,500.0,0,1,"Scenario E2 — PNR Accuracy
(Dynamic mass, 7 m/s)",
172.0,1500.0,7.0,39.18,3.722,3.3261,8.263,10.56,500.0,0,1,"Scenario E2 — PNR Accuracy
(Dynamic mass, 7 m/s)",
173.0,1500.0,7.0,38.87,3.6931,3.3261,8.263,10.554,500.0,0,1,"Scenario E2 — PNR Accuracy
(Dynamic mass, 7 m/s)",
174.0,1500.0,7.0,38.57,3.6642,3.3261,8.263,10.549,500.0,0,1,"Scenario E2 — PNR Accuracy
(Dynamic mass, 7 m/s)",
175.0,1500.0,7.0,38.27,3.6352,3.3261,8.263,10.543,500.0,0,1,"Scenario E2 — PNR Accuracy
(Dynamic mass, 7 m/s)",
176.0,1500.0,7.0,37.96,3.6063,3.3261,8.263,10.537,500.0,0,1,"Scenario E2 — PNR Accuracy
(Dynamic mass, 7 m/s)",
177.0,1500.0,7.0,37.66,3.5774,3.3261,8.263,10.531,500.0,0,1,"Scenario E2 — PNR Accuracy
(Dynamic mass, 7 m/s)",
178.0,1500.0,7.0,37.35,3.5485,3.3261,8.263,10.525,500.0,0,1,"Scenario E2 — PNR Accuracy
(Dynamic mass, 7 m/s)",
179.0,1500.0,7.0,37.05,3.5195,3.3261,8.263,10.519,500.0,0,1,"Scenario E2 — PNR Accuracy
(Dynamic mass, 7 m/s)",
180.0,1500.0,7.0,36.74,3.4906,3.3261,8.263,10.513,500.0,0,1,"Scenario E2 — PNR Accuracy
(Dynamic mass, 7 m/s)",
181.0,1500.0,7.0,36.44,3.4617,3.3261,8.263,10.506,500.0,0,1,"Scenario E2 — PNR Accuracy
(Dynamic mass, 7 m/s)",
182.0,1500.0,7.0,36.13,3.4328,3.3261,8.263,10.5,500.0,0,1,"Scenario E2 — PNR Accuracy
(Dynamic mass, 7 m/s)",
183.0,1500.0,7.0,35.83,3.4039,3.3261,8.263,10.493,500.0,0,1,"Scenario E2 — PNR Accuracy
(Dynamic mass, 7 m/s)",
184.0,1500.0,7.0,35.53,3.3749,3.3261,8.263,10.487,500.0,0,1,"Scenario E2 — PNR Accuracy
(Dynamic mass, 7 m/s)",
185.0,1500.0,7.0,35.22,3.346,3.3261,8.263,10.48,500.0,0,1,"Scenario E2 — PNR Accuracy
(Dynamic mass, 7 m/s)",
186.0,1500.0,7.0,34.92,3.3171,3.3261,8.263,10.473,500.0,1,1,"Scenario E2 — PNR Accuracy
(Dynamic mass, 7 m/s)",1000.0
0.0,2500.0,12.0,99.3,9.4337,0.1525,18.942,10.397,0.0,0,1,"Scenario E3 — PNR Accuracy
(Dynamic mass, 12 m/s)",
1.0,2483.3,12.0,98.61,9.3679,0.1513,18.8,10.415,5.0,0,1,"Scenario E3 — PNR Accuracy
(Dynamic mass, 12 m/s)",
2.0,2466.6,12.0,97.92,9.3026,0.1502,18.659,10.432,10.0,0,1,"Scenario E3 — PNR Accuracy
(Dynamic mass, 12 m/s)",
3.0,2449.9,12.0,97.24,9.2378,0.2236,18.518,10.448,15.0,0,1,"Scenario E3 — PNR Accuracy
(Dynamic mass, 12 m/s)",
4.0,2433.2,12.0,96.56,9.1735,0.2959,18.378,10.462,20.0,0,1,"Scenario E3 — PNR Accuracy
(Dynamic mass, 12 m/s)",
5.0,2416.5,12.0,95.89,9.1096,0.367,18.238,10.475,25.0,0,1,"Scenario E3 — PNR Accuracy
(Dynamic mass, 12 m/s)",
6.0,2399.8,12.0,95.22,9.0463,0.4371,18.099,10.487,30.0,0,1,"Scenario E3 — PNR Accuracy
(Dynamic mass, 12 m/s)",
7.0,2383.1,12.0,94.56,8.9834,0.506,17.96,10.498,35.0,0,1,"Scenario E3 — PNR Accuracy
(Dynamic mass, 12 m/s)",
8.0,2366.4,12.0,93.91,8.921,0.5739,17.822,10.508,40.0,0,1,"Scenario E3 — PNR Accuracy
(Dynamic mass, 12 m/s)",
9.0,2349.7,12.0,93.25,8.8591,0.6406,17.684,10.518,45.0,0,1,"Scenario E3 — PNR Accuracy
(Dynamic mass, 12 m/s)",
10.0,2333.0,12.0,92.61,8.7977,0.7062,17.547,10.526,50.0,0,1,"Scenario E3 — PNR Accuracy
(Dynamic mass, 12 m/s)",
11.0,2316.3,12.0,91.97,8.7368,0.7708,17.41,10.534,55.0,0,1,"Scenario E3 — PNR Accuracy
(Dynamic mass, 12 m/s)",
12.0,2299.6,12.0,91.33,8.6763,0.8343,17.273,10.541,60.0,0,1,"Scenario E3 — PNR Accuracy
(Dynamic mass, 12 m/s)",
13.0,2282.9,12.0,90.7,8.6164,0.8967,17.137,10.547,65.0,0,1,"Scenario E3 — PNR Accuracy
(Dynamic mass, 12 m/s)",
14.0,2266.2,12.0,90.07,8.5569,0.9581,17.002,10.553,70.0,0,1,"Scenario E3 — PNR Accuracy
(Dynamic mass, 12 m/s)",
15.0,2249.5,12.0,89.45,8.4978,1.0184,16.867,10.559,75.0,0,1,"Scenario E3 — PNR Accuracy
(Dynamic mass, 12 m/s)",
16.0,2232.8,12.0,88.83,8.4393,1.0776,16.733,10.564,80.0,0,1,"Scenario E3 — PNR Accuracy
(Dynamic mass, 12 m/s)",
17.0,2216.1,12.0,88.22,8.3812,1.1358,16.599,10.568,85.0,0,1,"Scenario E3 — PNR Accuracy
(Dynamic mass, 12 m/s)",
18.0,2199.4,12.0,87.62,8.3235,1.1929,16.465,10.572,90.0,0,1,"Scenario E3 — PNR Accuracy
(Dynamic mass, 12 m/s)",
19.0,2182.7,12.0,87.01,8.2664,1.249,16.333,10.576,95.0,0,1,"Scenario E3 — PNR Accuracy
(Dynamic mass, 12 m/s)",
20.0,2166.0,12.0,86.42,8.2097,1.3041,16.2,10.579,100.0,0,1,"Scenario E3 — PNR Accuracy
(Dynamic mass, 12 m/s)",
21.0,2149.3,12.0,85.83,8.1534,1.3582,16.068,10.582,105.0,0,1,"Scenario E3 — PNR Accuracy
(Dynamic mass, 12 m/s)",
22.0,2132.6,12.0,85.24,8.0976,1.4112,15.937,10.585,110.0,0,1,"Scenario E3 — PNR Accuracy
(Dynamic mass, 12 m/s)",
23.0,2115.9,12.0,84.66,8.0423,1.4633,15.806,10.587,115.0,0,1,"Scenario E3 — PNR Accuracy
(Dynamic mass, 12 m/s)",
24.0,2099.2,12.0,84.08,7.9875,1.5143,15.676,10.59,120.0,0,1,"Scenario E3 — PNR Accuracy
(Dynamic mass, 12 m/s)",
25.0,2082.5,12.0,83.51,7.9331,1.5643,15.546,10.592,125.0,0,1,"Scenario E3 — PNR Accuracy
(Dynamic mass, 12 m/s)",
26.0,2065.8,12.0,82.94,7.8791,1.6134,15.417,10.594,130.0,0,1,"Scenario E3 — PNR Accuracy
(Dynamic mass, 12 m/s)",
27.0,2049.1,12.0,82.37,7.8256,1.6614,15.288,10.596,135.0,0,1,"Scenario E3 — PNR Accuracy
(Dynamic mass, 12 m/s)",
28.0,2032.4,12.0,81.82,7.7725,1.7085,15.16,10.598,140.0,0,1,"Scenario E3 — PNR Accuracy
(Dynamic mass, 12 m/s)",
29.0,2015.7,12.0,81.26,7.7199,1.7546,15.032,10.599,145.0,0,1,"Scenario E3 — PNR Accuracy
(Dynamic mass, 12 m/s)",
30.0,1999.0,12.0,80.71,7.6677,1.7998,14.905,10.601,150.0,0,1,"Scenario E3 — PNR Accuracy
(Dynamic mass, 12 m/s)",
31.0,1982.3,12.0,80.17,7.616,1.844,14.778,10.602,155.0,0,1,"Scenario E3 — PNR Accuracy
(Dynamic mass, 12 m/s)",
32.0,1965.6,12.0,79.63,7.5647,1.8872,14.652,10.604,160.0,0,1,"Scenario E3 — PNR Accuracy
(Dynamic mass, 12 m/s)",
33.0,1948.9,12.0,79.09,7.5139,1.9295,14.526,10.605,165.0,0,1,"Scenario E3 — PNR Accuracy
(Dynamic mass, 12 m/s)",
34.0,1932.2,12.0,78.56,7.4635,1.9708,14.401,10.607,170.0,0,1,"Scenario E3 — PNR Accuracy
(Dynamic mass, 12 m/s)",
35.0,1915.5,12.0,78.04,7.4135,2.0113,14.277,10.608,175.0,0,1,"Scenario E3 — PNR Accuracy
(Dynamic mass, 12 m/s)",
36.0,1898.8,12.0,77.52,7.364,2.0508,14.153,10.61,180.0,0,1,"Scenario E3 — PNR Accuracy
(Dynamic mass, 12 m/s)",
37.0,1882.1,12.0,77.0,7.3149,2.0893,14.03,10.611,185.0,0,1,"Scenario E3 — PNR Accuracy
(Dynamic mass, 12 m/s)",
38.0,1865.4,12.0,76.49,7.2662,2.127,13.907,10.613,190.0,0,1,"Scenario E3 — PNR Accuracy
(Dynamic mass, 12 m/s)",
39.0,1848.7,12.0,75.98,7.218,2.1638,13.784,10.614,195.0,0,1,"Scenario E3 — PNR Accuracy
(Dynamic mass, 12 m/s)",
40.0,1832.0,12.0,75.48,7.1701,2.1997,13.663,10.616,200.0,0,1,"Scenario E3 — PNR Accuracy
(Dynamic mass, 12 m/s)",
41.0,1815.3,12.0,74.98,7.1228,2.2347,13.541,10.618,205.0,0,1,"Scenario E3 — PNR Accuracy
(Dynamic mass, 12 m/s)",
42.0,1798.6,12.0,74.48,7.0758,2.2688,13.421,10.62,210.0,0,1,"Scenario E3 — PNR Accuracy
(Dynamic mass, 12 m/s)",
43.0,1781.9,12.0,73.99,7.0292,2.302,13.301,10.621,215.0,0,1,"Scenario E3 — PNR Accuracy
(Dynamic mass, 12 m/s)",
44.0,1765.2,12.0,73.51,6.9831,2.3344,13.181,10.623,220.0,0,1,"Scenario E3 — PNR Accuracy
(Dynamic mass, 12 m/s)",
45.0,1748.5,12.0,73.03,6.9374,2.3659,13.062,10.625,225.0,0,1,"Scenario E3 — PNR Accuracy
(Dynamic mass, 12 m/s)",
46.0,1731.8,12.0,72.55,6.8921,2.3965,12.944,10.627,230.0,0,1,"Scenario E3 — PNR Accuracy
(Dynamic mass, 12 m/s)",
47.0,1715.1,12.0,72.08,6.8472,2.4263,12.826,10.63,235.0,0,1,"Scenario E3 — PNR Accuracy
(Dynamic mass, 12 m/s)",
48.0,1698.4,12.0,71.61,6.8027,2.4553,12.708,10.632,240.0,0,1,"Scenario E3 — PNR Accuracy
(Dynamic mass, 12 m/s)",
49.0,1681.7,12.0,71.14,6.7586,2.4834,12.592,10.634,245.0,0,1,"Scenario E3 — PNR Accuracy
(Dynamic mass, 12 m/s)",
50.0,1665.0,12.0,70.68,6.715,2.5107,12.476,10.637,250.0,0,1,"Scenario E3 — PNR Accuracy
(Dynamic mass, 12 m/s)",
51.0,1648.3,12.0,70.23,6.6717,2.5372,12.36,10.639,255.0,0,1,"Scenario E3 — PNR Accuracy
(Dynamic mass, 12 m/s)",
52.0,1631.6,12.0,69.78,6.6289,2.5629,12.245,10.642,260.0,0,1,"Scenario E3 — PNR Accuracy
(Dynamic mass, 12 m/s)",
53.0,1614.9,12.0,69.33,6.5864,2.5878,12.131,10.645,265.0,0,1,"Scenario E3 — PNR Accuracy
(Dynamic mass, 12 m/s)",
54.0,1598.2,12.0,68.89,6.5443,2.6119,12.017,10.647,270.0,0,1,"Scenario E3 — PNR Accuracy
(Dynamic mass, 12 m/s)",
55.0,1581.5,12.0,68.45,6.5027,2.6352,11.904,10.65,275.0,0,1,"Scenario E3 — PNR Accuracy
(Dynamic mass, 12 m/s)",
56.0,1564.8,12.0,68.01,6.4614,2.6577,11.791,10.653,280.0,0,1,"Scenario E3 — PNR Accuracy
(Dynamic mass, 12 m/s)",
57.0,1548.1,12.0,67.58,6.4205,2.6795,11.679,10.657,285.0,0,1,"Scenario E3 — PNR Accuracy
(Dynamic mass, 12 m/s)",
58.0,1531.4,12.0,67.16,6.38,2.7005,11.568,10.66,290.0,0,1,"Scenario E3 — PNR Accuracy
(Dynamic mass, 12 m/s)",
59.0,1514.7,12.0,66.74,6.3399,2.7208,11.457,10.663,295.0,0,1,"Scenario E3 — PNR Accuracy
(Dynamic mass, 12 m/s)",
60.0,1500.0,12.0,66.32,6.3002,2.7434,11.36,10.665,300.0,0,1,"Scenario E3 — PNR Accuracy
(Dynamic mass, 12 m/s)",
61.0,1500.0,12.0,65.9,6.2604,2.7892,11.36,10.656,305.0,0,1,"Scenario E3 — PNR Accuracy
(Dynamic mass, 12 m/s)",
62.0,1500.0,12.0,65.48,6.2207,2.8349,11.36,10.646,310.0,0,1,"Scenario E3 — PNR Accuracy
(Dynamic mass, 12 m/s)",
63.0,1500.0,12.0,65.06,6.1809,2.8806,11.36,10.637,315.0,0,1,"Scenario E3 — PNR Accuracy
(Dynamic mass, 12 m/s)",
64.0,1500.0,12.0,64.64,6.1411,2.9263,11.36,10.627,320.0,0,1,"Scenario E3 — PNR Accuracy
(Dynamic mass, 12 m/s)",
65.0,1500.0,12.0,64.23,6.1014,2.9721,11.36,10.618,325.0,0,1,"Scenario E3 — PNR Accuracy
(Dynamic mass, 12 m/s)",
66.0,1500.0,12.0,63.81,6.0616,3.0178,11.36,10.609,330.0,0,1,"Scenario E3 — PNR Accuracy
(Dynamic mass, 12 m/s)",
67.0,1500.0,12.0,63.39,6.0219,3.0635,11.36,10.6,335.0,0,1,"Scenario E3 — PNR Accuracy
(Dynamic mass, 12 m/s)",
68.0,1500.0,12.0,62.97,5.9821,3.1092,11.36,10.591,340.0,0,1,"Scenario E3 — PNR Accuracy
(Dynamic mass, 12 m/s)",
69.0,1500.0,12.0,62.55,5.9423,3.155,11.36,10.583,345.0,0,1,"Scenario E3 — PNR Accuracy
(Dynamic mass, 12 m/s)",
70.0,1500.0,12.0,62.13,5.9026,3.2007,11.36,10.574,350.0,0,1,"Scenario E3 — PNR Accuracy
(Dynamic mass, 12 m/s)",
71.0,1500.0,12.0,61.71,5.8628,3.2464,11.36,10.565,355.0,0,1,"Scenario E3 — PNR Accuracy
(Dynamic mass, 12 m/s)",
72.0,1500.0,12.0,61.3,5.8231,3.2921,11.36,10.557,360.0,0,1,"Scenario E3 — PNR Accuracy
(Dynamic mass, 12 m/s)",
73.0,1500.0,12.0,60.88,5.7833,3.3379,11.36,10.548,365.0,0,1,"Scenario E3 — PNR Accuracy
(Dynamic mass, 12 m/s)",
74.0,1500.0,12.0,60.46,5.7435,3.3836,11.36,10.54,370.0,0,1,"Scenario E3 — PNR Accuracy
(Dynamic mass, 12 m/s)",
75.0,1500.0,12.0,60.04,5.7038,3.4293,11.36,10.532,375.0,0,1,"Scenario E3 — PNR Accuracy
(Dynamic mass, 12 m/s)",
76.0,1500.0,12.0,59.62,5.664,3.475,11.36,10.524,380.0,0,1,"Scenario E3 — PNR Accuracy
(Dynamic mass, 12 m/s)",
77.0,1500.0,12.0,59.2,5.6243,3.5208,11.36,10.516,385.0,0,1,"Scenario E3 — PNR Accuracy
(Dynamic mass, 12 m/s)",
78.0,1500.0,12.0,58.78,5.5845,3.5665,11.36,10.508,390.0,0,1,"Scenario E3 — PNR Accuracy
(Dynamic mass, 12 m/s)",
79.0,1500.0,12.0,58.37,5.5447,3.6122,11.36,10.5,395.0,0,1,"Scenario E3 — PNR Accuracy
(Dynamic mass, 12 m/s)",
80.0,1500.0,12.0,57.95,5.505,3.6579,11.36,10.492,400.0,0,1,"Scenario E3 — PNR Accuracy
(Dynamic mass, 12 m/s)",
81.0,1500.0,12.0,57.53,5.4652,3.7036,11.36,10.485,405.0,0,1,"Scenario E3 — PNR Accuracy
(Dynamic mass, 12 m/s)",
82.0,1500.0,12.0,57.11,5.4255,3.7494,11.36,10.477,410.0,0,1,"Scenario E3 — PNR Accuracy
(Dynamic mass, 12 m/s)",
83.0,1500.0,12.0,56.69,5.3857,3.7951,11.36,10.47,415.0,0,1,"Scenario E3 — PNR Accuracy
(Dynamic mass, 12 m/s)",
84.0,1500.0,12.0,56.27,5.3459,3.8408,11.36,10.462,420.0,0,1,"Scenario E3 — PNR Accuracy
(Dynamic mass, 12 m/s)",
85.0,1500.0,12.0,55.85,5.3062,3.8865,11.36,10.455,425.0,0,1,"Scenario E3 — PNR Accuracy
(Dynamic mass, 12 m/s)",
86.0,1500.0,12.0,55.44,5.2664,3.9323,11.36,10.448,430.0,0,1,"Scenario E3 — PNR Accuracy
(Dynamic mass, 12 m/s)",
87.0,1500.0,12.0,55.02,5.2267,3.978,11.36,10.441,435.0,0,1,"Scenario E3 — PNR Accuracy
(Dynamic mass, 12 m/s)",
88.0,1500.0,12.0,54.6,5.1869,4.0237,11.36,10.434,440.0,0,1,"Scenario E3 — PNR Accuracy
(Dynamic mass, 12 m/s)",
89.0,1500.0,12.0,54.18,5.1471,4.0694,11.36,10.427,445.0,0,1,"Scenario E3 — PNR Accuracy
(Dynamic mass, 12 m/s)",
90.0,1500.0,12.0,53.76,5.1074,4.1152,11.36,10.42,450.0,0,1,"Scenario E3 — PNR Accuracy
(Dynamic mass, 12 m/s)",
91.0,1500.0,12.0,53.34,5.0676,4.1609,11.36,10.413,455.0,0,1,"Scenario E3 — PNR Accuracy
(Dynamic mass, 12 m/s)",
92.0,1500.0,12.0,52.92,5.0279,4.2066,11.36,10.406,460.0,0,1,"Scenario E3 — PNR Accuracy
(Dynamic mass, 12 m/s)",
93.0,1500.0,12.0,52.51,4.9881,4.2523,11.36,10.399,465.0,0,1,"Scenario E3 — PNR Accuracy
(Dynamic mass, 12 m/s)",
94.0,1500.0,12.0,52.09,4.9483,4.2981,11.36,10.392,470.0,0,1,"Scenario E3 — PNR Accuracy
(Dynamic mass, 12 m/s)",
95.0,1500.0,12.0,51.67,4.9086,4.3438,11.36,10.386,475.0,0,1,"Scenario E3 — PNR Accuracy
(Dynamic mass, 12 m/s)",
96.0,1500.0,12.0,51.25,4.8688,4.3895,11.36,10.379,480.0,0,1,"Scenario E3 — PNR Accuracy
(Dynamic mass, 12 m/s)",
97.0,1500.0,12.0,50.83,4.8291,4.4352,11.36,10.372,485.0,0,1,"Scenario E3 — PNR Accuracy
(Dynamic mass, 12 m/s)",
98.0,1500.0,12.0,50.41,4.7893,4.481,11.36,10.366,490.0,0,1,"Scenario E3 — PNR Accuracy
(Dynamic mass, 12 m/s)",
99.0,1500.0,12.0,50.0,4.7495,4.5267,11.36,10.359,495.0,0,1,"Scenario E3 — PNR Accuracy
(Dynamic mass, 12 m/s)",
100.0,1500.0,12.0,49.58,4.7098,4.5724,11.36,10.353,500.0,0,1,"Scenario E3 — PNR Accuracy
(Dynamic mass, 12 m/s)",
101.0,1500.0,12.0,49.16,4.67,4.5724,11.36,10.346,500.0,0,1,"Scenario E3 — PNR Accuracy
(Dynamic mass, 12 m/s)",
102.0,1500.0,12.0,48.74,4.6303,4.5724,11.36,10.34,500.0,0,1,"Scenario E3 — PNR Accuracy
(Dynamic mass, 12 m/s)",
103.0,1500.0,12.0,48.32,4.5905,4.5724,11.36,10.333,500.0,0,1,"Scenario E3 — PNR Accuracy
(Dynamic mass, 12 m/s)",
104.0,1500.0,12.0,47.9,4.5507,4.5724,11.36,10.327,500.0,1,1,"Scenario E3 — PNR Accuracy
(Dynamic mass, 12 m/s)",1000.0
0.0,2500.0,3.0,99.46,9.4487,0.118,14.663,10.948,0.0,0,1,"Scenario F1 — New Battery
(Dynamic mass, 3 m/s, 0 cycles)",
1.0,2483.3,3.0,98.92,9.3979,0.1169,14.521,10.965,5.0,0,1,"Scenario F1 — New Battery
(Dynamic mass, 3 m/s, 0 cycles)",
2.0,2466.6,3.0,98.39,9.3475,0.1158,14.38,10.982,10.0,0,1,"Scenario F1 — New Battery
(Dynamic mass, 3 m/s, 0 cycles)",
3.0,2449.9,3.0,97.87,9.2977,0.1719,14.24,10.998,15.0,0,1,"Scenario F1 — New Battery
(Dynamic mass, 3 m/s, 0 cycles)",
4.0,2433.2,3.0,97.35,9.2483,0.227,14.099,11.013,20.0,0,1,"Scenario F1 — New Battery
(Dynamic mass, 3 m/s, 0 cycles)",
5.0,2416.5,3.0,96.84,9.1995,0.2809,13.959,11.027,25.0,0,1,"Scenario F1 — New Battery
(Dynamic mass, 3 m/s, 0 cycles)",
6.0,2399.8,3.0,96.33,9.1511,0.3338,13.82,11.04,30.0,0,1,"Scenario F1 — New Battery
(Dynamic mass, 3 m/s, 0 cycles)",
7.0,2383.1,3.0,95.82,9.1032,0.3855,13.681,11.053,35.0,0,1,"Scenario F1 — New Battery
(Dynamic mass, 3 m/s, 0 cycles)",
8.0,2366.4,3.0,95.32,9.0558,0.4361,13.543,11.066,40.0,0,1,"Scenario F1 — New Battery
(Dynamic mass, 3 m/s, 0 cycles)",
9.0,2349.7,3.0,94.83,9.0089,0.4856,13.405,11.077,45.0,0,1,"Scenario F1 — New Battery
(Dynamic mass, 3 m/s, 0 cycles)",
10.0,2333.0,3.0,94.34,8.9625,0.534,13.268,11.088,50.0,0,1,"Scenario F1 — New Battery
(Dynamic mass, 3 m/s, 0 cycles)",
11.0,2316.3,3.0,93.86,8.9165,0.5814,13.131,11.099,55.0,0,1,"Scenario F1 — New Battery
(Dynamic mass, 3 m/s, 0 cycles)",
12.0,2299.6,3.0,93.38,8.871,0.6276,12.995,11.109,60.0,0,1,"Scenario F1 — New Battery
(Dynamic mass, 3 m/s, 0 cycles)",
13.0,2282.9,3.0,92.91,8.826,0.6728,12.859,11.119,65.0,0,1,"Scenario F1 — New Battery
(Dynamic mass, 3 m/s, 0 cycles)",
14.0,2266.2,3.0,92.44,8.7815,0.717,12.723,11.128,70.0,0,1,"Scenario F1 — New Battery
(Dynamic mass, 3 m/s, 0 cycles)",
15.0,2249.5,3.0,91.97,8.7374,0.76,12.588,11.137,75.0,0,1,"Scenario F1 — New Battery
(Dynamic mass, 3 m/s, 0 cycles)",
16.0,2232.8,3.0,91.51,8.6938,0.802,12.454,11.146,80.0,0,1,"Scenario F1 — New Battery
(Dynamic mass, 3 m/s, 0 cycles)",
17.0,2216.1,3.0,91.06,8.6507,0.843,12.32,11.154,85.0,0,1,"Scenario F1 — New Battery
(Dynamic mass, 3 m/s, 0 cycles)",
18.0,2199.4,3.0,90.61,8.6081,0.8829,12.187,11.162,90.0,0,1,"Scenario F1 — New Battery
(Dynamic mass, 3 m/s, 0 cycles)",
19.0,2182.7,3.0,90.17,8.5659,0.9218,12.054,11.17,95.0,0,1,"Scenario F1 — New Battery
(Dynamic mass, 3 m/s, 0 cycles)",
20.0,2166.0,3.0,89.73,8.5242,0.9597,11.921,11.177,100.0,0,1,"Scenario F1 — New Battery
(Dynamic mass, 3 m/s, 0 cycles)",
21.0,2149.3,3.0,89.29,8.4829,0.9965,11.79,11.184,105.0,0,1,"Scenario F1 — New Battery
(Dynamic mass, 3 m/s, 0 cycles)",
22.0,2132.6,3.0,88.86,8.4421,1.0323,11.658,11.191,110.0,0,1,"Scenario F1 — New Battery
(Dynamic mass, 3 m/s, 0 cycles)",
23.0,2115.9,3.0,88.44,8.4017,1.0672,11.527,11.198,115.0,0,1,"Scenario F1 — New Battery
(Dynamic mass, 3 m/s, 0 cycles)",
24.0,2099.2,3.0,88.02,8.3619,1.101,11.397,11.205,120.0,0,1,"Scenario F1 — New Battery
(Dynamic mass, 3 m/s, 0 cycles)",
25.0,2082.5,3.0,87.6,8.3224,1.1338,11.267,11.211,125.0,0,1,"Scenario F1 — New Battery
(Dynamic mass, 3 m/s, 0 cycles)",
26.0,2065.8,3.0,87.19,8.2834,1.1656,11.138,11.217,130.0,0,1,"Scenario F1 — New Battery
(Dynamic mass, 3 m/s, 0 cycles)",
27.0,2049.1,3.0,86.79,8.2449,1.1964,11.009,11.223,135.0,0,1,"Scenario F1 — New Battery
(Dynamic mass, 3 m/s, 0 cycles)",
28.0,2032.4,3.0,86.39,8.2068,1.2263,10.881,11.229,140.0,0,1,"Scenario F1 — New Battery
(Dynamic mass, 3 m/s, 0 cycles)",
29.0,2015.7,3.0,85.99,8.1692,1.2552,10.753,11.235,145.0,0,1,"Scenario F1 — New Battery
(Dynamic mass, 3 m/s, 0 cycles)",
30.0,1999.0,3.0,85.6,8.132,1.2831,10.626,11.24,150.0,0,1,"Scenario F1 — New Battery
(Dynamic mass, 3 m/s, 0 cycles)",
31.0,1982.3,3.0,85.21,8.0952,1.3101,10.499,11.246,155.0,0,1,"Scenario F1 — New Battery
(Dynamic mass, 3 m/s, 0 cycles)",
32.0,1965.6,3.0,84.83,8.0589,1.3361,10.373,11.251,160.0,0,1,"Scenario F1 — New Battery
(Dynamic mass, 3 m/s, 0 cycles)",
33.0,1948.9,3.0,84.45,8.0231,1.3612,10.248,11.257,165.0,0,1,"Scenario F1 — New Battery
(Dynamic mass, 3 m/s, 0 cycles)",
34.0,1932.2,3.0,84.08,7.9876,1.3853,10.123,11.262,170.0,0,1,"Scenario F1 — New Battery
(Dynamic mass, 3 m/s, 0 cycles)",
35.0,1915.5,3.0,83.71,7.9526,1.4085,9.998,11.267,175.0,0,1,"Scenario F1 — New Battery
(Dynamic mass, 3 m/s, 0 cycles)",
36.0,1898.8,3.0,83.35,7.9181,1.4308,9.874,11.273,180.0,0,1,"Scenario F1 — New Battery
(Dynamic mass, 3 m/s, 0 cycles)",
37.0,1882.1,3.0,82.99,7.884,1.4521,9.751,11.278,185.0,0,1,"Scenario F1 — New Battery
(Dynamic mass, 3 m/s, 0 cycles)",
38.0,1865.4,3.0,82.63,7.8503,1.4726,9.628,11.283,190.0,0,1,"Scenario F1 — New Battery
(Dynamic mass, 3 m/s, 0 cycles)",
39.0,1848.7,3.0,82.28,7.817,1.4921,9.506,11.288,195.0,0,1,"Scenario F1 — New Battery
(Dynamic mass, 3 m/s, 0 cycles)",
40.0,1832.0,3.0,81.94,7.7841,1.5108,9.384,11.293,200.0,0,1,"Scenario F1 — New Battery
(Dynamic mass, 3 m/s, 0 cycles)",
41.0,1815.3,3.0,81.6,7.7517,1.5286,9.263,11.298,205.0,0,1,"Scenario F1 — New Battery
(Dynamic mass, 3 m/s, 0 cycles)",
42.0,1798.6,3.0,81.26,7.7197,1.5454,9.142,11.303,210.0,0,1,"Scenario F1 — New Battery
(Dynamic mass, 3 m/s, 0 cycles)",
43.0,1781.9,3.0,80.93,7.6882,1.5614,9.022,11.308,215.0,0,1,"Scenario F1 — New Battery
(Dynamic mass, 3 m/s, 0 cycles)",
44.0,1765.2,3.0,80.6,7.657,1.5766,8.902,11.313,220.0,0,1,"Scenario F1 — New Battery
(Dynamic mass, 3 m/s, 0 cycles)",
45.0,1748.5,3.0,80.28,7.6263,1.5909,8.783,11.318,225.0,0,1,"Scenario F1 — New Battery
(Dynamic mass, 3 m/s, 0 cycles)",
46.0,1731.8,3.0,79.96,7.5959,1.6043,8.665,11.323,230.0,0,1,"Scenario F1 — New Battery
(Dynamic mass, 3 m/s, 0 cycles)",
47.0,1715.1,3.0,79.64,7.566,1.6169,8.547,11.328,235.0,0,1,"Scenario F1 — New Battery
(Dynamic mass, 3 m/s, 0 cycles)",
48.0,1698.4,3.0,79.33,7.5365,1.6286,8.43,11.333,240.0,0,1,"Scenario F1 — New Battery
(Dynamic mass, 3 m/s, 0 cycles)",
49.0,1681.7,3.0,79.03,7.5074,1.6395,8.313,11.338,245.0,0,1,"Scenario F1 — New Battery
(Dynamic mass, 3 m/s, 0 cycles)",
50.0,1665.0,3.0,78.72,7.4787,1.6496,8.197,11.343,250.0,0,1,"Scenario F1 — New Battery
(Dynamic mass, 3 m/s, 0 cycles)",
51.0,1648.3,3.0,78.43,7.4504,1.6589,8.081,11.348,255.0,0,1,"Scenario F1 — New Battery
(Dynamic mass, 3 m/s, 0 cycles)",
52.0,1631.6,3.0,78.13,7.4226,1.6674,7.966,11.353,260.0,0,1,"Scenario F1 — New Battery
(Dynamic mass, 3 m/s, 0 cycles)",
53.0,1614.9,3.0,77.84,7.3951,1.675,7.852,11.358,265.0,0,1,"Scenario F1 — New Battery
(Dynamic mass, 3 m/s, 0 cycles)",
54.0,1598.2,3.0,77.56,7.368,1.6819,7.738,11.363,270.0,0,1,"Scenario F1 — New Battery
(Dynamic mass, 3 m/s, 0 cycles)",
55.0,1581.5,3.0,77.28,7.3413,1.688,7.625,11.369,275.0,0,1,"Scenario F1 — New Battery
(Dynamic mass, 3 m/s, 0 cycles)",
56.0,1564.8,3.0,77.0,7.315,1.6933,7.512,11.374,280.0,0,1,"Scenario F1 — New Battery
(Dynamic mass, 3 m/s, 0 cycles)",
57.0,1548.1,3.0,76.73,7.2891,1.6978,7.4,11.379,285.0,0,1,"Scenario F1 — New Battery
(Dynamic mass, 3 m/s, 0 cycles)",
58.0,1531.4,3.0,76.46,7.2636,1.7016,7.289,11.384,290.0,0,1,"Scenario F1 — New Battery
(Dynamic mass, 3 m/s, 0 cycles)",
59.0,1514.7,3.0,76.19,7.2385,1.7047,7.178,11.389,295.0,0,1,"Scenario F1 — New Battery
(Dynamic mass, 3 m/s, 0 cycles)",
60.0,1500.0,3.0,75.93,7.2137,1.7101,7.081,11.393,300.0,0,1,"Scenario F1 — New Battery
(Dynamic mass, 3 m/s, 0 cycles)",
61.0,1500.0,3.0,75.67,7.1889,1.7386,7.081,11.386,305.0,0,1,"Scenario F1 — New Battery
(Dynamic mass, 3 m/s, 0 cycles)",
62.0,1500.0,3.0,75.41,7.1641,1.7671,7.081,11.379,310.0,0,1,"Scenario F1 — New Battery
(Dynamic mass, 3 m/s, 0 cycles)",
63.0,1500.0,3.0,75.15,7.1393,1.7956,7.081,11.373,315.0,0,1,"Scenario F1 — New Battery
(Dynamic mass, 3 m/s, 0 cycles)",
64.0,1500.0,3.0,74.89,7.1146,1.8241,7.081,11.366,320.0,0,1,"Scenario F1 — New Battery
(Dynamic mass, 3 m/s, 0 cycles)",
65.0,1500.0,3.0,74.63,7.0898,1.8526,7.081,11.359,325.0,0,1,"Scenario F1 — New Battery
(Dynamic mass, 3 m/s, 0 cycles)",
66.0,1500.0,3.0,74.37,7.065,1.8811,7.081,11.352,330.0,0,1,"Scenario F1 — New Battery
(Dynamic mass, 3 m/s, 0 cycles)",
67.0,1500.0,3.0,74.11,7.0402,1.9096,7.081,11.345,335.0,0,1,"Scenario F1 — New Battery
(Dynamic mass, 3 m/s, 0 cycles)",
68.0,1500.0,3.0,73.85,7.0154,1.9381,7.081,11.339,340.0,0,1,"Scenario F1 — New Battery
(Dynamic mass, 3 m/s, 0 cycles)",
69.0,1500.0,3.0,73.59,6.9906,1.9666,7.081,11.332,345.0,0,1,"Scenario F1 — New Battery
(Dynamic mass, 3 m/s, 0 cycles)",
70.0,1500.0,3.0,73.32,6.9658,1.9951,7.081,11.325,350.0,0,1,"Scenario F1 — New Battery
(Dynamic mass, 3 m/s, 0 cycles)",
71.0,1500.0,3.0,73.06,6.9411,2.0236,7.081,11.318,355.0,0,1,"Scenario F1 — New Battery
(Dynamic mass, 3 m/s, 0 cycles)",
72.0,1500.0,3.0,72.8,6.9163,2.0522,7.081,11.312,360.0,0,1,"Scenario F1 — New Battery
(Dynamic mass, 3 m/s, 0 cycles)",
73.0,1500.0,3.0,72.54,6.8915,2.0807,7.081,11.305,365.0,0,1,"Scenario F1 — New Battery
(Dynamic mass, 3 m/s, 0 cycles)",
74.0,1500.0,3.0,72.28,6.8667,2.1092,7.081,11.299,370.0,0,1,"Scenario F1 — New Battery
(Dynamic mass, 3 m/s, 0 cycles)",
75.0,1500.0,3.0,72.02,6.8419,2.1377,7.081,11.292,375.0,0,1,"Scenario F1 — New Battery
(Dynamic mass, 3 m/s, 0 cycles)",
76.0,1500.0,3.0,71.76,6.8171,2.1662,7.081,11.285,380.0,0,1,"Scenario F1 — New Battery
(Dynamic mass, 3 m/s, 0 cycles)",
77.0,1500.0,3.0,71.5,6.7924,2.1947,7.081,11.279,385.0,0,1,"Scenario F1 — New Battery
(Dynamic mass, 3 m/s, 0 cycles)",
78.0,1500.0,3.0,71.24,6.7676,2.2232,7.081,11.272,390.0,0,1,"Scenario F1 — New Battery
(Dynamic mass, 3 m/s, 0 cycles)",
79.0,1500.0,3.0,70.98,6.7428,2.2517,7.081,11.266,395.0,0,1,"Scenario F1 — New Battery
(Dynamic mass, 3 m/s, 0 cycles)",
80.0,1500.0,3.0,70.72,6.718,2.2802,7.081,11.259,400.0,0,1,"Scenario F1 — New Battery
(Dynamic mass, 3 m/s, 0 cycles)",
81.0,1500.0,3.0,70.45,6.6932,2.3087,7.081,11.253,405.0,0,1,"Scenario F1 — New Battery
(Dynamic mass, 3 m/s, 0 cycles)",
82.0,1500.0,3.0,70.19,6.6684,2.3372,7.081,11.246,410.0,0,1,"Scenario F1 — New Battery
(Dynamic mass, 3 m/s, 0 cycles)",
83.0,1500.0,3.0,69.93,6.6436,2.3657,7.081,11.24,415.0,0,1,"Scenario F1 — New Battery
(Dynamic mass, 3 m/s, 0 cycles)",
84.0,1500.0,3.0,69.67,6.6189,2.3942,7.081,11.234,420.0,0,1,"Scenario F1 — New Battery
(Dynamic mass, 3 m/s, 0 cycles)",
85.0,1500.0,3.0,69.41,6.5941,2.4227,7.081,11.227,425.0,0,1,"Scenario F1 — New Battery
(Dynamic mass, 3 m/s, 0 cycles)",
86.0,1500.0,3.0,69.15,6.5693,2.4512,7.081,11.221,430.0,0,1,"Scenario F1 — New Battery
(Dynamic mass, 3 m/s, 0 cycles)",
87.0,1500.0,3.0,68.89,6.5445,2.4797,7.081,11.215,435.0,0,1,"Scenario F1 — New Battery
(Dynamic mass, 3 m/s, 0 cycles)",
88.0,1500.0,3.0,68.63,6.5197,2.5082,7.081,11.208,440.0,0,1,"Scenario F1 — New Battery
(Dynamic mass, 3 m/s, 0 cycles)",
89.0,1500.0,3.0,68.37,6.4949,2.5367,7.081,11.202,445.0,0,1,"Scenario F1 — New Battery
(Dynamic mass, 3 m/s, 0 cycles)",
90.0,1500.0,3.0,68.11,6.4702,2.5652,7.081,11.196,450.0,0,1,"Scenario F1 — New Battery
(Dynamic mass, 3 m/s, 0 cycles)",
91.0,1500.0,3.0,67.85,6.4454,2.5937,7.081,11.19,455.0,0,1,"Scenario F1 — New Battery
(Dynamic mass, 3 m/s, 0 cycles)",
92.0,1500.0,3.0,67.59,6.4206,2.6222,7.081,11.184,460.0,0,1,"Scenario F1 — New Battery
(Dynamic mass, 3 m/s, 0 cycles)",
93.0,1500.0,3.0,67.32,6.3958,2.6507,7.081,11.178,465.0,0,1,"Scenario F1 — New Battery
(Dynamic mass, 3 m/s, 0 cycles)",
94.0,1500.0,3.0,67.06,6.371,2.6792,7.081,11.172,470.0,0,1,"Scenario F1 — New Battery
(Dynamic mass, 3 m/s, 0 cycles)",
95.0,1500.0,3.0,66.8,6.3462,2.7077,7.081,11.166,475.0,0,1,"Scenario F1 — New Battery
(Dynamic mass, 3 m/s, 0 cycles)",
96.0,1500.0,3.0,66.54,6.3215,2.7362,7.081,11.16,480.0,0,1,"Scenario F1 — New Battery
(Dynamic mass, 3 m/s, 0 cycles)",
97.0,1500.0,3.0,66.28,6.2967,2.7647,7.081,11.154,485.0,0,1,"Scenario F1 — New Battery
(Dynamic mass, 3 m/s, 0 cycles)",
98.0,1500.0,3.0,66.02,6.2719,2.7932,7.081,11.148,490.0,0,1,"Scenario F1 — New Battery
(Dynamic mass, 3 m/s, 0 cycles)",
99.0,1500.0,3.0,65.76,6.2471,2.8217,7.081,11.142,495.0,0,1,"Scenario F1 — New Battery
(Dynamic mass, 3 m/s, 0 cycles)",
100.0,1500.0,3.0,65.5,6.2223,2.8502,7.081,11.136,500.0,0,1,"Scenario F1 — New Battery
(Dynamic mass, 3 m/s, 0 cycles)",
101.0,1500.0,3.0,65.24,6.1975,2.8502,7.081,11.131,500.0,0,1,"Scenario F1 — New Battery
(Dynamic mass, 3 m/s, 0 cycles)",
102.0,1500.0,3.0,64.98,6.1727,2.8502,7.081,11.125,500.0,0,1,"Scenario F1 — New Battery
(Dynamic mass, 3 m/s, 0 cycles)",
103.0,1500.0,3.0,64.72,6.148,2.8502,7.081,11.119,500.0,0,1,"Scenario F1 — New Battery
(Dynamic mass, 3 m/s, 0 cycles)",
104.0,1500.0,3.0,64.45,6.1232,2.8502,7.081,11.114,500.0,0,1,"Scenario F1 — New Battery
(Dynamic mass, 3 m/s, 0 cycles)",
105.0,1500.0,3.0,64.19,6.0984,2.8502,7.081,11.108,500.0,0,1,"Scenario F1 — New Battery
(Dynamic mass, 3 m/s, 0 cycles)",
106.0,1500.0,3.0,63.93,6.0736,2.8502,7.081,11.103,500.0,0,1,"Scenario F1 — New Battery
(Dynamic mass, 3 m/s, 0 cycles)",
107.0,1500.0,3.0,63.67,6.0488,2.8502,7.081,11.097,500.0,0,1,"Scenario F1 — New Battery
(Dynamic mass, 3 m/s, 0 cycles)",
108.0,1500.0,3.0,63.41,6.024,2.8502,7.081,11.092,500.0,0,1,"Scenario F1 — New Battery
(Dynamic mass, 3 m/s, 0 cycles)",
109.0,1500.0,3.0,63.15,5.9993,2.8502,7.081,11.086,500.0,0,1,"Scenario F1 — New Battery
(Dynamic mass, 3 m/s, 0 cycles)",
110.0,1500.0,3.0,62.89,5.9745,2.8502,7.081,11.081,500.0,0,1,"Scenario F1 — New Battery
(Dynamic mass, 3 m/s, 0 cycles)",
111.0,1500.0,3.0,62.63,5.9497,2.8502,7.081,11.075,500.0,0,1,"Scenario F1 — New Battery
(Dynamic mass, 3 m/s, 0 cycles)",
112.0,1500.0,3.0,62.37,5.9249,2.8502,7.081,11.07,500.0,0,1,"Scenario F1 — New Battery
(Dynamic mass, 3 m/s, 0 cycles)",
113.0,1500.0,3.0,62.11,5.9001,2.8502,7.081,11.065,500.0,0,1,"Scenario F1 — New Battery
(Dynamic mass, 3 m/s, 0 cycles)",
114.0,1500.0,3.0,61.85,5.8753,2.8502,7.081,11.06,500.0,0,1,"Scenario F1 — New Battery
(Dynamic mass, 3 m/s, 0 cycles)",
115.0,1500.0,3.0,61.58,5.8505,2.8502,7.081,11.054,500.0,0,1,"Scenario F1 — New Battery
(Dynamic mass, 3 m/s, 0 cycles)",
116.0,1500.0,3.0,61.32,5.8258,2.8502,7.081,11.049,500.0,0,1,"Scenario F1 — New Battery
(Dynamic mass, 3 m/s, 0 cycles)",
117.0,1500.0,3.0,61.06,5.801,2.8502,7.081,11.044,500.0,0,1,"Scenario F1 — New Battery
(Dynamic mass, 3 m/s, 0 cycles)",
118.0,1500.0,3.0,60.8,5.7762,2.8502,7.081,11.039,500.0,0,1,"Scenario F1 — New Battery
(Dynamic mass, 3 m/s, 0 cycles)",
119.0,1500.0,3.0,60.54,5.7514,2.8502,7.081,11.034,500.0,0,1,"Scenario F1 — New Battery
(Dynamic mass, 3 m/s, 0 cycles)",
120.0,1500.0,3.0,60.28,5.7266,2.8502,7.081,11.029,500.0,0,1,"Scenario F1 — New Battery
(Dynamic mass, 3 m/s, 0 cycles)",
121.0,1500.0,3.0,60.02,5.7018,2.8502,7.081,11.024,500.0,0,1,"Scenario F1 — New Battery
(Dynamic mass, 3 m/s, 0 cycles)",
122.0,1500.0,3.0,59.76,5.6771,2.8502,7.081,11.019,500.0,0,1,"Scenario F1 — New Battery
(Dynamic mass, 3 m/s, 0 cycles)",
123.0,1500.0,3.0,59.5,5.6523,2.8502,7.081,11.014,500.0,0,1,"Scenario F1 — New Battery
(Dynamic mass, 3 m/s, 0 cycles)",
124.0,1500.0,3.0,59.24,5.6275,2.8502,7.081,11.01,500.0,0,1,"Scenario F1 — New Battery
(Dynamic mass, 3 m/s, 0 cycles)",
125.0,1500.0,3.0,58.98,5.6027,2.8502,7.081,11.005,500.0,0,1,"Scenario F1 — New Battery
(Dynamic mass, 3 m/s, 0 cycles)",
126.0,1500.0,3.0,58.71,5.5779,2.8502,7.081,11.0,500.0,0,1,"Scenario F1 — New Battery
(Dynamic mass, 3 m/s, 0 cycles)",
127.0,1500.0,3.0,58.45,5.5531,2.8502,7.081,10.995,500.0,0,1,"Scenario F1 — New Battery
(Dynamic mass, 3 m/s, 0 cycles)",
128.0,1500.0,3.0,58.19,5.5283,2.8502,7.081,10.991,500.0,0,1,"Scenario F1 — New Battery
(Dynamic mass, 3 m/s, 0 cycles)",
129.0,1500.0,3.0,57.93,5.5036,2.8502,7.081,10.986,500.0,0,1,"Scenario F1 — New Battery
(Dynamic mass, 3 m/s, 0 cycles)",
130.0,1500.0,3.0,57.67,5.4788,2.8502,7.081,10.981,500.0,0,1,"Scenario F1 — New Battery
(Dynamic mass, 3 m/s, 0 cycles)",
131.0,1500.0,3.0,57.41,5.454,2.8502,7.081,10.977,500.0,0,1,"Scenario F1 — New Battery
(Dynamic mass, 3 m/s, 0 cycles)",
132.0,1500.0,3.0,57.15,5.4292,2.8502,7.081,10.972,500.0,0,1,"Scenario F1 — New Battery
(Dynamic mass, 3 m/s, 0 cycles)",
133.0,1500.0,3.0,56.89,5.4044,2.8502,7.081,10.968,500.0,0,1,"Scenario F1 — New Battery
(Dynamic mass, 3 m/s, 0 cycles)",
134.0,1500.0,3.0,56.63,5.3796,2.8502,7.081,10.963,500.0,0,1,"Scenario F1 — New Battery
(Dynamic mass, 3 m/s, 0 cycles)",
135.0,1500.0,3.0,56.37,5.3549,2.8502,7.081,10.959,500.0,0,1,"Scenario F1 — New Battery
(Dynamic mass, 3 m/s, 0 cycles)",
136.0,1500.0,3.0,56.11,5.3301,2.8502,7.081,10.955,500.0,0,1,"Scenario F1 — New Battery
(Dynamic mass, 3 m/s, 0 cycles)",
137.0,1500.0,3.0,55.85,5.3053,2.8502,7.081,10.95,500.0,0,1,"Scenario F1 — New Battery
(Dynamic mass, 3 m/s, 0 cycles)",
138.0,1500.0,3.0,55.58,5.2805,2.8502,7.081,10.946,500.0,0,1,"Scenario F1 — New Battery
(Dynamic mass, 3 m/s, 0 cycles)",
139.0,1500.0,3.0,55.32,5.2557,2.8502,7.081,10.942,500.0,0,1,"Scenario F1 — New Battery
(Dynamic mass, 3 m/s, 0 cycles)",
140.0,1500.0,3.0,55.06,5.2309,2.8502,7.081,10.938,500.0,0,1,"Scenario F1 — New Battery
(Dynamic mass, 3 m/s, 0 cycles)",
141.0,1500.0,3.0,54.8,5.2062,2.8502,7.081,10.933,500.0,0,1,"Scenario F1 — New Battery
(Dynamic mass, 3 m/s, 0 cycles)",
142.0,1500.0,3.0,54.54,5.1814,2.8502,7.081,10.929,500.0,0,1,"Scenario F1 — New Battery
(Dynamic mass, 3 m/s, 0 cycles)",
143.0,1500.0,3.0,54.28,5.1566,2.8502,7.081,10.925,500.0,0,1,"Scenario F1 — New Battery
(Dynamic mass, 3 m/s, 0 cycles)",
144.0,1500.0,3.0,54.02,5.1318,2.8502,7.081,10.921,500.0,0,1,"Scenario F1 — New Battery
(Dynamic mass, 3 m/s, 0 cycles)",
145.0,1500.0,3.0,53.76,5.107,2.8502,7.081,10.917,500.0,0,1,"Scenario F1 — New Battery
(Dynamic mass, 3 m/s, 0 cycles)",
146.0,1500.0,3.0,53.5,5.0822,2.8502,7.081,10.913,500.0,0,1,"Scenario F1 — New Battery
(Dynamic mass, 3 m/s, 0 cycles)",
147.0,1500.0,3.0,53.24,5.0574,2.8502,7.081,10.909,500.0,0,1,"Scenario F1 — New Battery
(Dynamic mass, 3 m/s, 0 cycles)",
148.0,1500.0,3.0,52.98,5.0327,2.8502,7.081,10.905,500.0,0,1,"Scenario F1 — New Battery
(Dynamic mass, 3 m/s, 0 cycles)",
149.0,1500.0,3.0,52.71,5.0079,2.8502,7.081,10.901,500.0,0,1,"Scenario F1 — New Battery
(Dynamic mass, 3 m/s, 0 cycles)",
150.0,1500.0,3.0,52.45,4.9831,2.8502,7.081,10.897,500.0,0,1,"Scenario F1 — New Battery
(Dynamic mass, 3 m/s, 0 cycles)",
151.0,1500.0,3.0,52.19,4.9583,2.8502,7.081,10.893,500.0,0,1,"Scenario F1 — New Battery
(Dynamic mass, 3 m/s, 0 cycles)",
152.0,1500.0,3.0,51.93,4.9335,2.8502,7.081,10.889,500.0,0,1,"Scenario F1 — New Battery
(Dynamic mass, 3 m/s, 0 cycles)",
153.0,1500.0,3.0,51.67,4.9087,2.8502,7.081,10.885,500.0,0,1,"Scenario F1 — New Battery
(Dynamic mass, 3 m/s, 0 cycles)",
154.0,1500.0,3.0,51.41,4.884,2.8502,7.081,10.881,500.0,0,1,"Scenario F1 — New Battery
(Dynamic mass, 3 m/s, 0 cycles)",
155.0,1500.0,3.0,51.15,4.8592,2.8502,7.081,10.877,500.0,0,1,"Scenario F1 — New Battery
(Dynamic mass, 3 m/s, 0 cycles)",
156.0,1500.0,3.0,50.89,4.8344,2.8502,7.081,10.874,500.0,0,1,"Scenario F1 — New Battery
(Dynamic mass, 3 m/s, 0 cycles)",
157.0,1500.0,3.0,50.63,4.8096,2.8502,7.081,10.87,500.0,0,1,"Scenario F1 — New Battery
(Dynamic mass, 3 m/s, 0 cycles)",
158.0,1500.0,3.0,50.37,4.7848,2.8502,7.081,10.866,500.0,0,1,"Scenario F1 — New Battery
(Dynamic mass, 3 m/s, 0 cycles)",
159.0,1500.0,3.0,50.11,4.76,2.8502,7.081,10.862,500.0,0,1,"Scenario F1 — New Battery
(Dynamic mass, 3 m/s, 0 cycles)",
160.0,1500.0,3.0,49.84,4.7352,2.8502,7.081,10.859,500.0,0,1,"Scenario F1 — New Battery
(Dynamic mass, 3 m/s, 0 cycles)",
161.0,1500.0,3.0,49.58,4.7105,2.8502,7.081,10.855,500.0,0,1,"Scenario F1 — New Battery
(Dynamic mass, 3 m/s, 0 cycles)",
162.0,1500.0,3.0,49.32,4.6857,2.8502,7.081,10.851,500.0,0,1,"Scenario F1 — New Battery
(Dynamic mass, 3 m/s, 0 cycles)",
163.0,1500.0,3.0,49.06,4.6609,2.8502,7.081,10.847,500.0,0,1,"Scenario F1 — New Battery
(Dynamic mass, 3 m/s, 0 cycles)",
164.0,1500.0,3.0,48.8,4.6361,2.8502,7.081,10.844,500.0,0,1,"Scenario F1 — New Battery
(Dynamic mass, 3 m/s, 0 cycles)",
165.0,1500.0,3.0,48.54,4.6113,2.8502,7.081,10.84,500.0,0,1,"Scenario F1 — New Battery
(Dynamic mass, 3 m/s, 0 cycles)",
166.0,1500.0,3.0,48.28,4.5865,2.8502,7.081,10.836,500.0,0,1,"Scenario F1 — New Battery
(Dynamic mass, 3 m/s, 0 cycles)",
167.0,1500.0,3.0,48.02,4.5618,2.8502,7.081,10.833,500.0,0,1,"Scenario F1 — New Battery
(Dynamic mass, 3 m/s, 0 cycles)",
168.0,1500.0,3.0,47.76,4.537,2.8502,7.081,10.829,500.0,0,1,"Scenario F1 — New Battery
(Dynamic mass, 3 m/s, 0 cycles)",
169.0,1500.0,3.0,47.5,4.5122,2.8502,7.081,10.825,500.0,0,1,"Scenario F1 — New Battery
(Dynamic mass, 3 m/s, 0 cycles)",
170.0,1500.0,3.0,47.24,4.4874,2.8502,7.081,10.822,500.0,0,1,"Scenario F1 — New Battery
(Dynamic mass, 3 m/s, 0 cycles)",
171.0,1500.0,3.0,46.97,4.4626,2.8502,7.081,10.818,500.0,0,1,"Scenario F1 — New Battery
(Dynamic mass, 3 m/s, 0 cycles)",
172.0,1500.0,3.0,46.71,4.4378,2.8502,7.081,10.814,500.0,0,1,"Scenario F1 — New Battery
(Dynamic mass, 3 m/s, 0 cycles)",
173.0,1500.0,3.0,46.45,4.4131,2.8502,7.081,10.811,500.0,0,1,"Scenario F1 — New Battery
(Dynamic mass, 3 m/s, 0 cycles)",
174.0,1500.0,3.0,46.19,4.3883,2.8502,7.081,10.807,500.0,0,1,"Scenario F1 — New Battery
(Dynamic mass, 3 m/s, 0 cycles)",
175.0,1500.0,3.0,45.93,4.3635,2.8502,7.081,10.803,500.0,0,1,"Scenario F1 — New Battery
(Dynamic mass, 3 m/s, 0 cycles)",
176.0,1500.0,3.0,45.67,4.3387,2.8502,7.081,10.8,500.0,0,1,"Scenario F1 — New Battery
(Dynamic mass, 3 m/s, 0 cycles)",
177.0,1500.0,3.0,45.41,4.3139,2.8502,7.081,10.796,500.0,0,1,"Scenario F1 — New Battery
(Dynamic mass, 3 m/s, 0 cycles)",
178.0,1500.0,3.0,45.15,4.2891,2.8502,7.081,10.792,500.0,0,1,"Scenario F1 — New Battery
(Dynamic mass, 3 m/s, 0 cycles)",
179.0,1500.0,3.0,44.89,4.2643,2.8502,7.081,10.788,500.0,0,1,"Scenario F1 — New Battery
(Dynamic mass, 3 m/s, 0 cycles)",
180.0,1500.0,3.0,44.63,4.2396,2.8502,7.081,10.785,500.0,0,1,"Scenario F1 — New Battery
(Dynamic mass, 3 m/s, 0 cycles)",
181.0,1500.0,3.0,44.37,4.2148,2.8502,7.081,10.781,500.0,0,1,"Scenario F1 — New Battery
(Dynamic mass, 3 m/s, 0 cycles)",
182.0,1500.0,3.0,44.11,4.19,2.8502,7.081,10.777,500.0,0,1,"Scenario F1 — New Battery
(Dynamic mass, 3 m/s, 0 cycles)",
183.0,1500.0,3.0,43.84,4.1652,2.8502,7.081,10.773,500.0,0,1,"Scenario F1 — New Battery
(Dynamic mass, 3 m/s, 0 cycles)",
184.0,1500.0,3.0,43.58,4.1404,2.8502,7.081,10.77,500.0,0,1,"Scenario F1 — New Battery
(Dynamic mass, 3 m/s, 0 cycles)",
185.0,1500.0,3.0,43.32,4.1156,2.8502,7.081,10.766,500.0,0,1,"Scenario F1 — New Battery
(Dynamic mass, 3 m/s, 0 cycles)",
186.0,1500.0,3.0,43.06,4.0909,2.8502,7.081,10.762,500.0,0,1,"Scenario F1 — New Battery
(Dynamic mass, 3 m/s, 0 cycles)",
187.0,1500.0,3.0,42.8,4.0661,2.8502,7.081,10.758,500.0,0,1,"Scenario F1 — New Battery
(Dynamic mass, 3 m/s, 0 cycles)",
188.0,1500.0,3.0,42.54,4.0413,2.8502,7.081,10.754,500.0,0,1,"Scenario F1 — New Battery
(Dynamic mass, 3 m/s, 0 cycles)",
189.0,1500.0,3.0,42.28,4.0165,2.8502,7.081,10.75,500.0,0,1,"Scenario F1 — New Battery
(Dynamic mass, 3 m/s, 0 cycles)",
190.0,1500.0,3.0,42.02,3.9917,2.8502,7.081,10.746,500.0,0,1,"Scenario F1 — New Battery
(Dynamic mass, 3 m/s, 0 cycles)",
191.0,1500.0,3.0,41.76,3.9669,2.8502,7.081,10.742,500.0,0,1,"Scenario F1 — New Battery
(Dynamic mass, 3 m/s, 0 cycles)",
192.0,1500.0,3.0,41.5,3.9421,2.8502,7.081,10.738,500.0,0,1,"Scenario F1 — New Battery
(Dynamic mass, 3 m/s, 0 cycles)",
193.0,1500.0,3.0,41.24,3.9174,2.8502,7.081,10.734,500.0,0,1,"Scenario F1 — New Battery
(Dynamic mass, 3 m/s, 0 cycles)",
194.0,1500.0,3.0,40.97,3.8926,2.8502,7.081,10.73,500.0,0,1,"Scenario F1 — New Battery
(Dynamic mass, 3 m/s, 0 cycles)",
195.0,1500.0,3.0,40.71,3.8678,2.8502,7.081,10.726,500.0,0,1,"Scenario F1 — New Battery
(Dynamic mass, 3 m/s, 0 cycles)",
196.0,1500.0,3.0,40.45,3.843,2.8502,7.081,10.722,500.0,0,1,"Scenario F1 — New Battery
(Dynamic mass, 3 m/s, 0 cycles)",
197.0,1500.0,3.0,40.19,3.8182,2.8502,7.081,10.717,500.0,0,1,"Scenario F1 — New Battery
(Dynamic mass, 3 m/s, 0 cycles)",
198.0,1500.0,3.0,39.93,3.7934,2.8502,7.081,10.713,500.0,0,1,"Scenario F1 — New Battery
(Dynamic mass, 3 m/s, 0 cycles)",
199.0,1500.0,3.0,39.67,3.7687,2.8502,7.081,10.709,500.0,0,1,"Scenario F1 — New Battery
(Dynamic mass, 3 m/s, 0 cycles)",
200.0,1500.0,3.0,39.41,3.7439,2.8502,7.081,10.704,500.0,0,1,"Scenario F1 — New Battery
(Dynamic mass, 3 m/s, 0 cycles)",
201.0,1500.0,3.0,39.15,3.7191,2.8502,7.081,10.7,500.0,0,1,"Scenario F1 — New Battery
(Dynamic mass, 3 m/s, 0 cycles)",
202.0,1500.0,3.0,38.89,3.6943,2.8502,7.081,10.695,500.0,0,1,"Scenario F1 — New Battery
(Dynamic mass, 3 m/s, 0 cycles)",
203.0,1500.0,3.0,38.63,3.6695,2.8502,7.081,10.691,500.0,0,1,"Scenario F1 — New Battery
(Dynamic mass, 3 m/s, 0 cycles)",
204.0,1500.0,3.0,38.37,3.6447,2.8502,7.081,10.686,500.0,0,1,"Scenario F1 — New Battery
(Dynamic mass, 3 m/s, 0 cycles)",
205.0,1500.0,3.0,38.1,3.6199,2.8502,7.081,10.681,500.0,0,1,"Scenario F1 — New Battery
(Dynamic mass, 3 m/s, 0 cycles)",
206.0,1500.0,3.0,37.84,3.5952,2.8502,7.081,10.677,500.0,0,1,"Scenario F1 — New Battery
(Dynamic mass, 3 m/s, 0 cycles)",
207.0,1500.0,3.0,37.58,3.5704,2.8502,7.081,10.672,500.0,0,1,"Scenario F1 — New Battery
(Dynamic mass, 3 m/s, 0 cycles)",
208.0,1500.0,3.0,37.32,3.5456,2.8502,7.081,10.667,500.0,0,1,"Scenario F1 — New Battery
(Dynamic mass, 3 m/s, 0 cycles)",
209.0,1500.0,3.0,37.06,3.5208,2.8502,7.081,10.662,500.0,0,1,"Scenario F1 — New Battery
(Dynamic mass, 3 m/s, 0 cycles)",
210.0,1500.0,3.0,36.8,3.496,2.8502,7.081,10.657,500.0,0,1,"Scenario F1 — New Battery
(Dynamic mass, 3 m/s, 0 cycles)",
211.0,1500.0,3.0,36.54,3.4712,2.8502,7.081,10.652,500.0,0,1,"Scenario F1 — New Battery
(Dynamic mass, 3 m/s, 0 cycles)",
212.0,1500.0,3.0,36.28,3.4465,2.8502,7.081,10.646,500.0,0,1,"Scenario F1 — New Battery
(Dynamic mass, 3 m/s, 0 cycles)",
213.0,1500.0,3.0,36.02,3.4217,2.8502,7.081,10.641,500.0,0,1,"Scenario F1 — New Battery
(Dynamic mass, 3 m/s, 0 cycles)",
214.0,1500.0,3.0,35.76,3.3969,2.8502,7.081,10.636,500.0,0,1,"Scenario F1 — New Battery
(Dynamic mass, 3 m/s, 0 cycles)",
215.0,1500.0,3.0,35.5,3.3721,2.8502,7.081,10.63,500.0,0,1,"Scenario F1 — New Battery
(Dynamic mass, 3 m/s, 0 cycles)",
216.0,1500.0,3.0,35.23,3.3473,2.8502,7.081,10.624,500.0,0,1,"Scenario F1 — New Battery
(Dynamic mass, 3 m/s, 0 cycles)",
217.0,1500.0,3.0,34.97,3.3225,2.8502,7.081,10.619,500.0,0,1,"Scenario F1 — New Battery
(Dynamic mass, 3 m/s, 0 cycles)",
218.0,1500.0,3.0,34.71,3.2978,2.8502,7.081,10.613,500.0,0,1,"Scenario F1 — New Battery
(Dynamic mass, 3 m/s, 0 cycles)",
219.0,1500.0,3.0,34.45,3.273,2.8502,7.081,10.607,500.0,0,1,"Scenario F1 — New Battery
(Dynamic mass, 3 m/s, 0 cycles)",
220.0,1500.0,3.0,34.19,3.2482,2.8502,7.081,10.601,500.0,0,1,"Scenario F1 — New Battery
(Dynamic mass, 3 m/s, 0 cycles)",
221.0,1500.0,3.0,33.93,3.2234,2.8502,7.081,10.595,500.0,0,1,"Scenario F1 — New Battery
(Dynamic mass, 3 m/s, 0 cycles)",
222.0,1500.0,3.0,33.67,3.1986,2.8502,7.081,10.589,500.0,0,1,"Scenario F1 — New Battery
(Dynamic mass, 3 m/s, 0 cycles)",
223.0,1500.0,3.0,33.41,3.1738,2.8502,7.081,10.582,500.0,0,1,"Scenario F1 — New Battery
(Dynamic mass, 3 m/s, 0 cycles)",
224.0,1500.0,3.0,33.15,3.149,2.8502,7.081,10.576,500.0,0,1,"Scenario F1 — New Battery
(Dynamic mass, 3 m/s, 0 cycles)",
225.0,1500.0,3.0,32.89,3.1243,2.8502,7.081,10.569,500.0,0,1,"Scenario F1 — New Battery
(Dynamic mass, 3 m/s, 0 cycles)",
226.0,1500.0,3.0,32.63,3.0995,2.8502,7.081,10.562,500.0,0,1,"Scenario F1 — New Battery
(Dynamic mass, 3 m/s, 0 cycles)",
227.0,1500.0,3.0,32.37,3.0747,2.8502,7.081,10.556,500.0,0,1,"Scenario F1 — New Battery
(Dynamic mass, 3 m/s, 0 cycles)",
228.0,1500.0,3.0,32.1,3.0499,2.8502,7.081,10.549,500.0,0,1,"Scenario F1 — New Battery
(Dynamic mass, 3 m/s, 0 cycles)",
229.0,1500.0,3.0,31.84,3.0251,2.8502,7.081,10.541,500.0,0,1,"Scenario F1 — New Battery
(Dynamic mass, 3 m/s, 0 cycles)",
230.0,1500.0,3.0,31.58,3.0003,2.8502,7.081,10.534,500.0,0,1,"Scenario F1 — New Battery
(Dynamic mass, 3 m/s, 0 cycles)",
231.0,1500.0,3.0,31.32,2.9756,2.8502,7.081,10.527,500.0,0,1,"Scenario F1 — New Battery
(Dynamic mass, 3 m/s, 0 cycles)",
232.0,1500.0,3.0,31.06,2.9508,2.8502,7.081,10.519,500.0,0,1,"Scenario F1 — New Battery
(Dynamic mass, 3 m/s, 0 cycles)",
233.0,1500.0,3.0,30.8,2.926,2.8502,7.081,10.511,500.0,0,1,"Scenario F1 — New Battery
(Dynamic mass, 3 m/s, 0 cycles)",
234.0,1500.0,3.0,30.54,2.9012,2.8502,7.081,10.504,500.0,0,1,"Scenario F1 — New Battery
(Dynamic mass, 3 m/s, 0 cycles)",
235.0,1500.0,3.0,30.28,2.8764,2.8502,7.081,10.496,500.0,0,1,"Scenario F1 — New Battery
(Dynamic mass, 3 m/s, 0 cycles)",
236.0,1500.0,3.0,30.02,2.8516,2.8502,7.081,10.487,500.0,0,1,"Scenario F1 — New Battery
(Dynamic mass, 3 m/s, 0 cycles)",
237.0,1500.0,3.0,29.76,2.8268,2.8502,7.081,10.479,500.0,1,1,"Scenario F1 — New Battery
(Dynamic mass, 3 m/s, 0 cycles)",1000.0
0.0,2500.0,3.0,86.94,8.2589,0.118,14.663,10.785,0.0,0,1,"Scenario F2 — Aged Battery
(Dynamic mass, 3 m/s, 300 cycles)",
1.0,2483.3,3.0,86.4,8.2081,0.1169,14.521,10.79,5.0,0,1,"Scenario F2 — Aged Battery
(Dynamic mass, 3 m/s, 300 cycles)",
2.0,2466.6,3.0,85.87,8.1578,0.1158,14.38,10.795,10.0,0,1,"Scenario F2 — Aged Battery
(Dynamic mass, 3 m/s, 300 cycles)",
3.0,2449.9,3.0,85.35,8.108,0.1719,14.24,10.8,15.0,0,1,"Scenario F2 — Aged Battery
(Dynamic mass, 3 m/s, 300 cycles)",
4.0,2433.2,3.0,84.83,8.0586,0.227,14.099,10.805,20.0,0,1,"Scenario F2 — Aged Battery
(Dynamic mass, 3 m/s, 300 cycles)",
5.0,2416.5,3.0,84.31,8.0097,0.2809,13.959,10.81,25.0,0,1,"Scenario F2 — Aged Battery
(Dynamic mass, 3 m/s, 300 cycles)",
6.0,2399.8,3.0,83.8,7.9614,0.3338,13.82,10.815,30.0,0,1,"Scenario F2 — Aged Battery
(Dynamic mass, 3 m/s, 300 cycles)",
7.0,2383.1,3.0,83.3,7.9135,0.3855,13.681,10.819,35.0,0,1,"Scenario F2 — Aged Battery
(Dynamic mass, 3 m/s, 300 cycles)",
8.0,2366.4,3.0,82.8,7.8661,0.4361,13.543,10.823,40.0,0,1,"Scenario F2 — Aged Battery
(Dynamic mass, 3 m/s, 300 cycles)",
9.0,2349.7,3.0,82.31,7.8192,0.4856,13.405,10.828,45.0,0,1,"Scenario F2 — Aged Battery
(Dynamic mass, 3 m/s, 300 cycles)",
10.0,2333.0,3.0,81.82,7.7727,0.534,13.268,10.832,50.0,0,1,"Scenario F2 — Aged Battery
(Dynamic mass, 3 m/s, 300 cycles)",
11.0,2316.3,3.0,81.33,7.7268,0.5814,13.131,10.836,55.0,0,1,"Scenario F2 — Aged Battery
(Dynamic mass, 3 m/s, 300 cycles)",
12.0,2299.6,3.0,80.86,7.6813,0.6276,12.995,10.84,60.0,0,1,"Scenario F2 — Aged Battery
(Dynamic mass, 3 m/s, 300 cycles)",
13.0,2282.9,3.0,80.38,7.6363,0.6728,12.859,10.844,65.0,0,1,"Scenario F2 — Aged Battery
(Dynamic mass, 3 m/s, 300 cycles)",
14.0,2266.2,3.0,79.91,7.5918,0.717,12.723,10.848,70.0,0,1,"Scenario F2 — Aged Battery
(Dynamic mass, 3 m/s, 300 cycles)",
15.0,2249.5,3.0,79.45,7.5477,0.76,12.588,10.852,75.0,0,1,"Scenario F2 — Aged Battery
(Dynamic mass, 3 m/s, 300 cycles)",
16.0,2232.8,3.0,78.99,7.5041,0.802,12.454,10.856,80.0,0,1,"Scenario F2 — Aged Battery
(Dynamic mass, 3 m/s, 300 cycles)",
17.0,2216.1,3.0,78.54,7.461,0.843,12.32,10.86,85.0,0,1,"Scenario F2 — Aged Battery
(Dynamic mass, 3 m/s, 300 cycles)",
18.0,2199.4,3.0,78.09,7.4183,0.8829,12.187,10.864,90.0,0,1,"Scenario F2 — Aged Battery
(Dynamic mass, 3 m/s, 300 cycles)",
19.0,2182.7,3.0,77.64,7.3761,0.9218,12.054,10.869,95.0,0,1,"Scenario F2 — Aged Battery
(Dynamic mass, 3 m/s, 300 cycles)",
20.0,2166.0,3.0,77.2,7.3344,0.9597,11.921,10.873,100.0,0,1,"Scenario F2 — Aged Battery
(Dynamic mass, 3 m/s, 300 cycles)",
21.0,2149.3,3.0,76.77,7.2932,0.9965,11.79,10.877,105.0,0,1,"Scenario F2 — Aged Battery
(Dynamic mass, 3 m/s, 300 cycles)",
22.0,2132.6,3.0,76.34,7.2524,1.0323,11.658,10.881,110.0,0,1,"Scenario F2 — Aged Battery
(Dynamic mass, 3 m/s, 300 cycles)",
23.0,2115.9,3.0,75.92,7.212,1.0672,11.527,10.885,115.0,0,1,"Scenario F2 — Aged Battery
(Dynamic mass, 3 m/s, 300 cycles)",
24.0,2099.2,3.0,75.5,7.1721,1.101,11.397,10.89,120.0,0,1,"Scenario F2 — Aged Battery
(Dynamic mass, 3 m/s, 300 cycles)",
25.0,2082.5,3.0,75.08,7.1327,1.1338,11.267,10.894,125.0,0,1,"Scenario F2 — Aged Battery
(Dynamic mass, 3 m/s, 300 cycles)",
26.0,2065.8,3.0,74.67,7.0937,1.1656,11.138,10.899,130.0,0,1,"Scenario F2 — Aged Battery
(Dynamic mass, 3 m/s, 300 cycles)",
27.0,2049.1,3.0,74.26,7.0552,1.1964,11.009,10.903,135.0,0,1,"Scenario F2 — Aged Battery
(Dynamic mass, 3 m/s, 300 cycles)",
28.0,2032.4,3.0,73.86,7.0171,1.2263,10.881,10.908,140.0,0,1,"Scenario F2 — Aged Battery
(Dynamic mass, 3 m/s, 300 cycles)",
29.0,2015.7,3.0,73.47,6.9794,1.2552,10.753,10.912,145.0,0,1,"Scenario F2 — Aged Battery
(Dynamic mass, 3 m/s, 300 cycles)",
30.0,1999.0,3.0,73.08,6.9423,1.2831,10.626,10.917,150.0,0,1,"Scenario F2 — Aged Battery
(Dynamic mass, 3 m/s, 300 cycles)",
31.0,1982.3,3.0,72.69,6.9055,1.3101,10.499,10.922,155.0,0,1,"Scenario F2 — Aged Battery
(Dynamic mass, 3 m/s, 300 cycles)",
32.0,1965.6,3.0,72.31,6.8692,1.3361,10.373,10.927,160.0,0,1,"Scenario F2 — Aged Battery
(Dynamic mass, 3 m/s, 300 cycles)",
33.0,1948.9,3.0,71.93,6.8333,1.3612,10.248,10.932,165.0,0,1,"Scenario F2 — Aged Battery
(Dynamic mass, 3 m/s, 300 cycles)",
34.0,1932.2,3.0,71.56,6.7979,1.3853,10.123,10.937,170.0,0,1,"Scenario F2 — Aged Battery
(Dynamic mass, 3 m/s, 300 cycles)",
35.0,1915.5,3.0,71.19,6.7629,1.4085,9.998,10.942,175.0,0,1,"Scenario F2 — Aged Battery
(Dynamic mass, 3 m/s, 300 cycles)",
36.0,1898.8,3.0,70.82,6.7284,1.4308,9.874,10.947,180.0,0,1,"Scenario F2 — Aged Battery
(Dynamic mass, 3 m/s, 300 cycles)",
37.0,1882.1,3.0,70.47,6.6942,1.4521,9.751,10.953,185.0,0,1,"Scenario F2 — Aged Battery
(Dynamic mass, 3 m/s, 300 cycles)",
38.0,1865.4,3.0,70.11,6.6605,1.4726,9.628,10.958,190.0,0,1,"Scenario F2 — Aged Battery
(Dynamic mass, 3 m/s, 300 cycles)",
39.0,1848.7,3.0,69.76,6.6273,1.4921,9.506,10.963,195.0,0,1,"Scenario F2 — Aged Battery
(Dynamic mass, 3 m/s, 300 cycles)",
40.0,1832.0,3.0,69.41,6.5944,1.5108,9.384,10.969,200.0,0,1,"Scenario F2 — Aged Battery
(Dynamic mass, 3 m/s, 300 cycles)",
41.0,1815.3,3.0,69.07,6.562,1.5286,9.263,10.975,205.0,0,1,"Scenario F2 — Aged Battery
(Dynamic mass, 3 m/s, 300 cycles)",
42.0,1798.6,3.0,68.74,6.53,1.5454,9.142,10.98,210.0,0,1,"Scenario F2 — Aged Battery
(Dynamic mass, 3 m/s, 300 cycles)",
43.0,1781.9,3.0,68.4,6.4984,1.5614,9.022,10.986,215.0,0,1,"Scenario F2 — Aged Battery
(Dynamic mass, 3 m/s, 300 cycles)",
44.0,1765.2,3.0,68.08,6.4673,1.5766,8.902,10.992,220.0,0,1,"Scenario F2 — Aged Battery
(Dynamic mass, 3 m/s, 300 cycles)",
45.0,1748.5,3.0,67.75,6.4365,1.5909,8.783,10.998,225.0,0,1,"Scenario F2 — Aged Battery
(Dynamic mass, 3 m/s, 300 cycles)",
46.0,1731.8,3.0,67.43,6.4062,1.6043,8.665,11.004,230.0,0,1,"Scenario F2 — Aged Battery
(Dynamic mass, 3 m/s, 300 cycles)",
47.0,1715.1,3.0,67.12,6.3763,1.6169,8.547,11.01,235.0,0,1,"Scenario F2 — Aged Battery
(Dynamic mass, 3 m/s, 300 cycles)",
48.0,1698.4,3.0,66.81,6.3468,1.6286,8.43,11.016,240.0,0,1,"Scenario F2 — Aged Battery
(Dynamic mass, 3 m/s, 300 cycles)",
49.0,1681.7,3.0,66.5,6.3177,1.6395,8.313,11.022,245.0,0,1,"Scenario F2 — Aged Battery
(Dynamic mass, 3 m/s, 300 cycles)",
50.0,1665.0,3.0,66.2,6.289,1.6496,8.197,11.028,250.0,0,1,"Scenario F2 — Aged Battery
(Dynamic mass, 3 m/s, 300 cycles)",
51.0,1648.3,3.0,65.9,6.2607,1.6589,8.081,11.034,255.0,0,1,"Scenario F2 — Aged Battery
(Dynamic mass, 3 m/s, 300 cycles)",
52.0,1631.6,3.0,65.61,6.2328,1.6674,7.966,11.041,260.0,0,1,"Scenario F2 — Aged Battery
(Dynamic mass, 3 m/s, 300 cycles)",
53.0,1614.9,3.0,65.32,6.2053,1.675,7.852,11.047,265.0,0,1,"Scenario F2 — Aged Battery
(Dynamic mass, 3 m/s, 300 cycles)",
54.0,1598.2,3.0,65.03,6.1783,1.6819,7.738,11.053,270.0,0,1,"Scenario F2 — Aged Battery
(Dynamic mass, 3 m/s, 300 cycles)",
55.0,1581.5,3.0,64.75,6.1516,1.688,7.625,11.06,275.0,0,1,"Scenario F2 — Aged Battery
(Dynamic mass, 3 m/s, 300 cycles)",
56.0,1564.8,3.0,64.48,6.1253,1.6933,7.512,11.066,280.0,0,1,"Scenario F2 — Aged Battery
(Dynamic mass, 3 m/s, 300 cycles)",
57.0,1548.1,3.0,64.2,6.0994,1.6978,7.4,11.073,285.0,0,1,"Scenario F2 — Aged Battery
(Dynamic mass, 3 m/s, 300 cycles)",
58.0,1531.4,3.0,63.94,6.0739,1.7016,7.289,11.08,290.0,0,1,"Scenario F2 — Aged Battery
(Dynamic mass, 3 m/s, 300 cycles)",
59.0,1514.7,3.0,63.67,6.0487,1.7047,7.178,11.086,295.0,0,1,"Scenario F2 — Aged Battery
(Dynamic mass, 3 m/s, 300 cycles)",
60.0,1500.0,3.0,63.41,6.024,1.7101,7.081,11.092,300.0,0,1,"Scenario F2 — Aged Battery
(Dynamic mass, 3 m/s, 300 cycles)",
61.0,1500.0,3.0,63.15,5.9992,1.7386,7.081,11.086,305.0,0,1,"Scenario F2 — Aged Battery
(Dynamic mass, 3 m/s, 300 cycles)",
62.0,1500.0,3.0,62.89,5.9744,1.7671,7.081,11.081,310.0,0,1,"Scenario F2 — Aged Battery
(Dynamic mass, 3 m/s, 300 cycles)",
63.0,1500.0,3.0,62.63,5.9496,1.7956,7.081,11.075,315.0,0,1,"Scenario F2 — Aged Battery
(Dynamic mass, 3 m/s, 300 cycles)",
64.0,1500.0,3.0,62.37,5.9248,1.8241,7.081,11.07,320.0,0,1,"Scenario F2 — Aged Battery
(Dynamic mass, 3 m/s, 300 cycles)",
65.0,1500.0,3.0,62.11,5.9,1.8526,7.081,11.065,325.0,0,1,"Scenario F2 — Aged Battery
(Dynamic mass, 3 m/s, 300 cycles)",
66.0,1500.0,3.0,61.84,5.8753,1.8811,7.081,11.06,330.0,0,1,"Scenario F2 — Aged Battery
(Dynamic mass, 3 m/s, 300 cycles)",
67.0,1500.0,3.0,61.58,5.8505,1.9096,7.081,11.054,335.0,0,1,"Scenario F2 — Aged Battery
(Dynamic mass, 3 m/s, 300 cycles)",
68.0,1500.0,3.0,61.32,5.8257,1.9381,7.081,11.049,340.0,0,1,"Scenario F2 — Aged Battery
(Dynamic mass, 3 m/s, 300 cycles)",
69.0,1500.0,3.0,61.06,5.8009,1.9666,7.081,11.044,345.0,0,1,"Scenario F2 — Aged Battery
(Dynamic mass, 3 m/s, 300 cycles)",
70.0,1500.0,3.0,60.8,5.7761,1.9951,7.081,11.039,350.0,0,1,"Scenario F2 — Aged Battery
(Dynamic mass, 3 m/s, 300 cycles)",
71.0,1500.0,3.0,60.54,5.7513,2.0236,7.081,11.034,355.0,0,1,"Scenario F2 — Aged Battery
(Dynamic mass, 3 m/s, 300 cycles)",
72.0,1500.0,3.0,60.28,5.7265,2.0522,7.081,11.029,360.0,0,1,"Scenario F2 — Aged Battery
(Dynamic mass, 3 m/s, 300 cycles)",
73.0,1500.0,3.0,60.02,5.7018,2.0807,7.081,11.024,365.0,0,1,"Scenario F2 — Aged Battery
(Dynamic mass, 3 m/s, 300 cycles)",
74.0,1500.0,3.0,59.76,5.677,2.1092,7.081,11.019,370.0,0,1,"Scenario F2 — Aged Battery
(Dynamic mass, 3 m/s, 300 cycles)",
75.0,1500.0,3.0,59.5,5.6522,2.1377,7.081,11.014,375.0,0,1,"Scenario F2 — Aged Battery
(Dynamic mass, 3 m/s, 300 cycles)",
76.0,1500.0,3.0,59.24,5.6274,2.1662,7.081,11.01,380.0,0,1,"Scenario F2 — Aged Battery
(Dynamic mass, 3 m/s, 300 cycles)",
77.0,1500.0,3.0,58.97,5.6026,2.1947,7.081,11.005,385.0,0,1,"Scenario F2 — Aged Battery
(Dynamic mass, 3 m/s, 300 cycles)",
78.0,1500.0,3.0,58.71,5.5778,2.2232,7.081,11.0,390.0,0,1,"Scenario F2 — Aged Battery
(Dynamic mass, 3 m/s, 300 cycles)",
79.0,1500.0,3.0,58.45,5.5531,2.2517,7.081,10.995,395.0,0,1,"Scenario F2 — Aged Battery
(Dynamic mass, 3 m/s, 300 cycles)",
80.0,1500.0,3.0,58.19,5.5283,2.2802,7.081,10.991,400.0,0,1,"Scenario F2 — Aged Battery
(Dynamic mass, 3 m/s, 300 cycles)",
81.0,1500.0,3.0,57.93,5.5035,2.3087,7.081,10.986,405.0,0,1,"Scenario F2 — Aged Battery
(Dynamic mass, 3 m/s, 300 cycles)",
82.0,1500.0,3.0,57.67,5.4787,2.3372,7.081,10.981,410.0,0,1,"Scenario F2 — Aged Battery
(Dynamic mass, 3 m/s, 300 cycles)",
83.0,1500.0,3.0,57.41,5.4539,2.3657,7.081,10.977,415.0,0,1,"Scenario F2 — Aged Battery
(Dynamic mass, 3 m/s, 300 cycles)",
84.0,1500.0,3.0,57.15,5.4291,2.3942,7.081,10.972,420.0,0,1,"Scenario F2 — Aged Battery
(Dynamic mass, 3 m/s, 300 cycles)",
85.0,1500.0,3.0,56.89,5.4043,2.4227,7.081,10.968,425.0,0,1,"Scenario F2 — Aged Battery
(Dynamic mass, 3 m/s, 300 cycles)",
86.0,1500.0,3.0,56.63,5.3796,2.4512,7.081,10.963,430.0,0,1,"Scenario F2 — Aged Battery
(Dynamic mass, 3 m/s, 300 cycles)",
87.0,1500.0,3.0,56.37,5.3548,2.4797,7.081,10.959,435.0,0,1,"Scenario F2 — Aged Battery
(Dynamic mass, 3 m/s, 300 cycles)",
88.0,1500.0,3.0,56.11,5.33,2.5082,7.081,10.955,440.0,0,1,"Scenario F2 — Aged Battery
(Dynamic mass, 3 m/s, 300 cycles)",
89.0,1500.0,3.0,55.84,5.3052,2.5367,7.081,10.95,445.0,0,1,"Scenario F2 — Aged Battery
(Dynamic mass, 3 m/s, 300 cycles)",
90.0,1500.0,3.0,55.58,5.2804,2.5652,7.081,10.946,450.0,0,1,"Scenario F2 — Aged Battery
(Dynamic mass, 3 m/s, 300 cycles)",
91.0,1500.0,3.0,55.32,5.2556,2.5937,7.081,10.942,455.0,0,1,"Scenario F2 — Aged Battery
(Dynamic mass, 3 m/s, 300 cycles)",
92.0,1500.0,3.0,55.06,5.2309,2.6222,7.081,10.938,460.0,0,1,"Scenario F2 — Aged Battery
(Dynamic mass, 3 m/s, 300 cycles)",
93.0,1500.0,3.0,54.8,5.2061,2.6507,7.081,10.933,465.0,0,1,"Scenario F2 — Aged Battery
(Dynamic mass, 3 m/s, 300 cycles)",
94.0,1500.0,3.0,54.54,5.1813,2.6792,7.081,10.929,470.0,0,1,"Scenario F2 — Aged Battery
(Dynamic mass, 3 m/s, 300 cycles)",
95.0,1500.0,3.0,54.28,5.1565,2.7077,7.081,10.925,475.0,0,1,"Scenario F2 — Aged Battery
(Dynamic mass, 3 m/s, 300 cycles)",
96.0,1500.0,3.0,54.02,5.1317,2.7362,7.081,10.921,480.0,0,1,"Scenario F2 — Aged Battery
(Dynamic mass, 3 m/s, 300 cycles)",
97.0,1500.0,3.0,53.76,5.1069,2.7647,7.081,10.917,485.0,0,1,"Scenario F2 — Aged Battery
(Dynamic mass, 3 m/s, 300 cycles)",
98.0,1500.0,3.0,53.5,5.0821,2.7932,7.081,10.913,490.0,0,1,"Scenario F2 — Aged Battery
(Dynamic mass, 3 m/s, 300 cycles)",
99.0,1500.0,3.0,53.24,5.0574,2.8217,7.081,10.909,495.0,0,1,"Scenario F2 — Aged Battery
(Dynamic mass, 3 m/s, 300 cycles)",
100.0,1500.0,3.0,52.97,5.0326,2.8502,7.081,10.905,500.0,0,1,"Scenario F2 — Aged Battery
(Dynamic mass, 3 m/s, 300 cycles)",
101.0,1500.0,3.0,52.71,5.0078,2.8502,7.081,10.901,500.0,0,1,"Scenario F2 — Aged Battery
(Dynamic mass, 3 m/s, 300 cycles)",
102.0,1500.0,3.0,52.45,4.983,2.8502,7.081,10.897,500.0,0,1,"Scenario F2 — Aged Battery
(Dynamic mass, 3 m/s, 300 cycles)",
103.0,1500.0,3.0,52.19,4.9582,2.8502,7.081,10.893,500.0,0,1,"Scenario F2 — Aged Battery
(Dynamic mass, 3 m/s, 300 cycles)",
104.0,1500.0,3.0,51.93,4.9334,2.8502,7.081,10.889,500.0,0,1,"Scenario F2 — Aged Battery
(Dynamic mass, 3 m/s, 300 cycles)",
105.0,1500.0,3.0,51.67,4.9087,2.8502,7.081,10.885,500.0,0,1,"Scenario F2 — Aged Battery
(Dynamic mass, 3 m/s, 300 cycles)",
106.0,1500.0,3.0,51.41,4.8839,2.8502,7.081,10.881,500.0,0,1,"Scenario F2 — Aged Battery
(Dynamic mass, 3 m/s, 300 cycles)",
107.0,1500.0,3.0,51.15,4.8591,2.8502,7.081,10.877,500.0,0,1,"Scenario F2 — Aged Battery
(Dynamic mass, 3 m/s, 300 cycles)",
108.0,1500.0,3.0,50.89,4.8343,2.8502,7.081,10.874,500.0,0,1,"Scenario F2 — Aged Battery
(Dynamic mass, 3 m/s, 300 cycles)",
109.0,1500.0,3.0,50.63,4.8095,2.8502,7.081,10.87,500.0,0,1,"Scenario F2 — Aged Battery
(Dynamic mass, 3 m/s, 300 cycles)",
110.0,1500.0,3.0,50.37,4.7847,2.8502,7.081,10.866,500.0,0,1,"Scenario F2 — Aged Battery
(Dynamic mass, 3 m/s, 300 cycles)",
111.0,1500.0,3.0,50.1,4.76,2.8502,7.081,10.862,500.0,0,1,"Scenario F2 — Aged Battery
(Dynamic mass, 3 m/s, 300 cycles)",
112.0,1500.0,3.0,49.84,4.7352,2.8502,7.081,10.859,500.0,0,1,"Scenario F2 — Aged Battery
(Dynamic mass, 3 m/s, 300 cycles)",
113.0,1500.0,3.0,49.58,4.7104,2.8502,7.081,10.855,500.0,0,1,"Scenario F2 — Aged Battery
(Dynamic mass, 3 m/s, 300 cycles)",
114.0,1500.0,3.0,49.32,4.6856,2.8502,7.081,10.851,500.0,0,1,"Scenario F2 — Aged Battery
(Dynamic mass, 3 m/s, 300 cycles)",
115.0,1500.0,3.0,49.06,4.6608,2.8502,7.081,10.847,500.0,0,1,"Scenario F2 — Aged Battery
(Dynamic mass, 3 m/s, 300 cycles)",
116.0,1500.0,3.0,48.8,4.636,2.8502,7.081,10.844,500.0,0,1,"Scenario F2 — Aged Battery
(Dynamic mass, 3 m/s, 300 cycles)",
117.0,1500.0,3.0,48.54,4.6112,2.8502,7.081,10.84,500.0,0,1,"Scenario F2 — Aged Battery
(Dynamic mass, 3 m/s, 300 cycles)",
118.0,1500.0,3.0,48.28,4.5865,2.8502,7.081,10.836,500.0,0,1,"Scenario F2 — Aged Battery
(Dynamic mass, 3 m/s, 300 cycles)",
119.0,1500.0,3.0,48.02,4.5617,2.8502,7.081,10.833,500.0,0,1,"Scenario F2 — Aged Battery
(Dynamic mass, 3 m/s, 300 cycles)",
120.0,1500.0,3.0,47.76,4.5369,2.8502,7.081,10.829,500.0,0,1,"Scenario F2 — Aged Battery
(Dynamic mass, 3 m/s, 300 cycles)",
121.0,1500.0,3.0,47.5,4.5121,2.8502,7.081,10.825,500.0,0,1,"Scenario F2 — Aged Battery
(Dynamic mass, 3 m/s, 300 cycles)",
122.0,1500.0,3.0,47.23,4.4873,2.8502,7.081,10.822,500.0,0,1,"Scenario F2 — Aged Battery
(Dynamic mass, 3 m/s, 300 cycles)",
123.0,1500.0,3.0,46.97,4.4625,2.8502,7.081,10.818,500.0,0,1,"Scenario F2 — Aged Battery
(Dynamic mass, 3 m/s, 300 cycles)",
124.0,1500.0,3.0,46.71,4.4378,2.8502,7.081,10.814,500.0,0,1,"Scenario F2 — Aged Battery
(Dynamic mass, 3 m/s, 300 cycles)",
125.0,1500.0,3.0,46.45,4.413,2.8502,7.081,10.811,500.0,0,1,"Scenario F2 — Aged Battery
(Dynamic mass, 3 m/s, 300 cycles)",
126.0,1500.0,3.0,46.19,4.3882,2.8502,7.081,10.807,500.0,0,1,"Scenario F2 — Aged Battery
(Dynamic mass, 3 m/s, 300 cycles)",
127.0,1500.0,3.0,45.93,4.3634,2.8502,7.081,10.803,500.0,0,1,"Scenario F2 — Aged Battery
(Dynamic mass, 3 m/s, 300 cycles)",
128.0,1500.0,3.0,45.67,4.3386,2.8502,7.081,10.8,500.0,0,1,"Scenario F2 — Aged Battery
(Dynamic mass, 3 m/s, 300 cycles)",
129.0,1500.0,3.0,45.41,4.3138,2.8502,7.081,10.796,500.0,0,1,"Scenario F2 — Aged Battery
(Dynamic mass, 3 m/s, 300 cycles)",
130.0,1500.0,3.0,45.15,4.289,2.8502,7.081,10.792,500.0,0,1,"Scenario F2 — Aged Battery
(Dynamic mass, 3 m/s, 300 cycles)",
131.0,1500.0,3.0,44.89,4.2643,2.8502,7.081,10.788,500.0,0,1,"Scenario F2 — Aged Battery
(Dynamic mass, 3 m/s, 300 cycles)",
132.0,1500.0,3.0,44.63,4.2395,2.8502,7.081,10.785,500.0,0,1,"Scenario F2 — Aged Battery
(Dynamic mass, 3 m/s, 300 cycles)",
133.0,1500.0,3.0,44.37,4.2147,2.8502,7.081,10.781,500.0,0,1,"Scenario F2 — Aged Battery
(Dynamic mass, 3 m/s, 300 cycles)",
134.0,1500.0,3.0,44.1,4.1899,2.8502,7.081,10.777,500.0,0,1,"Scenario F2 — Aged Battery
(Dynamic mass, 3 m/s, 300 cycles)",
135.0,1500.0,3.0,43.84,4.1651,2.8502,7.081,10.773,500.0,0,1,"Scenario F2 — Aged Battery
(Dynamic mass, 3 m/s, 300 cycles)",
136.0,1500.0,3.0,43.58,4.1403,2.8502,7.081,10.77,500.0,0,1,"Scenario F2 — Aged Battery
(Dynamic mass, 3 m/s, 300 cycles)",
137.0,1500.0,3.0,43.32,4.1156,2.8502,7.081,10.766,500.0,0,1,"Scenario F2 — Aged Battery
(Dynamic mass, 3 m/s, 300 cycles)",
138.0,1500.0,3.0,43.06,4.0908,2.8502,7.081,10.762,500.0,0,1,"Scenario F2 — Aged Battery
(Dynamic mass, 3 m/s, 300 cycles)",
139.0,1500.0,3.0,42.8,4.066,2.8502,7.081,10.758,500.0,0,1,"Scenario F2 — Aged Battery
(Dynamic mass, 3 m/s, 300 cycles)",
140.0,1500.0,3.0,42.54,4.0412,2.8502,7.081,10.754,500.0,0,1,"Scenario F2 — Aged Battery
(Dynamic mass, 3 m/s, 300 cycles)",
141.0,1500.0,3.0,42.28,4.0164,2.8502,7.081,10.75,500.0,0,1,"Scenario F2 — Aged Battery
(Dynamic mass, 3 m/s, 300 cycles)",
142.0,1500.0,3.0,42.02,3.9916,2.8502,7.081,10.746,500.0,0,1,"Scenario F2 — Aged Battery
(Dynamic mass, 3 m/s, 300 cycles)",
143.0,1500.0,3.0,41.76,3.9669,2.8502,7.081,10.742,500.0,0,1,"Scenario F2 — Aged Battery
(Dynamic mass, 3 m/s, 300 cycles)",
144.0,1500.0,3.0,41.5,3.9421,2.8502,7.081,10.738,500.0,0,1,"Scenario F2 — Aged Battery
(Dynamic mass, 3 m/s, 300 cycles)",
145.0,1500.0,3.0,41.23,3.9173,2.8502,7.081,10.734,500.0,0,1,"Scenario F2 — Aged Battery
(Dynamic mass, 3 m/s, 300 cycles)",
146.0,1500.0,3.0,40.97,3.8925,2.8502,7.081,10.73,500.0,0,1,"Scenario F2 — Aged Battery
(Dynamic mass, 3 m/s, 300 cycles)",
147.0,1500.0,3.0,40.71,3.8677,2.8502,7.081,10.726,500.0,0,1,"Scenario F2 — Aged Battery
(Dynamic mass, 3 m/s, 300 cycles)",
148.0,1500.0,3.0,40.45,3.8429,2.8502,7.081,10.722,500.0,0,1,"Scenario F2 — Aged Battery
(Dynamic mass, 3 m/s, 300 cycles)",
149.0,1500.0,3.0,40.19,3.8181,2.8502,7.081,10.717,500.0,0,1,"Scenario F2 — Aged Battery
(Dynamic mass, 3 m/s, 300 cycles)",
150.0,1500.0,3.0,39.93,3.7934,2.8502,7.081,10.713,500.0,0,1,"Scenario F2 — Aged Battery
(Dynamic mass, 3 m/s, 300 cycles)",
151.0,1500.0,3.0,39.67,3.7686,2.8502,7.081,10.709,500.0,0,1,"Scenario F2 — Aged Battery
(Dynamic mass, 3 m/s, 300 cycles)",
152.0,1500.0,3.0,39.41,3.7438,2.8502,7.081,10.704,500.0,0,1,"Scenario F2 — Aged Battery
(Dynamic mass, 3 m/s, 300 cycles)",
153.0,1500.0,3.0,39.15,3.719,2.8502,7.081,10.7,500.0,0,1,"Scenario F2 — Aged Battery
(Dynamic mass, 3 m/s, 300 cycles)",
154.0,1500.0,3.0,38.89,3.6942,2.8502,7.081,10.695,500.0,0,1,"Scenario F2 — Aged Battery
(Dynamic mass, 3 m/s, 300 cycles)",
155.0,1500.0,3.0,38.63,3.6694,2.8502,7.081,10.691,500.0,0,1,"Scenario F2 — Aged Battery
(Dynamic mass, 3 m/s, 300 cycles)",
156.0,1500.0,3.0,38.36,3.6447,2.8502,7.081,10.686,500.0,0,1,"Scenario F2 — Aged Battery
(Dynamic mass, 3 m/s, 300 cycles)",
157.0,1500.0,3.0,38.1,3.6199,2.8502,7.081,10.681,500.0,0,1,"Scenario F2 — Aged Battery
(Dynamic mass, 3 m/s, 300 cycles)",
158.0,1500.0,3.0,37.84,3.5951,2.8502,7.081,10.677,500.0,0,1,"Scenario F2 — Aged Battery
(Dynamic mass, 3 m/s, 300 cycles)",
159.0,1500.0,3.0,37.58,3.5703,2.8502,7.081,10.672,500.0,0,1,"Scenario F2 — Aged Battery
(Dynamic mass, 3 m/s, 300 cycles)",
160.0,1500.0,3.0,37.32,3.5455,2.8502,7.081,10.667,500.0,0,1,"Scenario F2 — Aged Battery
(Dynamic mass, 3 m/s, 300 cycles)",
161.0,1500.0,3.0,37.06,3.5207,2.8502,7.081,10.662,500.0,0,1,"Scenario F2 — Aged Battery
(Dynamic mass, 3 m/s, 300 cycles)",
162.0,1500.0,3.0,36.8,3.4959,2.8502,7.081,10.657,500.0,0,1,"Scenario F2 — Aged Battery
(Dynamic mass, 3 m/s, 300 cycles)",
163.0,1500.0,3.0,36.54,3.4712,2.8502,7.081,10.652,500.0,0,1,"Scenario F2 — Aged Battery
(Dynamic mass, 3 m/s, 300 cycles)",
164.0,1500.0,3.0,36.28,3.4464,2.8502,7.081,10.646,500.0,0,1,"Scenario F2 — Aged Battery
(Dynamic mass, 3 m/s, 300 cycles)",
165.0,1500.0,3.0,36.02,3.4216,2.8502,7.081,10.641,500.0,0,1,"Scenario F2 — Aged Battery
(Dynamic mass, 3 m/s, 300 cycles)",
166.0,1500.0,3.0,35.76,3.3968,2.8502,7.081,10.636,500.0,0,1,"Scenario F2 — Aged Battery
(Dynamic mass, 3 m/s, 300 cycles)",
167.0,1500.0,3.0,35.49,3.372,2.8502,7.081,10.63,500.0,0,1,"Scenario F2 — Aged Battery
(Dynamic mass, 3 m/s, 300 cycles)",
168.0,1500.0,3.0,35.23,3.3472,2.8502,7.081,10.624,500.0,0,1,"Scenario F2 — Aged Battery
(Dynamic mass, 3 m/s, 300 cycles)",
169.0,1500.0,3.0,34.97,3.3225,2.8502,7.081,10.619,500.0,0,1,"Scenario F2 — Aged Battery
(Dynamic mass, 3 m/s, 300 cycles)",
170.0,1500.0,3.0,34.71,3.2977,2.8502,7.081,10.613,500.0,0,1,"Scenario F2 — Aged Battery
(Dynamic mass, 3 m/s, 300 cycles)",
171.0,1500.0,3.0,34.45,3.2729,2.8502,7.081,10.607,500.0,0,1,"Scenario F2 — Aged Battery
(Dynamic mass, 3 m/s, 300 cycles)",
172.0,1500.0,3.0,34.19,3.2481,2.8502,7.081,10.601,500.0,0,1,"Scenario F2 — Aged Battery
(Dynamic mass, 3 m/s, 300 cycles)",
173.0,1500.0,3.0,33.93,3.2233,2.8502,7.081,10.595,500.0,0,1,"Scenario F2 — Aged Battery
(Dynamic mass, 3 m/s, 300 cycles)",
174.0,1500.0,3.0,33.67,3.1985,2.8502,7.081,10.589,500.0,0,1,"Scenario F2 — Aged Battery
(Dynamic mass, 3 m/s, 300 cycles)",
175.0,1500.0,3.0,33.41,3.1737,2.8502,7.081,10.582,500.0,0,1,"Scenario F2 — Aged Battery
(Dynamic mass, 3 m/s, 300 cycles)",
176.0,1500.0,3.0,33.15,3.149,2.8502,7.081,10.576,500.0,0,1,"Scenario F2 — Aged Battery
(Dynamic mass, 3 m/s, 300 cycles)",
177.0,1500.0,3.0,32.89,3.1242,2.8502,7.081,10.569,500.0,0,1,"Scenario F2 — Aged Battery
(Dynamic mass, 3 m/s, 300 cycles)",
178.0,1500.0,3.0,32.63,3.0994,2.8502,7.081,10.562,500.0,0,1,"Scenario F2 — Aged Battery
(Dynamic mass, 3 m/s, 300 cycles)",
179.0,1500.0,3.0,32.36,3.0746,2.8502,7.081,10.556,500.0,0,1,"Scenario F2 — Aged Battery
(Dynamic mass, 3 m/s, 300 cycles)",
180.0,1500.0,3.0,32.1,3.0498,2.8502,7.081,10.549,500.0,0,1,"Scenario F2 — Aged Battery
(Dynamic mass, 3 m/s, 300 cycles)",
181.0,1500.0,3.0,31.84,3.025,2.8502,7.081,10.541,500.0,0,1,"Scenario F2 — Aged Battery
(Dynamic mass, 3 m/s, 300 cycles)",
182.0,1500.0,3.0,31.58,3.0003,2.8502,7.081,10.534,500.0,0,1,"Scenario F2 — Aged Battery
(Dynamic mass, 3 m/s, 300 cycles)",
183.0,1500.0,3.0,31.32,2.9755,2.8502,7.081,10.527,500.0,0,1,"Scenario F2 — Aged Battery
(Dynamic mass, 3 m/s, 300 cycles)",
184.0,1500.0,3.0,31.06,2.9507,2.8502,7.081,10.519,500.0,0,1,"Scenario F2 — Aged Battery
(Dynamic mass, 3 m/s, 300 cycles)",
185.0,1500.0,3.0,30.8,2.9259,2.8502,7.081,10.511,500.0,0,1,"Scenario F2 — Aged Battery
(Dynamic mass, 3 m/s, 300 cycles)",
186.0,1500.0,3.0,30.54,2.9011,2.8502,7.081,10.504,500.0,0,1,"Scenario F2 — Aged Battery
(Dynamic mass, 3 m/s, 300 cycles)",
187.0,1500.0,3.0,30.28,2.8763,2.8502,7.081,10.496,500.0,0,1,"Scenario F2 — Aged Battery
(Dynamic mass, 3 m/s, 300 cycles)",
188.0,1500.0,3.0,30.02,2.8516,2.8502,7.081,10.487,500.0,0,1,"Scenario F2 — Aged Battery
(Dynamic mass, 3 m/s, 300 cycles)",
189.0,1500.0,3.0,29.76,2.8268,2.8502,7.081,10.479,500.0,1,1,"Scenario F2 — Aged Battery
(Dynamic mass, 3 m/s, 300 cycles)",1000.0
0.0,2500.0,3.0,79.47,7.5498,0.118,14.663,10.598,0.0,0,1,"Scenario F3 — Old Battery
(Dynamic mass, 3 m/s, 500 cycles)",
1.0,2483.3,3.0,78.94,7.4989,0.1169,14.521,10.602,5.0,0,1,"Scenario F3 — Old Battery
(Dynamic mass, 3 m/s, 500 cycles)",
2.0,2466.6,3.0,78.41,7.4486,0.1158,14.38,10.605,10.0,0,1,"Scenario F3 — Old Battery
(Dynamic mass, 3 m/s, 500 cycles)",
3.0,2449.9,3.0,77.88,7.3988,0.1719,14.24,10.609,15.0,0,1,"Scenario F3 — Old Battery
(Dynamic mass, 3 m/s, 500 cycles)",
4.0,2433.2,3.0,77.36,7.3494,0.227,14.099,10.612,20.0,0,1,"Scenario F3 — Old Battery
(Dynamic mass, 3 m/s, 500 cycles)",
5.0,2416.5,3.0,76.85,7.3006,0.2809,13.959,10.616,25.0,0,1,"Scenario F3 — Old Battery
(Dynamic mass, 3 m/s, 500 cycles)",
6.0,2399.8,3.0,76.34,7.2522,0.3338,13.82,10.62,30.0,0,1,"Scenario F3 — Old Battery
(Dynamic mass, 3 m/s, 500 cycles)",
7.0,2383.1,3.0,75.83,7.2043,0.3855,13.681,10.623,35.0,0,1,"Scenario F3 — Old Battery
(Dynamic mass, 3 m/s, 500 cycles)",
8.0,2366.4,3.0,75.34,7.1569,0.4361,13.543,10.627,40.0,0,1,"Scenario F3 — Old Battery
(Dynamic mass, 3 m/s, 500 cycles)",
9.0,2349.7,3.0,74.84,7.11,0.4856,13.405,10.631,45.0,0,1,"Scenario F3 — Old Battery
(Dynamic mass, 3 m/s, 500 cycles)",
10.0,2333.0,3.0,74.35,7.0636,0.534,13.268,10.635,50.0,0,1,"Scenario F3 — Old Battery
(Dynamic mass, 3 m/s, 500 cycles)",
11.0,2316.3,3.0,73.87,7.0176,0.5814,13.131,10.639,55.0,0,1,"Scenario F3 — Old Battery
(Dynamic mass, 3 m/s, 500 cycles)",
12.0,2299.6,3.0,73.39,6.9721,0.6276,12.995,10.643,60.0,0,1,"Scenario F3 — Old Battery
(Dynamic mass, 3 m/s, 500 cycles)",
13.0,2282.9,3.0,72.92,6.9271,0.6728,12.859,10.647,65.0,0,1,"Scenario F3 — Old Battery
(Dynamic mass, 3 m/s, 500 cycles)",
14.0,2266.2,3.0,72.45,6.8826,0.717,12.723,10.652,70.0,0,1,"Scenario F3 — Old Battery
(Dynamic mass, 3 m/s, 500 cycles)",
15.0,2249.5,3.0,71.98,6.8385,0.76,12.588,10.656,75.0,0,1,"Scenario F3 — Old Battery
(Dynamic mass, 3 m/s, 500 cycles)",
16.0,2232.8,3.0,71.53,6.7949,0.802,12.454,10.66,80.0,0,1,"Scenario F3 — Old Battery
(Dynamic mass, 3 m/s, 500 cycles)",
17.0,2216.1,3.0,71.07,6.7518,0.843,12.32,10.665,85.0,0,1,"Scenario F3 — Old Battery
(Dynamic mass, 3 m/s, 500 cycles)",
18.0,2199.4,3.0,70.62,6.7092,0.8829,12.187,10.67,90.0,0,1,"Scenario F3 — Old Battery
(Dynamic mass, 3 m/s, 500 cycles)",
19.0,2182.7,3.0,70.18,6.667,0.9218,12.054,10.675,95.0,0,1,"Scenario F3 — Old Battery
(Dynamic mass, 3 m/s, 500 cycles)",
20.0,2166.0,3.0,69.74,6.6252,0.9597,11.921,10.68,100.0,0,1,"Scenario F3 — Old Battery
(Dynamic mass, 3 m/s, 500 cycles)",
21.0,2149.3,3.0,69.31,6.584,0.9965,11.79,10.685,105.0,0,1,"Scenario F3 — Old Battery
(Dynamic mass, 3 m/s, 500 cycles)",
22.0,2132.6,3.0,68.88,6.5432,1.0323,11.658,10.69,110.0,0,1,"Scenario F3 — Old Battery
(Dynamic mass, 3 m/s, 500 cycles)",
23.0,2115.9,3.0,68.45,6.5028,1.0672,11.527,10.695,115.0,0,1,"Scenario F3 — Old Battery
(Dynamic mass, 3 m/s, 500 cycles)",
24.0,2099.2,3.0,68.03,6.4629,1.101,11.397,10.701,120.0,0,1,"Scenario F3 — Old Battery
(Dynamic mass, 3 m/s, 500 cycles)",
25.0,2082.5,3.0,67.62,6.4235,1.1338,11.267,10.706,125.0,0,1,"Scenario F3 — Old Battery
(Dynamic mass, 3 m/s, 500 cycles)",
26.0,2065.8,3.0,67.21,6.3845,1.1656,11.138,10.712,130.0,0,1,"Scenario F3 — Old Battery
(Dynamic mass, 3 m/s, 500 cycles)",
27.0,2049.1,3.0,66.8,6.346,1.1964,11.009,10.718,135.0,0,1,"Scenario F3 — Old Battery
(Dynamic mass, 3 m/s, 500 cycles)",
28.0,2032.4,3.0,66.4,6.3079,1.2263,10.881,10.724,140.0,0,1,"Scenario F3 — Old Battery
(Dynamic mass, 3 m/s, 500 cycles)",
29.0,2015.7,3.0,66.0,6.2703,1.2552,10.753,10.73,145.0,0,1,"Scenario F3 — Old Battery
(Dynamic mass, 3 m/s, 500 cycles)",
30.0,1999.0,3.0,65.61,6.2331,1.2831,10.626,10.736,150.0,0,1,"Scenario F3 — Old Battery
(Dynamic mass, 3 m/s, 500 cycles)",
31.0,1982.3,3.0,65.22,6.1963,1.3101,10.499,10.742,155.0,0,1,"Scenario F3 — Old Battery
(Dynamic mass, 3 m/s, 500 cycles)",
32.0,1965.6,3.0,64.84,6.16,1.3361,10.373,10.748,160.0,0,1,"Scenario F3 — Old Battery
(Dynamic mass, 3 m/s, 500 cycles)",
33.0,1948.9,3.0,64.46,6.1242,1.3612,10.248,10.755,165.0,0,1,"Scenario F3 — Old Battery
(Dynamic mass, 3 m/s, 500 cycles)",
34.0,1932.2,3.0,64.09,6.0887,1.3853,10.123,10.761,170.0,0,1,"Scenario F3 — Old Battery
(Dynamic mass, 3 m/s, 500 cycles)",
35.0,1915.5,3.0,63.72,6.0537,1.4085,9.998,10.768,175.0,0,1,"Scenario F3 — Old Battery
(Dynamic mass, 3 m/s, 500 cycles)",
36.0,1898.8,3.0,63.36,6.0192,1.4308,9.874,10.774,180.0,0,1,"Scenario F3 — Old Battery
(Dynamic mass, 3 m/s, 500 cycles)",
37.0,1882.1,3.0,63.0,5.985,1.4521,9.751,10.781,185.0,0,1,"Scenario F3 — Old Battery
(Dynamic mass, 3 m/s, 500 cycles)",
38.0,1865.4,3.0,62.65,5.9514,1.4726,9.628,10.788,190.0,0,1,"Scenario F3 — Old Battery
(Dynamic mass, 3 m/s, 500 cycles)",
39.0,1848.7,3.0,62.3,5.9181,1.4921,9.506,10.795,195.0,0,1,"Scenario F3 — Old Battery
(Dynamic mass, 3 m/s, 500 cycles)",
40.0,1832.0,3.0,61.95,5.8852,1.5108,9.384,10.802,200.0,0,1,"Scenario F3 — Old Battery
(Dynamic mass, 3 m/s, 500 cycles)",
41.0,1815.3,3.0,61.61,5.8528,1.5286,9.263,10.809,205.0,0,1,"Scenario F3 — Old Battery
(Dynamic mass, 3 m/s, 500 cycles)",
42.0,1798.6,3.0,61.27,5.8208,1.5454,9.142,10.816,210.0,0,1,"Scenario F3 — Old Battery
(Dynamic mass, 3 m/s, 500 cycles)",
43.0,1781.9,3.0,60.94,5.7892,1.5614,9.022,10.823,215.0,0,1,"Scenario F3 — Old Battery
(Dynamic mass, 3 m/s, 500 cycles)",
44.0,1765.2,3.0,60.61,5.7581,1.5766,8.902,10.83,220.0,0,1,"Scenario F3 — Old Battery
(Dynamic mass, 3 m/s, 500 cycles)",
45.0,1748.5,3.0,60.29,5.7273,1.5909,8.783,10.838,225.0,0,1,"Scenario F3 — Old Battery
(Dynamic mass, 3 m/s, 500 cycles)",
46.0,1731.8,3.0,59.97,5.697,1.6043,8.665,10.845,230.0,0,1,"Scenario F3 — Old Battery
(Dynamic mass, 3 m/s, 500 cycles)",
47.0,1715.1,3.0,59.65,5.6671,1.6169,8.547,10.853,235.0,0,1,"Scenario F3 — Old Battery
(Dynamic mass, 3 m/s, 500 cycles)",
48.0,1698.4,3.0,59.34,5.6376,1.6286,8.43,10.86,240.0,0,1,"Scenario F3 — Old Battery
(Dynamic mass, 3 m/s, 500 cycles)",
49.0,1681.7,3.0,59.04,5.6085,1.6395,8.313,10.868,245.0,0,1,"Scenario F3 — Old Battery
(Dynamic mass, 3 m/s, 500 cycles)",
50.0,1665.0,3.0,58.73,5.5798,1.6496,8.197,10.875,250.0,0,1,"Scenario F3 — Old Battery
(Dynamic mass, 3 m/s, 500 cycles)",
51.0,1648.3,3.0,58.44,5.5515,1.6589,8.081,10.883,255.0,0,1,"Scenario F3 — Old Battery
(Dynamic mass, 3 m/s, 500 cycles)",
52.0,1631.6,3.0,58.14,5.5237,1.6674,7.966,10.891,260.0,0,1,"Scenario F3 — Old Battery
(Dynamic mass, 3 m/s, 500 cycles)",
53.0,1614.9,3.0,57.85,5.4962,1.675,7.852,10.898,265.0,0,1,"Scenario F3 — Old Battery
(Dynamic mass, 3 m/s, 500 cycles)",
54.0,1598.2,3.0,57.57,5.4691,1.6819,7.738,10.906,270.0,0,1,"Scenario F3 — Old Battery
(Dynamic mass, 3 m/s, 500 cycles)",
55.0,1581.5,3.0,57.29,5.4424,1.688,7.625,10.914,275.0,0,1,"Scenario F3 — Old Battery
(Dynamic mass, 3 m/s, 500 cycles)",
56.0,1564.8,3.0,57.01,5.4161,1.6933,7.512,10.922,280.0,0,1,"Scenario F3 — Old Battery
(Dynamic mass, 3 m/s, 500 cycles)",
57.0,1548.1,3.0,56.74,5.3902,1.6978,7.4,10.93,285.0,0,1,"Scenario F3 — Old Battery
(Dynamic mass, 3 m/s, 500 cycles)",
58.0,1531.4,3.0,56.47,5.3647,1.7016,7.289,10.938,290.0,0,1,"Scenario F3 — Old Battery
(Dynamic mass, 3 m/s, 500 cycles)",
59.0,1514.7,3.0,56.21,5.3396,1.7047,7.178,10.946,295.0,0,1,"Scenario F3 — Old Battery
(Dynamic mass, 3 m/s, 500 cycles)",
60.0,1500.0,3.0,55.95,5.3148,1.7101,7.081,10.952,300.0,0,1,"Scenario F3 — Old Battery
(Dynamic mass, 3 m/s, 500 cycles)",
61.0,1500.0,3.0,55.68,5.29,1.7386,7.081,10.948,305.0,0,1,"Scenario F3 — Old Battery
(Dynamic mass, 3 m/s, 500 cycles)",
62.0,1500.0,3.0,55.42,5.2652,1.7671,7.081,10.943,310.0,0,1,"Scenario F3 — Old Battery
(Dynamic mass, 3 m/s, 500 cycles)",
63.0,1500.0,3.0,55.16,5.2404,1.7956,7.081,10.939,315.0,0,1,"Scenario F3 — Old Battery
(Dynamic mass, 3 m/s, 500 cycles)",
64.0,1500.0,3.0,54.9,5.2156,1.8241,7.081,10.935,320.0,0,1,"Scenario F3 — Old Battery
(Dynamic mass, 3 m/s, 500 cycles)",
65.0,1500.0,3.0,54.64,5.1909,1.8526,7.081,10.931,325.0,0,1,"Scenario F3 — Old Battery
(Dynamic mass, 3 m/s, 500 cycles)",
66.0,1500.0,3.0,54.38,5.1661,1.8811,7.081,10.927,330.0,0,1,"Scenario F3 — Old Battery
(Dynamic mass, 3 m/s, 500 cycles)",
67.0,1500.0,3.0,54.12,5.1413,1.9096,7.081,10.922,335.0,0,1,"Scenario F3 — Old Battery
(Dynamic mass, 3 m/s, 500 cycles)",
68.0,1500.0,3.0,53.86,5.1165,1.9381,7.081,10.918,340.0,0,1,"Scenario F3 — Old Battery
(Dynamic mass, 3 m/s, 500 cycles)",
69.0,1500.0,3.0,53.6,5.0917,1.9666,7.081,10.914,345.0,0,1,"Scenario F3 — Old Battery
(Dynamic mass, 3 m/s, 500 cycles)",
70.0,1500.0,3.0,53.34,5.0669,1.9951,7.081,10.91,350.0,0,1,"Scenario F3 — Old Battery
(Dynamic mass, 3 m/s, 500 cycles)",
71.0,1500.0,3.0,53.08,5.0422,2.0236,7.081,10.906,355.0,0,1,"Scenario F3 — Old Battery
(Dynamic mass, 3 m/s, 500 cycles)",
72.0,1500.0,3.0,52.81,5.0174,2.0522,7.081,10.902,360.0,0,1,"Scenario F3 — Old Battery
(Dynamic mass, 3 m/s, 500 cycles)",
73.0,1500.0,3.0,52.55,4.9926,2.0807,7.081,10.898,365.0,0,1,"Scenario F3 — Old Battery
(Dynamic mass, 3 m/s, 500 cycles)",
74.0,1500.0,3.0,52.29,4.9678,2.1092,7.081,10.894,370.0,0,1,"Scenario F3 — Old Battery
(Dynamic mass, 3 m/s, 500 cycles)",
75.0,1500.0,3.0,52.03,4.943,2.1377,7.081,10.891,375.0,0,1,"Scenario F3 — Old Battery
(Dynamic mass, 3 m/s, 500 cycles)",
76.0,1500.0,3.0,51.77,4.9182,2.1662,7.081,10.887,380.0,0,1,"Scenario F3 — Old Battery
(Dynamic mass, 3 m/s, 500 cycles)",
77.0,1500.0,3.0,51.51,4.8934,2.1947,7.081,10.883,385.0,0,1,"Scenario F3 — Old Battery
(Dynamic mass, 3 m/s, 500 cycles)",
78.0,1500.0,3.0,51.25,4.8687,2.2232,7.081,10.879,390.0,0,1,"Scenario F3 — Old Battery
(Dynamic mass, 3 m/s, 500 cycles)",
79.0,1500.0,3.0,50.99,4.8439,2.2517,7.081,10.875,395.0,0,1,"Scenario F3 — Old Battery
(Dynamic mass, 3 m/s, 500 cycles)",
80.0,1500.0,3.0,50.73,4.8191,2.2802,7.081,10.871,400.0,0,1,"Scenario F3 — Old Battery
(Dynamic mass, 3 m/s, 500 cycles)",
81.0,1500.0,3.0,50.47,4.7943,2.3087,7.081,10.868,405.0,0,1,"Scenario F3 — Old Battery
(Dynamic mass, 3 m/s, 500 cycles)",
82.0,1500.0,3.0,50.21,4.7695,2.3372,7.081,10.864,410.0,0,1,"Scenario F3 — Old Battery
(Dynamic mass, 3 m/s, 500 cycles)",
83.0,1500.0,3.0,49.94,4.7447,2.3657,7.081,10.86,415.0,0,1,"Scenario F3 — Old Battery
(Dynamic mass, 3 m/s, 500 cycles)",
84.0,1500.0,3.0,49.68,4.72,2.3942,7.081,10.856,420.0,0,1,"Scenario F3 — Old Battery
(Dynamic mass, 3 m/s, 500 cycles)",
85.0,1500.0,3.0,49.42,4.6952,2.4227,7.081,10.853,425.0,0,1,"Scenario F3 — Old Battery
(Dynamic mass, 3 m/s, 500 cycles)",
86.0,1500.0,3.0,49.16,4.6704,2.4512,7.081,10.849,430.0,0,1,"Scenario F3 — Old Battery
(Dynamic mass, 3 m/s, 500 cycles)",
87.0,1500.0,3.0,48.9,4.6456,2.4797,7.081,10.845,435.0,0,1,"Scenario F3 — Old Battery
(Dynamic mass, 3 m/s, 500 cycles)",
88.0,1500.0,3.0,48.64,4.6208,2.5082,7.081,10.841,440.0,0,1,"Scenario F3 — Old Battery
(Dynamic mass, 3 m/s, 500 cycles)",
89.0,1500.0,3.0,48.38,4.596,2.5367,7.081,10.838,445.0,0,1,"Scenario F3 — Old Battery
(Dynamic mass, 3 m/s, 500 cycles)",
90.0,1500.0,3.0,48.12,4.5712,2.5652,7.081,10.834,450.0,0,1,"Scenario F3 — Old Battery
(Dynamic mass, 3 m/s, 500 cycles)",
91.0,1500.0,3.0,47.86,4.5465,2.5937,7.081,10.83,455.0,0,1,"Scenario F3 — Old Battery
(Dynamic mass, 3 m/s, 500 cycles)",
92.0,1500.0,3.0,47.6,4.5217,2.6222,7.081,10.827,460.0,0,1,"Scenario F3 — Old Battery
(Dynamic mass, 3 m/s, 500 cycles)",
93.0,1500.0,3.0,47.34,4.4969,2.6507,7.081,10.823,465.0,0,1,"Scenario F3 — Old Battery
(Dynamic mass, 3 m/s, 500 cycles)",
94.0,1500.0,3.0,47.07,4.4721,2.6792,7.081,10.819,470.0,0,1,"Scenario F3 — Old Battery
(Dynamic mass, 3 m/s, 500 cycles)",
95.0,1500.0,3.0,46.81,4.4473,2.7077,7.081,10.816,475.0,0,1,"Scenario F3 — Old Battery
(Dynamic mass, 3 m/s, 500 cycles)",
96.0,1500.0,3.0,46.55,4.4225,2.7362,7.081,10.812,480.0,0,1,"Scenario F3 — Old Battery
(Dynamic mass, 3 m/s, 500 cycles)",
97.0,1500.0,3.0,46.29,4.3978,2.7647,7.081,10.808,485.0,0,1,"Scenario F3 — Old Battery
(Dynamic mass, 3 m/s, 500 cycles)",
98.0,1500.0,3.0,46.03,4.373,2.7932,7.081,10.805,490.0,0,1,"Scenario F3 — Old Battery
(Dynamic mass, 3 m/s, 500 cycles)",
99.0,1500.0,3.0,45.77,4.3482,2.8217,7.081,10.801,495.0,0,1,"Scenario F3 — Old Battery
(Dynamic mass, 3 m/s, 500 cycles)",
100.0,1500.0,3.0,45.51,4.3234,2.8502,7.081,10.797,500.0,0,1,"Scenario F3 — Old Battery
(Dynamic mass, 3 m/s, 500 cycles)",
101.0,1500.0,3.0,45.25,4.2986,2.8502,7.081,10.794,500.0,0,1,"Scenario F3 — Old Battery
(Dynamic mass, 3 m/s, 500 cycles)",
102.0,1500.0,3.0,44.99,4.2738,2.8502,7.081,10.79,500.0,0,1,"Scenario F3 — Old Battery
(Dynamic mass, 3 m/s, 500 cycles)",
103.0,1500.0,3.0,44.73,4.2491,2.8502,7.081,10.786,500.0,0,1,"Scenario F3 — Old Battery
(Dynamic mass, 3 m/s, 500 cycles)",
104.0,1500.0,3.0,44.47,4.2243,2.8502,7.081,10.782,500.0,0,1,"Scenario F3 — Old Battery
(Dynamic mass, 3 m/s, 500 cycles)",
105.0,1500.0,3.0,44.21,4.1995,2.8502,7.081,10.779,500.0,0,1,"Scenario F3 — Old Battery
(Dynamic mass, 3 m/s, 500 cycles)",
106.0,1500.0,3.0,43.94,4.1747,2.8502,7.081,10.775,500.0,0,1,"Scenario F3 — Old Battery
(Dynamic mass, 3 m/s, 500 cycles)",
107.0,1500.0,3.0,43.68,4.1499,2.8502,7.081,10.771,500.0,0,1,"Scenario F3 — Old Battery
(Dynamic mass, 3 m/s, 500 cycles)",
108.0,1500.0,3.0,43.42,4.1251,2.8502,7.081,10.767,500.0,0,1,"Scenario F3 — Old Battery
(Dynamic mass, 3 m/s, 500 cycles)",
109.0,1500.0,3.0,43.16,4.1003,2.8502,7.081,10.763,500.0,0,1,"Scenario F3 — Old Battery
(Dynamic mass, 3 m/s, 500 cycles)",
110.0,1500.0,3.0,42.9,4.0756,2.8502,7.081,10.76,500.0,0,1,"Scenario F3 — Old Battery
(Dynamic mass, 3 m/s, 500 cycles)",
111.0,1500.0,3.0,42.64,4.0508,2.8502,7.081,10.756,500.0,0,1,"Scenario F3 — Old Battery
(Dynamic mass, 3 m/s, 500 cycles)",
112.0,1500.0,3.0,42.38,4.026,2.8502,7.081,10.752,500.0,0,1,"Scenario F3 — Old Battery
(Dynamic mass, 3 m/s, 500 cycles)",
113.0,1500.0,3.0,42.12,4.0012,2.8502,7.081,10.748,500.0,0,1,"Scenario F3 — Old Battery
(Dynamic mass, 3 m/s, 500 cycles)",
114.0,1500.0,3.0,41.86,3.9764,2.8502,7.081,10.744,500.0,0,1,"Scenario F3 — Old Battery
(Dynamic mass, 3 m/s, 500 cycles)",
115.0,1500.0,3.0,41.6,3.9516,2.8502,7.081,10.74,500.0,0,1,"Scenario F3 — Old Battery
(Dynamic mass, 3 m/s, 500 cycles)",
116.0,1500.0,3.0,41.34,3.9269,2.8502,7.081,10.736,500.0,0,1,"Scenario F3 — Old Battery
(Dynamic mass, 3 m/s, 500 cycles)",
117.0,1500.0,3.0,41.07,3.9021,2.8502,7.081,10.732,500.0,0,1,"Scenario F3 — Old Battery
(Dynamic mass, 3 m/s, 500 cycles)",
118.0,1500.0,3.0,40.81,3.8773,2.8502,7.081,10.727,500.0,0,1,"Scenario F3 — Old Battery
(Dynamic mass, 3 m/s, 500 cycles)",
119.0,1500.0,3.0,40.55,3.8525,2.8502,7.081,10.723,500.0,0,1,"Scenario F3 — Old Battery
(Dynamic mass, 3 m/s, 500 cycles)",
120.0,1500.0,3.0,40.29,3.8277,2.8502,7.081,10.719,500.0,0,1,"Scenario F3 — Old Battery
(Dynamic mass, 3 m/s, 500 cycles)",
121.0,1500.0,3.0,40.03,3.8029,2.8502,7.081,10.715,500.0,0,1,"Scenario F3 — Old Battery
(Dynamic mass, 3 m/s, 500 cycles)",
122.0,1500.0,3.0,39.77,3.7781,2.8502,7.081,10.71,500.0,0,1,"Scenario F3 — Old Battery
(Dynamic mass, 3 m/s, 500 cycles)",
123.0,1500.0,3.0,39.51,3.7534,2.8502,7.081,10.706,500.0,0,1,"Scenario F3 — Old Battery
(Dynamic mass, 3 m/s, 500 cycles)",
124.0,1500.0,3.0,39.25,3.7286,2.8502,7.081,10.702,500.0,0,1,"Scenario F3 — Old Battery
(Dynamic mass, 3 m/s, 500 cycles)",
125.0,1500.0,3.0,38.99,3.7038,2.8502,7.081,10.697,500.0,0,1,"Scenario F3 — Old Battery
(Dynamic mass, 3 m/s, 500 cycles)",
126.0,1500.0,3.0,38.73,3.679,2.8502,7.081,10.693,500.0,0,1,"Scenario F3 — Old Battery
(Dynamic mass, 3 m/s, 500 cycles)",
127.0,1500.0,3.0,38.47,3.6542,2.8502,7.081,10.688,500.0,0,1,"Scenario F3 — Old Battery
(Dynamic mass, 3 m/s, 500 cycles)",
128.0,1500.0,3.0,38.2,3.6294,2.8502,7.081,10.683,500.0,0,1,"Scenario F3 — Old Battery
(Dynamic mass, 3 m/s, 500 cycles)",
129.0,1500.0,3.0,37.94,3.6047,2.8502,7.081,10.678,500.0,0,1,"Scenario F3 — Old Battery
(Dynamic mass, 3 m/s, 500 cycles)",
130.0,1500.0,3.0,37.68,3.5799,2.8502,7.081,10.674,500.0,0,1,"Scenario F3 — Old Battery
(Dynamic mass, 3 m/s, 500 cycles)",
131.0,1500.0,3.0,37.42,3.5551,2.8502,7.081,10.669,500.0,0,1,"Scenario F3 — Old Battery
(Dynamic mass, 3 m/s, 500 cycles)",
132.0,1500.0,3.0,37.16,3.5303,2.8502,7.081,10.664,500.0,0,1,"Scenario F3 — Old Battery
(Dynamic mass, 3 m/s, 500 cycles)",
133.0,1500.0,3.0,36.9,3.5055,2.8502,7.081,10.659,500.0,0,1,"Scenario F3 — Old Battery
(Dynamic mass, 3 m/s, 500 cycles)",
134.0,1500.0,3.0,36.64,3.4807,2.8502,7.081,10.654,500.0,0,1,"Scenario F3 — Old Battery
(Dynamic mass, 3 m/s, 500 cycles)",
135.0,1500.0,3.0,36.38,3.4559,2.8502,7.081,10.648,500.0,0,1,"Scenario F3 — Old Battery
(Dynamic mass, 3 m/s, 500 cycles)",
136.0,1500.0,3.0,36.12,3.4312,2.8502,7.081,10.643,500.0,0,1,"Scenario F3 — Old Battery
(Dynamic mass, 3 m/s, 500 cycles)",
137.0,1500.0,3.0,35.86,3.4064,2.8502,7.081,10.638,500.0,0,1,"Scenario F3 — Old Battery
(Dynamic mass, 3 m/s, 500 cycles)",
138.0,1500.0,3.0,35.6,3.3816,2.8502,7.081,10.632,500.0,0,1,"Scenario F3 — Old Battery
(Dynamic mass, 3 m/s, 500 cycles)",
139.0,1500.0,3.0,35.33,3.3568,2.8502,7.081,10.627,500.0,0,1,"Scenario F3 — Old Battery
(Dynamic mass, 3 m/s, 500 cycles)",
140.0,1500.0,3.0,35.07,3.332,2.8502,7.081,10.621,500.0,0,1,"Scenario F3 — Old Battery
(Dynamic mass, 3 m/s, 500 cycles)",
141.0,1500.0,3.0,34.81,3.3072,2.8502,7.081,10.615,500.0,0,1,"Scenario F3 — Old Battery
(Dynamic mass, 3 m/s, 500 cycles)",
142.0,1500.0,3.0,34.55,3.2825,2.8502,7.081,10.609,500.0,0,1,"Scenario F3 — Old Battery
(Dynamic mass, 3 m/s, 500 cycles)",
143.0,1500.0,3.0,34.29,3.2577,2.8502,7.081,10.603,500.0,0,1,"Scenario F3 — Old Battery
(Dynamic mass, 3 m/s, 500 cycles)",
144.0,1500.0,3.0,34.03,3.2329,2.8502,7.081,10.597,500.0,0,1,"Scenario F3 — Old Battery
(Dynamic mass, 3 m/s, 500 cycles)",
145.0,1500.0,3.0,33.77,3.2081,2.8502,7.081,10.591,500.0,0,1,"Scenario F3 — Old Battery
(Dynamic mass, 3 m/s, 500 cycles)",
146.0,1500.0,3.0,33.51,3.1833,2.8502,7.081,10.585,500.0,0,1,"Scenario F3 — Old Battery
(Dynamic mass, 3 m/s, 500 cycles)",
147.0,1500.0,3.0,33.25,3.1585,2.8502,7.081,10.578,500.0,0,1,"Scenario F3 — Old Battery
(Dynamic mass, 3 m/s, 500 cycles)",
148.0,1500.0,3.0,32.99,3.1338,2.8502,7.081,10.572,500.0,0,1,"Scenario F3 — Old Battery
(Dynamic mass, 3 m/s, 500 cycles)",
149.0,1500.0,3.0,32.73,3.109,2.8502,7.081,10.565,500.0,0,1,"Scenario F3 — Old Battery
(Dynamic mass, 3 m/s, 500 cycles)",
150.0,1500.0,3.0,32.47,3.0842,2.8502,7.081,10.558,500.0,0,1,"Scenario F3 — Old Battery
(Dynamic mass, 3 m/s, 500 cycles)",
151.0,1500.0,3.0,32.2,3.0594,2.8502,7.081,10.551,500.0,0,1,"Scenario F3 — Old Battery
(Dynamic mass, 3 m/s, 500 cycles)",
152.0,1500.0,3.0,31.94,3.0346,2.8502,7.081,10.544,500.0,0,1,"Scenario F3 — Old Battery
(Dynamic mass, 3 m/s, 500 cycles)",
153.0,1500.0,3.0,31.68,3.0098,2.8502,7.081,10.537,500.0,0,1,"Scenario F3 — Old Battery
(Dynamic mass, 3 m/s, 500 cycles)",
154.0,1500.0,3.0,31.42,2.985,2.8502,7.081,10.53,500.0,0,1,"Scenario F3 — Old Battery
(Dynamic mass, 3 m/s, 500 cycles)",
155.0,1500.0,3.0,31.16,2.9603,2.8502,7.081,10.522,500.0,0,1,"Scenario F3 — Old Battery
(Dynamic mass, 3 m/s, 500 cycles)",
156.0,1500.0,3.0,30.9,2.9355,2.8502,7.081,10.514,500.0,0,1,"Scenario F3 — Old Battery
(Dynamic mass, 3 m/s, 500 cycles)",
157.0,1500.0,3.0,30.64,2.9107,2.8502,7.081,10.507,500.0,0,1,"Scenario F3 — Old Battery
(Dynamic mass, 3 m/s, 500 cycles)",
158.0,1500.0,3.0,30.38,2.8859,2.8502,7.081,10.499,500.0,0,1,"Scenario F3 — Old Battery
(Dynamic mass, 3 m/s, 500 cycles)",
159.0,1500.0,3.0,30.12,2.8611,2.8502,7.081,10.491,500.0,0,1,"Scenario F3 — Old Battery
(Dynamic mass, 3 m/s, 500 cycles)",
160.0,1500.0,3.0,29.86,2.8363,2.8502,7.081,10.482,500.0,1,1,"Scenario F3 — Old Battery
(Dynamic mass, 3 m/s, 500 cycles)",1000.0
